[INFO] Scanning for projects...
[INFO] 
[INFO] -------------------------< org.example:demo10 >-------------------------
[INFO] Building demo10 0.0.1-SNAPSHOT
[INFO]   from pom.xml
[INFO] --------------------------------[ jar ]---------------------------------
[INFO] 
[INFO] >>> spring-boot:3.5.3:run (default-cli) > test-compile @ demo10 >>>
[INFO] 
[INFO] --- resources:3.3.1:resources (default-resources) @ demo10 ---
[INFO] Copying 1 resource from src/main/resources to target/classes
[INFO] Copying 0 resource from src/main/resources to target/classes
[INFO] 
[INFO] --- compiler:3.10.1:compile (default-compile) @ demo10 ---
[INFO] Nothing to compile - all classes are up to date
[INFO] 
[INFO] --- resources:3.3.1:testResources (default-testResources) @ demo10 ---
[INFO] skip non existing resourceDirectory /Users/mac/Desktop/PFE/Project/5skye-backend-main/src/test/resources
[INFO] 
[INFO] --- compiler:3.10.1:testCompile (default-testCompile) @ demo10 ---
[INFO] Changes detected - recompiling the module!
[INFO] Compiling 1 source file to /Users/mac/Desktop/PFE/Project/5skye-backend-main/target/test-classes
[INFO] 
[INFO] <<< spring-boot:3.5.3:run (default-cli) < test-compile @ demo10 <<<
[INFO] 
[INFO] 
[INFO] --- spring-boot:3.5.3:run (default-cli) @ demo10 ---
[INFO] Attaching agents: []

  .   ____          _            __ _ _
 /\\ / ___'_ __ _ _(_)_ __  __ _ \ \ \ \
( ( )\___ | '_ | '_| | '_ \/ _` | \ \ \ \
 \\/  ___)| |_)| | | | | || (_| |  ) ) ) )
  '  |____| .__|_| |_|_| |_\__, | / / / /
 =========|_|==============|___/=/_/_/_/

 :: Spring Boot ::                (v3.5.3)

2025-09-06T11:58:40.043+02:00  INFO 6906 --- [demo10] [           main] com.example.demo.Demo10Application       : Starting Demo10Application using Java 19 with PID 6906 (/Users/mac/Desktop/PFE/Project/5skye-backend-main/target/classes started by mac in /Users/mac/Desktop/PFE/Project/5skye-backend-main)
2025-09-06T11:58:40.045+02:00  INFO 6906 --- [demo10] [           main] com.example.demo.Demo10Application       : No active profile set, falling back to 1 default profile: "default"
2025-09-06T11:58:40.046+02:00 DEBUG 6906 --- [demo10] [           main] o.s.boot.SpringApplication               : Loading source class com.example.demo.Demo10Application
2025-09-06T11:58:40.064+02:00 DEBUG 6906 --- [demo10] [           main] ConfigServletWebServerApplicationContext : Refreshing org.springframework.boot.web.servlet.context.AnnotationConfigServletWebServerApplicationContext@5038d0b5
2025-09-06T11:58:40.072+02:00 DEBUG 6906 --- [demo10] [           main] o.s.b.f.s.DefaultListableBeanFactory     : Creating shared instance of singleton bean 'org.springframework.context.annotation.internalConfigurationAnnotationProcessor'
2025-09-06T11:58:40.077+02:00 DEBUG 6906 --- [demo10] [           main] o.s.b.f.s.DefaultListableBeanFactory     : Creating shared instance of singleton bean 'org.springframework.boot.autoconfigure.internalCachingMetadataReaderFactory'
2025-09-06T11:58:40.106+02:00 DEBUG 6906 --- [demo10] [           main] o.s.c.a.ClassPathBeanDefinitionScanner   : Identified candidate component class: file [/Users/mac/Desktop/PFE/Project/5skye-backend-main/target/classes/com/example/demo/GlobalExceptionHandler.class]
2025-09-06T11:58:40.108+02:00 DEBUG 6906 --- [demo10] [           main] o.s.c.a.ClassPathBeanDefinitionScanner   : Identified candidate component class: file [/Users/mac/Desktop/PFE/Project/5skye-backend-main/target/classes/com/example/demo/config/FileUploadConfig.class]
2025-09-06T11:58:40.114+02:00 DEBUG 6906 --- [demo10] [           main] o.s.c.a.ClassPathBeanDefinitionScanner   : Identified candidate component class: file [/Users/mac/Desktop/PFE/Project/5skye-backend-main/target/classes/com/example/demo/controller/AlertController.class]
2025-09-06T11:58:40.115+02:00 DEBUG 6906 --- [demo10] [           main] o.s.c.a.ClassPathBeanDefinitionScanner   : Identified candidate component class: file [/Users/mac/Desktop/PFE/Project/5skye-backend-main/target/classes/com/example/demo/controller/FileUploadController.class]
2025-09-06T11:58:40.115+02:00 DEBUG 6906 --- [demo10] [           main] o.s.c.a.ClassPathBeanDefinitionScanner   : Identified candidate component class: file [/Users/mac/Desktop/PFE/Project/5skye-backend-main/target/classes/com/example/demo/controller/HardwareController.class]
2025-09-06T11:58:40.115+02:00 DEBUG 6906 --- [demo10] [           main] o.s.c.a.ClassPathBeanDefinitionScanner   : Identified candidate component class: file [/Users/mac/Desktop/PFE/Project/5skye-backend-main/target/classes/com/example/demo/controller/HealthCheckController.class]
2025-09-06T11:58:40.115+02:00 DEBUG 6906 --- [demo10] [           main] o.s.c.a.ClassPathBeanDefinitionScanner   : Identified candidate component class: file [/Users/mac/Desktop/PFE/Project/5skye-backend-main/target/classes/com/example/demo/controller/MaintenanceController.class]
2025-09-06T11:58:40.116+02:00 DEBUG 6906 --- [demo10] [           main] o.s.c.a.ClassPathBeanDefinitionScanner   : Identified candidate component class: file [/Users/mac/Desktop/PFE/Project/5skye-backend-main/target/classes/com/example/demo/controller/TelemetryDataController.class]
2025-09-06T11:58:40.116+02:00 DEBUG 6906 --- [demo10] [           main] o.s.c.a.ClassPathBeanDefinitionScanner   : Identified candidate component class: file [/Users/mac/Desktop/PFE/Project/5skye-backend-main/target/classes/com/example/demo/controller/ThresholdRuleController.class]
2025-09-06T11:58:40.117+02:00 DEBUG 6906 --- [demo10] [           main] o.s.c.a.ClassPathBeanDefinitionScanner   : Identified candidate component class: file [/Users/mac/Desktop/PFE/Project/5skye-backend-main/target/classes/com/example/demo/controller/TowerController.class]
2025-09-06T11:58:40.119+02:00 DEBUG 6906 --- [demo10] [           main] o.s.c.a.ClassPathBeanDefinitionScanner   : Identified candidate component class: file [/Users/mac/Desktop/PFE/Project/5skye-backend-main/target/classes/com/example/demo/controller/UserController.class]
2025-09-06T11:58:40.123+02:00 DEBUG 6906 --- [demo10] [           main] o.s.c.a.ClassPathBeanDefinitionScanner   : Identified candidate component class: file [/Users/mac/Desktop/PFE/Project/5skye-backend-main/target/classes/com/example/demo/dto/mapper/AlertMapper.class]
2025-09-06T11:58:40.123+02:00 DEBUG 6906 --- [demo10] [           main] o.s.c.a.ClassPathBeanDefinitionScanner   : Identified candidate component class: file [/Users/mac/Desktop/PFE/Project/5skye-backend-main/target/classes/com/example/demo/dto/mapper/HardwareMapper.class]
2025-09-06T11:58:40.123+02:00 DEBUG 6906 --- [demo10] [           main] o.s.c.a.ClassPathBeanDefinitionScanner   : Identified candidate component class: file [/Users/mac/Desktop/PFE/Project/5skye-backend-main/target/classes/com/example/demo/dto/mapper/MaintenanceMapper.class]
2025-09-06T11:58:40.123+02:00 DEBUG 6906 --- [demo10] [           main] o.s.c.a.ClassPathBeanDefinitionScanner   : Identified candidate component class: file [/Users/mac/Desktop/PFE/Project/5skye-backend-main/target/classes/com/example/demo/dto/mapper/TelemetryDataMapper.class]
2025-09-06T11:58:40.124+02:00 DEBUG 6906 --- [demo10] [           main] o.s.c.a.ClassPathBeanDefinitionScanner   : Identified candidate component class: file [/Users/mac/Desktop/PFE/Project/5skye-backend-main/target/classes/com/example/demo/dto/mapper/ThresholdRuleMapper.class]
2025-09-06T11:58:40.124+02:00 DEBUG 6906 --- [demo10] [           main] o.s.c.a.ClassPathBeanDefinitionScanner   : Identified candidate component class: file [/Users/mac/Desktop/PFE/Project/5skye-backend-main/target/classes/com/example/demo/dto/mapper/TowerMapper.class]
2025-09-06T11:58:40.124+02:00 DEBUG 6906 --- [demo10] [           main] o.s.c.a.ClassPathBeanDefinitionScanner   : Identified candidate component class: file [/Users/mac/Desktop/PFE/Project/5skye-backend-main/target/classes/com/example/demo/dto/mapper/UserMapper.class]
2025-09-06T11:58:40.130+02:00 DEBUG 6906 --- [demo10] [           main] o.s.c.a.ClassPathBeanDefinitionScanner   : Ignored because not a concrete top-level class: file [/Users/mac/Desktop/PFE/Project/5skye-backend-main/target/classes/com/example/demo/repositories/AlertRepository.class]
2025-09-06T11:58:40.130+02:00 DEBUG 6906 --- [demo10] [           main] o.s.c.a.ClassPathBeanDefinitionScanner   : Ignored because not a concrete top-level class: file [/Users/mac/Desktop/PFE/Project/5skye-backend-main/target/classes/com/example/demo/repositories/HardwareRepository.class]
2025-09-06T11:58:40.132+02:00 DEBUG 6906 --- [demo10] [           main] o.s.c.a.ClassPathBeanDefinitionScanner   : Ignored because not a concrete top-level class: file [/Users/mac/Desktop/PFE/Project/5skye-backend-main/target/classes/com/example/demo/repositories/TelemetryDataRepository.class]
2025-09-06T11:58:40.132+02:00 DEBUG 6906 --- [demo10] [           main] o.s.c.a.ClassPathBeanDefinitionScanner   : Ignored because not a concrete top-level class: file [/Users/mac/Desktop/PFE/Project/5skye-backend-main/target/classes/com/example/demo/repositories/ThresholdRuleRepository.class]
2025-09-06T11:58:40.133+02:00 DEBUG 6906 --- [demo10] [           main] o.s.c.a.ClassPathBeanDefinitionScanner   : Ignored because not a concrete top-level class: file [/Users/mac/Desktop/PFE/Project/5skye-backend-main/target/classes/com/example/demo/repositories/TowerRepository.class]
2025-09-06T11:58:40.133+02:00 DEBUG 6906 --- [demo10] [           main] o.s.c.a.ClassPathBeanDefinitionScanner   : Ignored because not a concrete top-level class: file [/Users/mac/Desktop/PFE/Project/5skye-backend-main/target/classes/com/example/demo/repositories/UserRepository.class]
2025-09-06T11:58:40.133+02:00 DEBUG 6906 --- [demo10] [           main] o.s.c.a.ClassPathBeanDefinitionScanner   : Ignored because not a concrete top-level class: file [/Users/mac/Desktop/PFE/Project/5skye-backend-main/target/classes/com/example/demo/repository/MaintenanceRepository.class]
2025-09-06T11:58:40.134+02:00 DEBUG 6906 --- [demo10] [           main] o.s.c.a.ClassPathBeanDefinitionScanner   : Identified candidate component class: file [/Users/mac/Desktop/PFE/Project/5skye-backend-main/target/classes/com/example/demo/service/AlertService.class]
2025-09-06T11:58:40.134+02:00 DEBUG 6906 --- [demo10] [           main] o.s.c.a.ClassPathBeanDefinitionScanner   : Identified candidate component class: file [/Users/mac/Desktop/PFE/Project/5skye-backend-main/target/classes/com/example/demo/service/HardwareService.class]
2025-09-06T11:58:40.136+02:00 DEBUG 6906 --- [demo10] [           main] o.s.c.a.ClassPathBeanDefinitionScanner   : Identified candidate component class: file [/Users/mac/Desktop/PFE/Project/5skye-backend-main/target/classes/com/example/demo/service/MaintenanceService.class]
2025-09-06T11:58:40.136+02:00 DEBUG 6906 --- [demo10] [           main] o.s.c.a.ClassPathBeanDefinitionScanner   : Identified candidate component class: file [/Users/mac/Desktop/PFE/Project/5skye-backend-main/target/classes/com/example/demo/service/TelemetryDataService.class]
2025-09-06T11:58:40.136+02:00 DEBUG 6906 --- [demo10] [           main] o.s.c.a.ClassPathBeanDefinitionScanner   : Identified candidate component class: file [/Users/mac/Desktop/PFE/Project/5skye-backend-main/target/classes/com/example/demo/service/ThresholdRuleService.class]
2025-09-06T11:58:40.136+02:00 DEBUG 6906 --- [demo10] [           main] o.s.c.a.ClassPathBeanDefinitionScanner   : Identified candidate component class: file [/Users/mac/Desktop/PFE/Project/5skye-backend-main/target/classes/com/example/demo/service/TowerService.class]
2025-09-06T11:58:40.136+02:00 DEBUG 6906 --- [demo10] [           main] o.s.c.a.ClassPathBeanDefinitionScanner   : Identified candidate component class: file [/Users/mac/Desktop/PFE/Project/5skye-backend-main/target/classes/com/example/demo/service/UserService.class]
2025-09-06T11:58:40.325+02:00  INFO 6906 --- [demo10] [           main] .s.d.r.c.RepositoryConfigurationDelegate : Bootstrapping Spring Data JPA repositories in DEFAULT mode.
2025-09-06T11:58:40.330+02:00 DEBUG 6906 --- [demo10] [           main] o.s.b.f.s.DefaultListableBeanFactory     : Creating shared instance of singleton bean 'org.springframework.boot.autoconfigure.AutoConfigurationPackages'
2025-09-06T11:58:40.333+02:00 DEBUG 6906 --- [demo10] [           main] o.s.b.a.AutoConfigurationPackages        : @EnableAutoConfiguration was declared on a class in the package 'com.example.demo'. Automatic @Repository and @Entity scanning is enabled.
2025-09-06T11:58:40.333+02:00 DEBUG 6906 --- [demo10] [           main] .s.d.r.c.RepositoryConfigurationDelegate : Scanning for JPA repositories in packages com.example.demo.
2025-09-06T11:58:40.341+02:00 DEBUG 6906 --- [demo10] [           main] o.s.d.r.c.RepositoryComponentProvider    : Identified candidate component class: file [/Users/mac/Desktop/PFE/Project/5skye-backend-main/target/classes/com/example/demo/repositories/AlertRepository.class]
2025-09-06T11:58:40.341+02:00 DEBUG 6906 --- [demo10] [           main] o.s.d.r.c.RepositoryComponentProvider    : Identified candidate component class: file [/Users/mac/Desktop/PFE/Project/5skye-backend-main/target/classes/com/example/demo/repositories/HardwareRepository.class]
2025-09-06T11:58:40.341+02:00 DEBUG 6906 --- [demo10] [           main] o.s.d.r.c.RepositoryComponentProvider    : Identified candidate component class: file [/Users/mac/Desktop/PFE/Project/5skye-backend-main/target/classes/com/example/demo/repositories/TelemetryDataRepository.class]
2025-09-06T11:58:40.341+02:00 DEBUG 6906 --- [demo10] [           main] o.s.d.r.c.RepositoryComponentProvider    : Identified candidate component class: file [/Users/mac/Desktop/PFE/Project/5skye-backend-main/target/classes/com/example/demo/repositories/ThresholdRuleRepository.class]
2025-09-06T11:58:40.341+02:00 DEBUG 6906 --- [demo10] [           main] o.s.d.r.c.RepositoryComponentProvider    : Identified candidate component class: file [/Users/mac/Desktop/PFE/Project/5skye-backend-main/target/classes/com/example/demo/repositories/TowerRepository.class]
2025-09-06T11:58:40.341+02:00 DEBUG 6906 --- [demo10] [           main] o.s.d.r.c.RepositoryComponentProvider    : Identified candidate component class: file [/Users/mac/Desktop/PFE/Project/5skye-backend-main/target/classes/com/example/demo/repositories/UserRepository.class]
2025-09-06T11:58:40.341+02:00 DEBUG 6906 --- [demo10] [           main] o.s.d.r.c.RepositoryComponentProvider    : Identified candidate component class: file [/Users/mac/Desktop/PFE/Project/5skye-backend-main/target/classes/com/example/demo/repository/MaintenanceRepository.class]
2025-09-06T11:58:40.362+02:00  INFO 6906 --- [demo10] [           main] .s.d.r.c.RepositoryConfigurationDelegate : Finished Spring Data repository scanning in 27 ms. Found 7 JPA repository interfaces.
2025-09-06T11:58:40.427+02:00 DEBUG 6906 --- [demo10] [           main] o.s.b.f.s.DefaultListableBeanFactory     : Creating shared instance of singleton bean 'propertySourcesPlaceholderConfigurer'
2025-09-06T11:58:40.430+02:00 DEBUG 6906 --- [demo10] [           main] o.s.b.f.s.DefaultListableBeanFactory     : Creating shared instance of singleton bean 'emBeanDefinitionRegistrarPostProcessor'
2025-09-06T11:58:40.430+02:00 DEBUG 6906 --- [demo10] [           main] o.s.b.f.s.DefaultListableBeanFactory     : Creating shared instance of singleton bean 'org.springframework.boot.sql.init.dependency.DatabaseInitializationDependencyConfigurer$DependsOnDatabaseInitializationPostProcessor'
2025-09-06T11:58:40.445+02:00 DEBUG 6906 --- [demo10] [           main] o.s.b.f.s.DefaultListableBeanFactory     : Creating shared instance of singleton bean 'org.springframework.context.event.internalEventListenerProcessor'
2025-09-06T11:58:40.445+02:00 DEBUG 6906 --- [demo10] [           main] o.s.b.f.s.DefaultListableBeanFactory     : Creating shared instance of singleton bean 'bootstrapExecutorAliasPostProcessor'
2025-09-06T11:58:40.445+02:00 DEBUG 6906 --- [demo10] [           main] o.s.b.f.s.DefaultListableBeanFactory     : Creating shared instance of singleton bean 'preserveErrorControllerTargetClassPostProcessor'
2025-09-06T11:58:40.446+02:00 DEBUG 6906 --- [demo10] [           main] o.s.b.f.s.DefaultListableBeanFactory     : Creating shared instance of singleton bean 'org.springframework.context.event.internalEventListenerFactory'
2025-09-06T11:58:40.446+02:00 DEBUG 6906 --- [demo10] [           main] o.s.b.f.s.DefaultListableBeanFactory     : Creating shared instance of singleton bean 'org.springframework.transaction.config.internalTransactionalEventListenerFactory'
2025-09-06T11:58:40.447+02:00 DEBUG 6906 --- [demo10] [           main] o.s.b.f.s.DefaultListableBeanFactory     : Creating shared instance of singleton bean 'org.springframework.context.annotation.internalAutowiredAnnotationProcessor'
2025-09-06T11:58:40.448+02:00 DEBUG 6906 --- [demo10] [           main] o.s.b.f.s.DefaultListableBeanFactory     : Creating shared instance of singleton bean 'org.springframework.context.annotation.internalCommonAnnotationProcessor'
2025-09-06T11:58:40.449+02:00 DEBUG 6906 --- [demo10] [           main] o.s.b.f.s.DefaultListableBeanFactory     : Creating shared instance of singleton bean 'org.springframework.context.annotation.internalPersistenceAnnotationProcessor'
2025-09-06T11:58:40.449+02:00 DEBUG 6906 --- [demo10] [           main] o.s.b.f.s.DefaultListableBeanFactory     : Creating shared instance of singleton bean 'org.springframework.boot.context.properties.ConfigurationPropertiesBindingPostProcessor'
2025-09-06T11:58:40.449+02:00 DEBUG 6906 --- [demo10] [           main] o.s.b.f.s.DefaultListableBeanFactory     : Creating shared instance of singleton bean 'org.springframework.boot.context.internalConfigurationPropertiesBinder'
2025-09-06T11:58:40.450+02:00 DEBUG 6906 --- [demo10] [           main] o.s.b.f.s.DefaultListableBeanFactory     : Creating shared instance of singleton bean 'jdbcConnectionDetailsHikariBeanPostProcessor'
2025-09-06T11:58:40.452+02:00 DEBUG 6906 --- [demo10] [           main] o.s.b.f.s.DefaultListableBeanFactory     : Creating shared instance of singleton bean 'methodValidationPostProcessor'
2025-09-06T11:58:40.453+02:00 DEBUG 6906 --- [demo10] [           main] o.s.b.f.s.DefaultListableBeanFactory     : Autowiring by type from bean name 'methodValidationPostProcessor' via factory method to bean named 'environment'
2025-09-06T11:58:40.458+02:00 DEBUG 6906 --- [demo10] [           main] o.s.b.f.s.DefaultListableBeanFactory     : Creating shared instance of singleton bean 'org.springframework.boot.context.properties.EnableConfigurationPropertiesRegistrar.methodValidationExcludeFilter'
2025-09-06T11:58:40.465+02:00 DEBUG 6906 --- [demo10] [           main] o.s.b.f.s.DefaultListableBeanFactory     : Creating shared instance of singleton bean 'org.springframework.aop.config.internalAutoProxyCreator'
2025-09-06T11:58:40.473+02:00 DEBUG 6906 --- [demo10] [           main] o.s.b.f.s.DefaultListableBeanFactory     : Creating shared instance of singleton bean 'persistenceExceptionTranslationPostProcessor'
2025-09-06T11:58:40.474+02:00 DEBUG 6906 --- [demo10] [           main] o.s.b.f.s.DefaultListableBeanFactory     : Autowiring by type from bean name 'persistenceExceptionTranslationPostProcessor' via factory method to bean named 'environment'
2025-09-06T11:58:40.474+02:00 DEBUG 6906 --- [demo10] [           main] o.s.b.f.s.DefaultListableBeanFactory     : Creating shared instance of singleton bean 'webServerFactoryCustomizerBeanPostProcessor'
2025-09-06T11:58:40.474+02:00 DEBUG 6906 --- [demo10] [           main] o.s.b.f.s.DefaultListableBeanFactory     : Creating shared instance of singleton bean 'errorPageRegistrarBeanPostProcessor'
2025-09-06T11:58:40.474+02:00 DEBUG 6906 --- [demo10] [           main] o.s.b.f.s.DefaultListableBeanFactory     : Creating shared instance of singleton bean 'projectingArgumentResolverBeanPostProcessor'
2025-09-06T11:58:40.475+02:00 DEBUG 6906 --- [demo10] [           main] o.s.b.f.s.DefaultListableBeanFactory     : Creating shared instance of singleton bean 'org.springframework.transaction.config.internalTransactionAdvisor'
2025-09-06T11:58:40.475+02:00 DEBUG 6906 --- [demo10] [           main] o.s.b.f.s.DefaultListableBeanFactory     : Creating shared instance of singleton bean 'org.springframework.transaction.annotation.ProxyTransactionManagementConfiguration'
2025-09-06T11:58:40.480+02:00 DEBUG 6906 --- [demo10] [           main] o.s.b.f.s.DefaultListableBeanFactory     : Creating shared instance of singleton bean 'transactionAttributeSource'
2025-09-06T11:58:40.481+02:00 DEBUG 6906 --- [demo10] [           main] o.s.b.f.s.DefaultListableBeanFactory     : Creating shared instance of singleton bean 'transactionInterceptor'
2025-09-06T11:58:40.482+02:00 DEBUG 6906 --- [demo10] [           main] o.s.b.f.s.DefaultListableBeanFactory     : Autowiring by type from bean name 'transactionInterceptor' via factory method to bean named 'transactionAttributeSource'
2025-09-06T11:58:40.483+02:00 DEBUG 6906 --- [demo10] [           main] o.s.b.f.s.DefaultListableBeanFactory     : Autowiring by type from bean name 'org.springframework.transaction.config.internalTransactionAdvisor' via factory method to bean named 'transactionAttributeSource'
2025-09-06T11:58:40.483+02:00 DEBUG 6906 --- [demo10] [           main] o.s.b.f.s.DefaultListableBeanFactory     : Autowiring by type from bean name 'org.springframework.transaction.config.internalTransactionAdvisor' via factory method to bean named 'transactionInterceptor'
2025-09-06T11:58:40.495+02:00 DEBUG 6906 --- [demo10] [           main] o.s.u.c.s.UiApplicationContextUtils      : Unable to locate ThemeSource with name 'themeSource': using default [org.springframework.ui.context.support.ResourceBundleThemeSource@5d51e129]
2025-09-06T11:58:40.496+02:00 DEBUG 6906 --- [demo10] [           main] o.s.b.f.s.DefaultListableBeanFactory     : Creating shared instance of singleton bean 'tomcatServletWebServerFactory'
2025-09-06T11:58:40.496+02:00 DEBUG 6906 --- [demo10] [           main] o.s.b.f.s.DefaultListableBeanFactory     : Creating shared instance of singleton bean 'org.springframework.boot.autoconfigure.web.servlet.ServletWebServerFactoryConfiguration$EmbeddedTomcat'
2025-09-06T11:58:40.507+02:00 DEBUG 6906 --- [demo10] [           main] o.s.b.f.s.DefaultListableBeanFactory     : Creating shared instance of singleton bean 'websocketServletWebServerCustomizer'
2025-09-06T11:58:40.507+02:00 DEBUG 6906 --- [demo10] [           main] o.s.b.f.s.DefaultListableBeanFactory     : Creating shared instance of singleton bean 'org.springframework.boot.autoconfigure.websocket.servlet.WebSocketServletAutoConfiguration$TomcatWebSocketConfiguration'
2025-09-06T11:58:40.508+02:00 DEBUG 6906 --- [demo10] [           main] o.s.b.f.s.DefaultListableBeanFactory     : Creating shared instance of singleton bean 'servletWebServerFactoryCustomizer'
2025-09-06T11:58:40.508+02:00 DEBUG 6906 --- [demo10] [           main] o.s.b.f.s.DefaultListableBeanFactory     : Creating shared instance of singleton bean 'org.springframework.boot.autoconfigure.web.servlet.ServletWebServerFactoryAutoConfiguration'
2025-09-06T11:58:40.508+02:00 DEBUG 6906 --- [demo10] [           main] o.s.b.f.s.DefaultListableBeanFactory     : Creating shared instance of singleton bean 'server-org.springframework.boot.autoconfigure.web.ServerProperties'
2025-09-06T11:58:40.512+02:00 DEBUG 6906 --- [demo10] [           main] o.s.b.f.s.DefaultListableBeanFactory     : Creating shared instance of singleton bean 'org.springframework.boot.context.properties.BoundConfigurationProperties'
2025-09-06T11:58:40.516+02:00 DEBUG 6906 --- [demo10] [           main] o.s.b.f.s.DefaultListableBeanFactory     : Autowiring by type from bean name 'servletWebServerFactoryCustomizer' via factory method to bean named 'server-org.springframework.boot.autoconfigure.web.ServerProperties'
2025-09-06T11:58:40.517+02:00 DEBUG 6906 --- [demo10] [           main] o.s.b.f.s.DefaultListableBeanFactory     : Creating shared instance of singleton bean 'sslBundleRegistry'
2025-09-06T11:58:40.517+02:00 DEBUG 6906 --- [demo10] [           main] o.s.b.f.s.DefaultListableBeanFactory     : Creating shared instance of singleton bean 'org.springframework.boot.autoconfigure.ssl.SslAutoConfiguration'
2025-09-06T11:58:40.518+02:00 DEBUG 6906 --- [demo10] [           main] o.s.b.f.s.DefaultListableBeanFactory     : Creating shared instance of singleton bean 'spring.ssl-org.springframework.boot.autoconfigure.ssl.SslProperties'
2025-09-06T11:58:40.518+02:00 DEBUG 6906 --- [demo10] [           main] o.s.b.f.s.DefaultListableBeanFactory     : Autowiring by type from bean name 'org.springframework.boot.autoconfigure.ssl.SslAutoConfiguration' via constructor to bean named 'org.springframework.boot.web.servlet.context.AnnotationConfigServletWebServerApplicationContext@5038d0b5'
2025-09-06T11:58:40.518+02:00 DEBUG 6906 --- [demo10] [           main] o.s.b.f.s.DefaultListableBeanFactory     : Autowiring by type from bean name 'org.springframework.boot.autoconfigure.ssl.SslAutoConfiguration' via constructor to bean named 'spring.ssl-org.springframework.boot.autoconfigure.ssl.SslProperties'
2025-09-06T11:58:40.520+02:00 DEBUG 6906 --- [demo10] [           main] o.s.b.f.s.DefaultListableBeanFactory     : Creating shared instance of singleton bean 'sslPropertiesSslBundleRegistrar'
2025-09-06T11:58:40.520+02:00 DEBUG 6906 --- [demo10] [           main] o.s.b.f.s.DefaultListableBeanFactory     : Creating shared instance of singleton bean 'fileWatcher'
2025-09-06T11:58:40.520+02:00 DEBUG 6906 --- [demo10] [           main] o.s.b.f.s.DefaultListableBeanFactory     : Autowiring by type from bean name 'sslPropertiesSslBundleRegistrar' via factory method to bean named 'fileWatcher'
2025-09-06T11:58:40.523+02:00 DEBUG 6906 --- [demo10] [           main] o.s.b.f.s.DefaultListableBeanFactory     : Creating shared instance of singleton bean 'tomcatServletWebServerFactoryCustomizer'
2025-09-06T11:58:40.523+02:00 DEBUG 6906 --- [demo10] [           main] o.s.b.f.s.DefaultListableBeanFactory     : Autowiring by type from bean name 'tomcatServletWebServerFactoryCustomizer' via factory method to bean named 'server-org.springframework.boot.autoconfigure.web.ServerProperties'
2025-09-06T11:58:40.523+02:00 DEBUG 6906 --- [demo10] [           main] o.s.b.f.s.DefaultListableBeanFactory     : Creating shared instance of singleton bean 'tomcatWebServerFactoryCustomizer'
2025-09-06T11:58:40.523+02:00 DEBUG 6906 --- [demo10] [           main] o.s.b.f.s.DefaultListableBeanFactory     : Creating shared instance of singleton bean 'org.springframework.boot.autoconfigure.web.embedded.EmbeddedWebServerFactoryCustomizerAutoConfiguration$TomcatWebServerFactoryCustomizerConfiguration'
2025-09-06T11:58:40.524+02:00 DEBUG 6906 --- [demo10] [           main] o.s.b.f.s.DefaultListableBeanFactory     : Autowiring by type from bean name 'tomcatWebServerFactoryCustomizer' via factory method to bean named 'environment'
2025-09-06T11:58:40.524+02:00 DEBUG 6906 --- [demo10] [           main] o.s.b.f.s.DefaultListableBeanFactory     : Autowiring by type from bean name 'tomcatWebServerFactoryCustomizer' via factory method to bean named 'server-org.springframework.boot.autoconfigure.web.ServerProperties'
2025-09-06T11:58:40.524+02:00 DEBUG 6906 --- [demo10] [           main] o.s.b.f.s.DefaultListableBeanFactory     : Creating shared instance of singleton bean 'localeCharsetMappingsCustomizer'
2025-09-06T11:58:40.524+02:00 DEBUG 6906 --- [demo10] [           main] o.s.b.f.s.DefaultListableBeanFactory     : Creating shared instance of singleton bean 'org.springframework.boot.autoconfigure.web.servlet.HttpEncodingAutoConfiguration'
2025-09-06T11:58:40.525+02:00 DEBUG 6906 --- [demo10] [           main] o.s.b.f.s.DefaultListableBeanFactory     : Autowiring by type from bean name 'org.springframework.boot.autoconfigure.web.servlet.HttpEncodingAutoConfiguration' via constructor to bean named 'server-org.springframework.boot.autoconfigure.web.ServerProperties'
2025-09-06T11:58:40.533+02:00 DEBUG 6906 --- [demo10] [           main] o.s.b.f.s.DefaultListableBeanFactory     : Creating shared instance of singleton bean 'errorPageCustomizer'
2025-09-06T11:58:40.533+02:00 DEBUG 6906 --- [demo10] [           main] o.s.b.f.s.DefaultListableBeanFactory     : Creating shared instance of singleton bean 'org.springframework.boot.autoconfigure.web.servlet.error.ErrorMvcAutoConfiguration'
2025-09-06T11:58:40.534+02:00 DEBUG 6906 --- [demo10] [           main] o.s.b.f.s.DefaultListableBeanFactory     : Autowiring by type from bean name 'org.springframework.boot.autoconfigure.web.servlet.error.ErrorMvcAutoConfiguration' via constructor to bean named 'server-org.springframework.boot.autoconfigure.web.ServerProperties'
2025-09-06T11:58:40.535+02:00 DEBUG 6906 --- [demo10] [           main] o.s.b.f.s.DefaultListableBeanFactory     : Creating shared instance of singleton bean 'dispatcherServletRegistration'
2025-09-06T11:58:40.535+02:00 DEBUG 6906 --- [demo10] [           main] o.s.b.f.s.DefaultListableBeanFactory     : Creating shared instance of singleton bean 'org.springframework.boot.autoconfigure.web.servlet.DispatcherServletAutoConfiguration$DispatcherServletRegistrationConfiguration'
2025-09-06T11:58:40.535+02:00 DEBUG 6906 --- [demo10] [           main] o.s.b.f.s.DefaultListableBeanFactory     : Creating shared instance of singleton bean 'dispatcherServlet'
2025-09-06T11:58:40.535+02:00 DEBUG 6906 --- [demo10] [           main] o.s.b.f.s.DefaultListableBeanFactory     : Creating shared instance of singleton bean 'org.springframework.boot.autoconfigure.web.servlet.DispatcherServletAutoConfiguration$DispatcherServletConfiguration'
2025-09-06T11:58:40.536+02:00 DEBUG 6906 --- [demo10] [           main] o.s.b.f.s.DefaultListableBeanFactory     : Creating shared instance of singleton bean 'spring.mvc-org.springframework.boot.autoconfigure.web.servlet.WebMvcProperties'
2025-09-06T11:58:40.537+02:00 DEBUG 6906 --- [demo10] [           main] o.s.b.f.s.DefaultListableBeanFactory     : Autowiring by type from bean name 'dispatcherServlet' via factory method to bean named 'spring.mvc-org.springframework.boot.autoconfigure.web.servlet.WebMvcProperties'
2025-09-06T11:58:40.543+02:00 DEBUG 6906 --- [demo10] [           main] o.s.b.f.s.DefaultListableBeanFactory     : Autowiring by type from bean name 'dispatcherServletRegistration' via factory method to bean named 'dispatcherServlet'
2025-09-06T11:58:40.544+02:00 DEBUG 6906 --- [demo10] [           main] o.s.b.f.s.DefaultListableBeanFactory     : Autowiring by type from bean name 'dispatcherServletRegistration' via factory method to bean named 'spring.mvc-org.springframework.boot.autoconfigure.web.servlet.WebMvcProperties'
2025-09-06T11:58:40.545+02:00 DEBUG 6906 --- [demo10] [           main] o.s.b.f.s.DefaultListableBeanFactory     : Creating shared instance of singleton bean 'multipartConfigElement'
2025-09-06T11:58:40.545+02:00 DEBUG 6906 --- [demo10] [           main] o.s.b.f.s.DefaultListableBeanFactory     : Creating shared instance of singleton bean 'org.springframework.boot.autoconfigure.web.servlet.MultipartAutoConfiguration'
2025-09-06T11:58:40.545+02:00 DEBUG 6906 --- [demo10] [           main] o.s.b.f.s.DefaultListableBeanFactory     : Creating shared instance of singleton bean 'spring.servlet.multipart-org.springframework.boot.autoconfigure.web.servlet.MultipartProperties'
2025-09-06T11:58:40.547+02:00 DEBUG 6906 --- [demo10] [           main] o.s.b.f.s.DefaultListableBeanFactory     : Autowiring by type from bean name 'org.springframework.boot.autoconfigure.web.servlet.MultipartAutoConfiguration' via constructor to bean named 'spring.servlet.multipart-org.springframework.boot.autoconfigure.web.servlet.MultipartProperties'
2025-09-06T11:58:40.548+02:00 DEBUG 6906 --- [demo10] [           main] o.s.b.f.s.DefaultListableBeanFactory     : Autowiring by type from bean name 'errorPageCustomizer' via factory method to bean named 'dispatcherServletRegistration'
2025-09-06T11:58:40.579+02:00 DEBUG 6906 --- [demo10] [           main] .s.b.w.e.t.TomcatServletWebServerFactory : Code archive: /Users/mac/.m2/repository/org/springframework/boot/spring-boot/3.5.3/spring-boot-3.5.3.jar
2025-09-06T11:58:40.579+02:00 DEBUG 6906 --- [demo10] [           main] .s.b.w.e.t.TomcatServletWebServerFactory : Code archive: /Users/mac/.m2/repository/org/springframework/boot/spring-boot/3.5.3/spring-boot-3.5.3.jar
2025-09-06T11:58:40.579+02:00 DEBUG 6906 --- [demo10] [           main] .s.b.w.e.t.TomcatServletWebServerFactory : None of the document roots [src/main/webapp, public, static] point to a directory and will be ignored.
2025-09-06T11:58:40.591+02:00  INFO 6906 --- [demo10] [           main] o.s.b.w.embedded.tomcat.TomcatWebServer  : Tomcat initialized with port 8088 (http)
2025-09-06T11:58:40.598+02:00  INFO 6906 --- [demo10] [           main] o.apache.catalina.core.StandardService   : Starting service [Tomcat]
2025-09-06T11:58:40.598+02:00  INFO 6906 --- [demo10] [           main] o.apache.catalina.core.StandardEngine    : Starting Servlet engine: [Apache Tomcat/10.1.42]
2025-09-06T11:58:40.619+02:00  INFO 6906 --- [demo10] [           main] o.a.c.c.C.[Tomcat].[localhost].[/]       : Initializing Spring embedded WebApplicationContext
2025-09-06T11:58:40.619+02:00 DEBUG 6906 --- [demo10] [           main] w.s.c.ServletWebServerApplicationContext : Published root WebApplicationContext as ServletContext attribute with name [org.springframework.web.context.WebApplicationContext.ROOT]
2025-09-06T11:58:40.619+02:00  INFO 6906 --- [demo10] [           main] w.s.c.ServletWebServerApplicationContext : Root WebApplicationContext: initialization completed in 555 ms
2025-09-06T11:58:40.621+02:00 DEBUG 6906 --- [demo10] [           main] o.s.b.f.s.DefaultListableBeanFactory     : Creating shared instance of singleton bean 'requestContextFilter'
2025-09-06T11:58:40.622+02:00 DEBUG 6906 --- [demo10] [           main] o.s.b.f.s.DefaultListableBeanFactory     : Creating shared instance of singleton bean 'formContentFilter'
2025-09-06T11:58:40.622+02:00 DEBUG 6906 --- [demo10] [           main] o.s.b.f.s.DefaultListableBeanFactory     : Creating shared instance of singleton bean 'org.springframework.boot.autoconfigure.web.servlet.WebMvcAutoConfiguration'
2025-09-06T11:58:40.623+02:00 DEBUG 6906 --- [demo10] [           main] o.s.b.f.s.DefaultListableBeanFactory     : Creating shared instance of singleton bean 'characterEncodingFilter'
2025-09-06T11:58:40.626+02:00 DEBUG 6906 --- [demo10] [           main] o.s.b.w.s.ServletContextInitializerBeans : Mapping filters: characterEncodingFilter urls=[/*] order=-2147483648, formContentFilter urls=[/*] order=-9900, requestContextFilter urls=[/*] order=-105
2025-09-06T11:58:40.626+02:00 DEBUG 6906 --- [demo10] [           main] o.s.b.w.s.ServletContextInitializerBeans : Mapping servlets: dispatcherServlet urls=[/]
2025-09-06T11:58:40.638+02:00 DEBUG 6906 --- [demo10] [           main] o.s.b.w.s.f.OrderedRequestContextFilter  : Filter 'requestContextFilter' configured for use
2025-09-06T11:58:40.638+02:00 DEBUG 6906 --- [demo10] [           main] s.b.w.s.f.OrderedCharacterEncodingFilter : Filter 'characterEncodingFilter' configured for use
2025-09-06T11:58:40.638+02:00 DEBUG 6906 --- [demo10] [           main] o.s.b.w.s.f.OrderedFormContentFilter     : Filter 'formContentFilter' configured for use
2025-09-06T11:58:40.641+02:00 DEBUG 6906 --- [demo10] [           main] o.s.b.f.s.DefaultListableBeanFactory     : Creating shared instance of singleton bean 'applicationTaskExecutor'
2025-09-06T11:58:40.641+02:00 DEBUG 6906 --- [demo10] [           main] o.s.b.f.s.DefaultListableBeanFactory     : Creating shared instance of singleton bean 'org.springframework.boot.autoconfigure.task.TaskExecutorConfigurations$TaskExecutorConfiguration'
2025-09-06T11:58:40.642+02:00 DEBUG 6906 --- [demo10] [           main] o.s.b.f.s.DefaultListableBeanFactory     : Creating shared instance of singleton bean 'threadPoolTaskExecutorBuilder'
2025-09-06T11:58:40.642+02:00 DEBUG 6906 --- [demo10] [           main] o.s.b.f.s.DefaultListableBeanFactory     : Creating shared instance of singleton bean 'org.springframework.boot.autoconfigure.task.TaskExecutorConfigurations$ThreadPoolTaskExecutorBuilderConfiguration'
2025-09-06T11:58:40.642+02:00 DEBUG 6906 --- [demo10] [           main] o.s.b.f.s.DefaultListableBeanFactory     : Creating shared instance of singleton bean 'spring.task.execution-org.springframework.boot.autoconfigure.task.TaskExecutionProperties'
2025-09-06T11:58:40.643+02:00 DEBUG 6906 --- [demo10] [           main] o.s.b.f.s.DefaultListableBeanFactory     : Autowiring by type from bean name 'threadPoolTaskExecutorBuilder' via factory method to bean named 'spring.task.execution-org.springframework.boot.autoconfigure.task.TaskExecutionProperties'
2025-09-06T11:58:40.645+02:00 DEBUG 6906 --- [demo10] [           main] o.s.b.f.s.DefaultListableBeanFactory     : Autowiring by type from bean name 'applicationTaskExecutor' via factory method to bean named 'threadPoolTaskExecutorBuilder'
2025-09-06T11:58:40.647+02:00 DEBUG 6906 --- [demo10] [           main] o.s.s.concurrent.ThreadPoolTaskExecutor  : Initializing ExecutorService 'applicationTaskExecutor'
2025-09-06T11:58:40.649+02:00 DEBUG 6906 --- [demo10] [           main] o.s.b.f.s.DefaultListableBeanFactory     : Creating shared instance of singleton bean 'dataSourceScriptDatabaseInitializer'
2025-09-06T11:58:40.649+02:00 DEBUG 6906 --- [demo10] [           main] o.s.b.f.s.DefaultListableBeanFactory     : Creating shared instance of singleton bean 'org.springframework.boot.autoconfigure.sql.init.DataSourceInitializationConfiguration'
2025-09-06T11:58:40.649+02:00 DEBUG 6906 --- [demo10] [           main] o.s.b.f.s.DefaultListableBeanFactory     : Creating shared instance of singleton bean 'dataSource'
2025-09-06T11:58:40.649+02:00 DEBUG 6906 --- [demo10] [           main] o.s.b.f.s.DefaultListableBeanFactory     : Creating shared instance of singleton bean 'org.springframework.boot.autoconfigure.jdbc.DataSourceConfiguration$Hikari'
2025-09-06T11:58:40.649+02:00 DEBUG 6906 --- [demo10] [           main] o.s.b.f.s.DefaultListableBeanFactory     : Creating shared instance of singleton bean 'spring.datasource-org.springframework.boot.autoconfigure.jdbc.DataSourceProperties'
2025-09-06T11:58:40.652+02:00 DEBUG 6906 --- [demo10] [           main] o.s.b.f.s.DefaultListableBeanFactory     : Creating shared instance of singleton bean 'jdbcConnectionDetails'
2025-09-06T11:58:40.652+02:00 DEBUG 6906 --- [demo10] [           main] o.s.b.f.s.DefaultListableBeanFactory     : Creating shared instance of singleton bean 'org.springframework.boot.autoconfigure.jdbc.DataSourceAutoConfiguration$PooledDataSourceConfiguration'
2025-09-06T11:58:40.652+02:00 DEBUG 6906 --- [demo10] [           main] o.s.b.f.s.DefaultListableBeanFactory     : Autowiring by type from bean name 'jdbcConnectionDetails' via factory method to bean named 'spring.datasource-org.springframework.boot.autoconfigure.jdbc.DataSourceProperties'
2025-09-06T11:58:40.653+02:00 DEBUG 6906 --- [demo10] [           main] o.s.b.f.s.DefaultListableBeanFactory     : Autowiring by type from bean name 'dataSource' via factory method to bean named 'spring.datasource-org.springframework.boot.autoconfigure.jdbc.DataSourceProperties'
2025-09-06T11:58:40.653+02:00 DEBUG 6906 --- [demo10] [           main] o.s.b.f.s.DefaultListableBeanFactory     : Autowiring by type from bean name 'dataSource' via factory method to bean named 'jdbcConnectionDetails'
2025-09-06T11:58:40.653+02:00 DEBUG 6906 --- [demo10] [           main] o.s.b.f.s.DefaultListableBeanFactory     : Autowiring by type from bean name 'dataSource' via factory method to bean named 'environment'
2025-09-06T11:58:40.665+02:00 DEBUG 6906 --- [demo10] [           main] o.s.b.f.s.DefaultListableBeanFactory     : Creating shared instance of singleton bean 'spring.sql.init-org.springframework.boot.autoconfigure.sql.init.SqlInitializationProperties'
2025-09-06T11:58:40.665+02:00 DEBUG 6906 --- [demo10] [           main] o.s.b.f.s.DefaultListableBeanFactory     : Autowiring by type from bean name 'dataSourceScriptDatabaseInitializer' via factory method to bean named 'dataSource'
2025-09-06T11:58:40.665+02:00 DEBUG 6906 --- [demo10] [           main] o.s.b.f.s.DefaultListableBeanFactory     : Autowiring by type from bean name 'dataSourceScriptDatabaseInitializer' via factory method to bean named 'spring.sql.init-org.springframework.boot.autoconfigure.sql.init.SqlInitializationProperties'
2025-09-06T11:58:40.667+02:00 DEBUG 6906 --- [demo10] [           main] o.s.b.f.s.DefaultListableBeanFactory     : Creating shared instance of singleton bean 'entityManagerFactory'
2025-09-06T11:58:40.667+02:00 DEBUG 6906 --- [demo10] [           main] o.s.b.f.s.DefaultListableBeanFactory     : Creating shared instance of singleton bean 'org.springframework.boot.autoconfigure.orm.jpa.HibernateJpaConfiguration'
2025-09-06T11:58:40.668+02:00 DEBUG 6906 --- [demo10] [           main] o.s.b.f.s.DefaultListableBeanFactory     : Creating shared instance of singleton bean 'spring.jpa-org.springframework.boot.autoconfigure.orm.jpa.JpaProperties'
2025-09-06T11:58:40.671+02:00 DEBUG 6906 --- [demo10] [           main] o.s.b.f.s.DefaultListableBeanFactory     : Creating shared instance of singleton bean 'spring.jpa.hibernate-org.springframework.boot.autoconfigure.orm.jpa.HibernateProperties'
2025-09-06T11:58:40.671+02:00 DEBUG 6906 --- [demo10] [           main] o.s.b.f.s.DefaultListableBeanFactory     : Autowiring by type from bean name 'org.springframework.boot.autoconfigure.orm.jpa.HibernateJpaConfiguration' via constructor to bean named 'dataSource'
2025-09-06T11:58:40.671+02:00 DEBUG 6906 --- [demo10] [           main] o.s.b.f.s.DefaultListableBeanFactory     : Autowiring by type from bean name 'org.springframework.boot.autoconfigure.orm.jpa.HibernateJpaConfiguration' via constructor to bean named 'spring.jpa-org.springframework.boot.autoconfigure.orm.jpa.JpaProperties'
2025-09-06T11:58:40.671+02:00 DEBUG 6906 --- [demo10] [           main] o.s.b.f.s.DefaultListableBeanFactory     : Autowiring by type from bean name 'org.springframework.boot.autoconfigure.orm.jpa.HibernateJpaConfiguration' via constructor to bean named 'org.springframework.beans.factory.support.DefaultListableBeanFactory@535779e4'
2025-09-06T11:58:40.671+02:00 DEBUG 6906 --- [demo10] [           main] o.s.b.f.s.DefaultListableBeanFactory     : Autowiring by type from bean name 'org.springframework.boot.autoconfigure.orm.jpa.HibernateJpaConfiguration' via constructor to bean named 'spring.jpa.hibernate-org.springframework.boot.autoconfigure.orm.jpa.HibernateProperties'
2025-09-06T11:58:40.673+02:00 DEBUG 6906 --- [demo10] [           main] o.s.b.f.s.DefaultListableBeanFactory     : Creating shared instance of singleton bean 'hikariPoolDataSourceMetadataProvider'
2025-09-06T11:58:40.673+02:00 DEBUG 6906 --- [demo10] [           main] o.s.b.f.s.DefaultListableBeanFactory     : Creating shared instance of singleton bean 'org.springframework.boot.autoconfigure.jdbc.metadata.DataSourcePoolMetadataProvidersConfiguration$HikariPoolDataSourceMetadataProviderConfiguration'
2025-09-06T11:58:40.674+02:00 DEBUG 6906 --- [demo10] [           main] o.s.b.f.s.DefaultListableBeanFactory     : Creating shared instance of singleton bean 'entityManagerFactoryBuilder'
2025-09-06T11:58:40.674+02:00 DEBUG 6906 --- [demo10] [           main] o.s.b.f.s.DefaultListableBeanFactory     : Creating shared instance of singleton bean 'jpaVendorAdapter'
2025-09-06T11:58:40.679+02:00 DEBUG 6906 --- [demo10] [           main] o.s.b.f.s.DefaultListableBeanFactory     : Autowiring by type from bean name 'entityManagerFactoryBuilder' via factory method to bean named 'jpaVendorAdapter'
2025-09-06T11:58:40.680+02:00 DEBUG 6906 --- [demo10] [           main] o.s.b.f.s.DefaultListableBeanFactory     : Creating shared instance of singleton bean 'persistenceManagedTypes'
2025-09-06T11:58:40.680+02:00 DEBUG 6906 --- [demo10] [           main] o.s.b.f.s.DefaultListableBeanFactory     : Autowiring by type from bean name 'persistenceManagedTypes' via factory method to bean named 'org.springframework.beans.factory.support.DefaultListableBeanFactory@535779e4'
2025-09-06T11:58:40.680+02:00 DEBUG 6906 --- [demo10] [           main] o.s.b.f.s.DefaultListableBeanFactory     : Autowiring by type from bean name 'persistenceManagedTypes' via factory method to bean named 'org.springframework.boot.web.servlet.context.AnnotationConfigServletWebServerApplicationContext@5038d0b5'
2025-09-06T11:58:40.683+02:00 DEBUG 6906 --- [demo10] [           main] o.s.b.f.s.DefaultListableBeanFactory     : Autowiring by type from bean name 'entityManagerFactory' via factory method to bean named 'entityManagerFactoryBuilder'
2025-09-06T11:58:40.683+02:00 DEBUG 6906 --- [demo10] [           main] o.s.b.f.s.DefaultListableBeanFactory     : Autowiring by type from bean name 'entityManagerFactory' via factory method to bean named 'persistenceManagedTypes'
2025-09-06T11:58:40.689+02:00 DEBUG 6906 --- [demo10] [           main] j.LocalContainerEntityManagerFactoryBean : Building JPA container EntityManagerFactory for persistence unit 'default'
2025-09-06T11:58:40.701+02:00  INFO 6906 --- [demo10] [           main] o.hibernate.jpa.internal.util.LogHelper  : HHH000204: Processing PersistenceUnitInfo [name: default]
2025-09-06T11:58:40.724+02:00  INFO 6906 --- [demo10] [           main] org.hibernate.Version                    : HHH000412: Hibernate ORM core version 6.6.18.Final
2025-09-06T11:58:40.737+02:00  INFO 6906 --- [demo10] [           main] o.h.c.internal.RegionFactoryInitiator    : HHH000026: Second-level cache disabled
2025-09-06T11:58:40.844+02:00  INFO 6906 --- [demo10] [           main] o.s.o.j.p.SpringPersistenceUnitInfo      : No LoadTimeWeaver setup: ignoring JPA class transformer
2025-09-06T11:58:40.855+02:00  INFO 6906 --- [demo10] [           main] com.zaxxer.hikari.HikariDataSource       : HikariPool-1 - Starting...
2025-09-06T11:58:40.924+02:00  INFO 6906 --- [demo10] [           main] com.zaxxer.hikari.pool.HikariPool        : HikariPool-1 - Added connection org.postgresql.jdbc.PgConnection@83b0d0f
2025-09-06T11:58:40.924+02:00  INFO 6906 --- [demo10] [           main] com.zaxxer.hikari.HikariDataSource       : HikariPool-1 - Start completed.
2025-09-06T11:58:40.938+02:00  WARN 6906 --- [demo10] [           main] org.hibernate.orm.deprecation            : HHH90000025: PostgreSQLDialect does not need to be specified explicitly using 'hibernate.dialect' (remove the property setting and it will be selected by default)
2025-09-06T11:58:40.945+02:00  INFO 6906 --- [demo10] [           main] org.hibernate.orm.connections.pooling    : HHH10001005: Database info:
	Database JDBC URL [Connecting through datasource 'HikariDataSource (HikariPool-1)']
	Database driver: undefined/unknown
	Database version: 17.6
	Autocommit mode: undefined/unknown
	Isolation level: undefined/unknown
	Minimum pool size: undefined/unknown
	Maximum pool size: undefined/unknown
2025-09-06T11:58:41.435+02:00  INFO 6906 --- [demo10] [           main] o.h.e.t.j.p.i.JtaPlatformInitiator       : HHH000489: No JTA platform available (set 'hibernate.transaction.jta.platform' to enable JTA platform integration)
Hibernate: 
    create table maintenance (
        maintenance_id bigint generated by default as identity,
        actual_cost numeric(10,2),
        actual_duration_hours integer check (actual_duration_hours>=0),
        created_at timestamp(6) with time zone,
        description TEXT,
        end_date date,
        estimated_cost numeric(10,2),
        estimated_duration_hours integer check (estimated_duration_hours>=1),
        notes TEXT,
        priority varchar(255) not null check (priority in ('CRITICAL','HIGH','MEDIUM','LOW')),
        start_date date not null,
        status varchar(255) not null check (status in ('PLANNED','SCHEDULED','IN_PROGRESS','COMPLETED','CANCELLED','ON_HOLD')),
        technician varchar(100),
        title varchar(200) not null,
        type varchar(255) not null check (type in ('PREVENTIVE','EMERGENCY','UPGRADE','REPAIR','INSPECTION','CALIBRATION')),
        updated_at timestamp(6) with time zone,
        tower_id bigint not null,
        primary key (maintenance_id)
    )
Hibernate: 
    alter table if exists maintenance 
       add constraint FKsmff0sr1wd0en64r6dxw2mfdw 
       foreign key (tower_id) 
       references towers
2025-09-06T11:58:41.624+02:00  INFO 6906 --- [demo10] [           main] j.LocalContainerEntityManagerFactoryBean : Initialized JPA EntityManagerFactory for persistence unit 'default'
2025-09-06T11:58:41.626+02:00 DEBUG 6906 --- [demo10] [           main] o.s.b.f.s.DefaultListableBeanFactory     : Creating shared instance of singleton bean 'demo10Application'
2025-09-06T11:58:41.627+02:00 DEBUG 6906 --- [demo10] [           main] o.s.b.f.s.DefaultListableBeanFactory     : Creating shared instance of singleton bean 'globalExceptionHandler'
2025-09-06T11:58:41.628+02:00 DEBUG 6906 --- [demo10] [           main] o.s.b.f.s.DefaultListableBeanFactory     : Creating shared instance of singleton bean 'fileUploadConfig'
2025-09-06T11:58:41.630+02:00 DEBUG 6906 --- [demo10] [           main] o.s.c.e.PropertySourcesPropertyResolver  : Found key 'app.upload.path' in PropertySource 'environmentProperties' with value of type String
2025-09-06T11:58:41.630+02:00 DEBUG 6906 --- [demo10] [           main] o.s.b.f.s.DefaultListableBeanFactory     : Creating shared instance of singleton bean 'alertController'
2025-09-06T11:58:41.632+02:00 DEBUG 6906 --- [demo10] [           main] o.s.b.f.s.DefaultListableBeanFactory     : Creating shared instance of singleton bean 'alertService'
2025-09-06T11:58:41.632+02:00 DEBUG 6906 --- [demo10] [           main] o.s.b.f.s.DefaultListableBeanFactory     : Creating shared instance of singleton bean 'alertRepository'
2025-09-06T11:58:41.636+02:00 DEBUG 6906 --- [demo10] [           main] o.s.b.f.s.DefaultListableBeanFactory     : Creating shared instance of singleton bean 'jpa.named-queries#0'
2025-09-06T11:58:41.637+02:00 DEBUG 6906 --- [demo10] [           main] o.s.b.f.s.DefaultListableBeanFactory     : Creating shared instance of singleton bean 'jpa.AlertRepository.fragments#0'
2025-09-06T11:58:41.639+02:00 DEBUG 6906 --- [demo10] [           main] o.s.b.f.s.DefaultListableBeanFactory     : Creating shared instance of singleton bean 'jpaSharedEM_entityManagerFactory'
2025-09-06T11:58:41.651+02:00 DEBUG 6906 --- [demo10] [           main] o.s.b.f.s.DefaultListableBeanFactory     : Creating shared instance of singleton bean 'jpaMappingContext'
2025-09-06T11:58:41.652+02:00 DEBUG 6906 --- [demo10] [           main] .c.JpaMetamodelMappingContextFactoryBean : Initializing JpaMetamodelMappingContext…
2025-09-06T11:58:41.658+02:00 DEBUG 6906 --- [demo10] [           main] .c.JpaMetamodelMappingContextFactoryBean : Finished initializing JpaMetamodelMappingContext
2025-09-06T11:58:41.704+02:00 DEBUG 6906 --- [demo10] [           main] o.s.d.r.c.s.RepositoryFactorySupport     : Initializing repository instance for com.example.demo.repositories.AlertRepository…
2025-09-06T11:58:41.724+02:00 DEBUG 6906 --- [demo10] [           main] o.s.d.jpa.repository.query.NamedQuery    : Looking up named query 'Alert.findByTowerId'
2025-09-06T11:58:41.740+02:00 DEBUG 6906 --- [demo10] [           main] o.s.d.jpa.repository.query.NamedQuery    : Did not find named query Alert.findByTowerId
2025-09-06T11:58:41.767+02:00 DEBUG 6906 --- [demo10] [           main] o.s.d.jpa.repository.query.NamedQuery    : Looking up named query 'Alert.findTop10ByOrderByTimestampDesc'
2025-09-06T11:58:41.767+02:00 DEBUG 6906 --- [demo10] [           main] o.s.d.jpa.repository.query.NamedQuery    : Did not find named query Alert.findTop10ByOrderByTimestampDesc
2025-09-06T11:58:41.770+02:00 DEBUG 6906 --- [demo10] [           main] o.s.d.jpa.repository.query.NamedQuery    : Looking up named query 'Alert.deleteByTowerId'
2025-09-06T11:58:41.770+02:00 DEBUG 6906 --- [demo10] [           main] o.s.d.jpa.repository.query.NamedQuery    : Did not find named query Alert.deleteByTowerId
2025-09-06T11:58:41.771+02:00 DEBUG 6906 --- [demo10] [           main] o.s.d.jpa.repository.query.NamedQuery    : Looking up named query 'Alert.findByResolved'
2025-09-06T11:58:41.771+02:00 DEBUG 6906 --- [demo10] [           main] o.s.d.jpa.repository.query.NamedQuery    : Did not find named query Alert.findByResolved
2025-09-06T11:58:41.772+02:00 DEBUG 6906 --- [demo10] [           main] o.s.d.r.c.s.RepositoryFactorySupport     : Finished creation of repository instance for com.example.demo.repositories.AlertRepository.
2025-09-06T11:58:41.773+02:00 DEBUG 6906 --- [demo10] [           main] o.s.b.f.s.DefaultListableBeanFactory     : Creating shared instance of singleton bean 'alertMapper'
2025-09-06T11:58:41.774+02:00 DEBUG 6906 --- [demo10] [           main] o.s.b.f.s.DefaultListableBeanFactory     : Autowiring by type from bean name 'alertService' via constructor to bean named 'alertRepository'
2025-09-06T11:58:41.774+02:00 DEBUG 6906 --- [demo10] [           main] o.s.b.f.s.DefaultListableBeanFactory     : Autowiring by type from bean name 'alertService' via constructor to bean named 'alertMapper'
2025-09-06T11:58:41.774+02:00 DEBUG 6906 --- [demo10] [           main] o.s.b.f.s.DefaultListableBeanFactory     : Autowiring by type from bean name 'alertController' via constructor to bean named 'alertService'
2025-09-06T11:58:41.775+02:00 DEBUG 6906 --- [demo10] [           main] o.s.b.f.s.DefaultListableBeanFactory     : Creating shared instance of singleton bean 'fileUploadController'
2025-09-06T11:58:41.775+02:00 DEBUG 6906 --- [demo10] [           main] o.s.c.e.PropertySourcesPropertyResolver  : Found key 'app.upload.path' in PropertySource 'environmentProperties' with value of type String
2025-09-06T11:58:41.775+02:00 DEBUG 6906 --- [demo10] [           main] o.s.b.f.s.DefaultListableBeanFactory     : Creating shared instance of singleton bean 'hardwareController'
2025-09-06T11:58:41.775+02:00 DEBUG 6906 --- [demo10] [           main] o.s.b.f.s.DefaultListableBeanFactory     : Creating shared instance of singleton bean 'hardwareService'
2025-09-06T11:58:41.776+02:00 DEBUG 6906 --- [demo10] [           main] o.s.b.f.s.DefaultListableBeanFactory     : Creating shared instance of singleton bean 'hardwareRepository'
2025-09-06T11:58:41.777+02:00 DEBUG 6906 --- [demo10] [           main] o.s.b.f.s.DefaultListableBeanFactory     : Creating shared instance of singleton bean 'jpa.named-queries#5'
2025-09-06T11:58:41.777+02:00 DEBUG 6906 --- [demo10] [           main] o.s.b.f.s.DefaultListableBeanFactory     : Creating shared instance of singleton bean 'jpa.HardwareRepository.fragments#0'
2025-09-06T11:58:41.778+02:00 DEBUG 6906 --- [demo10] [           main] o.s.d.r.c.s.RepositoryFactorySupport     : Initializing repository instance for com.example.demo.repositories.HardwareRepository…
2025-09-06T11:58:41.779+02:00 DEBUG 6906 --- [demo10] [           main] o.s.d.jpa.repository.query.NamedQuery    : Looking up named query 'Hardware.findByTowerId'
2025-09-06T11:58:41.779+02:00 DEBUG 6906 --- [demo10] [           main] o.s.d.jpa.repository.query.NamedQuery    : Did not find named query Hardware.findByTowerId
2025-09-06T11:58:41.781+02:00 DEBUG 6906 --- [demo10] [           main] o.s.d.jpa.repository.query.NamedQuery    : Looking up named query 'Hardware.deleteByTowerId'
2025-09-06T11:58:41.781+02:00 DEBUG 6906 --- [demo10] [           main] o.s.d.jpa.repository.query.NamedQuery    : Did not find named query Hardware.deleteByTowerId
2025-09-06T11:58:41.782+02:00 DEBUG 6906 --- [demo10] [           main] o.s.d.r.c.s.RepositoryFactorySupport     : Finished creation of repository instance for com.example.demo.repositories.HardwareRepository.
2025-09-06T11:58:41.783+02:00 DEBUG 6906 --- [demo10] [           main] o.s.b.f.s.DefaultListableBeanFactory     : Creating shared instance of singleton bean 'towerRepository'
2025-09-06T11:58:41.784+02:00 DEBUG 6906 --- [demo10] [           main] o.s.b.f.s.DefaultListableBeanFactory     : Creating shared instance of singleton bean 'jpa.named-queries#6'
2025-09-06T11:58:41.784+02:00 DEBUG 6906 --- [demo10] [           main] o.s.b.f.s.DefaultListableBeanFactory     : Creating shared instance of singleton bean 'jpa.TowerRepository.fragments#0'
2025-09-06T11:58:41.785+02:00 DEBUG 6906 --- [demo10] [           main] o.s.d.r.c.s.RepositoryFactorySupport     : Initializing repository instance for com.example.demo.repositories.TowerRepository…
2025-09-06T11:58:41.788+02:00 DEBUG 6906 --- [demo10] [           main] o.s.d.jpa.repository.query.NamedQuery    : Did not find named query Tower.findByIdWithHardware.count
2025-09-06T11:58:41.792+02:00  INFO 6906 --- [demo10] [           main] o.s.d.j.r.query.QueryEnhancerFactory     : Hibernate is in classpath; If applicable, HQL parser will be used.
2025-09-06T11:58:41.947+02:00 DEBUG 6906 --- [demo10] [           main] o.s.d.jpa.repository.query.NamedQuery    : Did not find named query Tower.findByIdWithAlerts.count
2025-09-06T11:58:41.949+02:00 DEBUG 6906 --- [demo10] [           main] o.s.d.jpa.repository.query.NamedQuery    : Did not find named query Tower.findByIdWithThresholdRules.count
2025-09-06T11:58:41.949+02:00 DEBUG 6906 --- [demo10] [           main] o.s.d.jpa.repository.query.NamedQuery    : Did not find named query Tower.findByIdWithTelemetryData.count
2025-09-06T11:58:41.951+02:00 DEBUG 6906 --- [demo10] [           main] o.s.d.r.c.s.RepositoryFactorySupport     : Finished creation of repository instance for com.example.demo.repositories.TowerRepository.
2025-09-06T11:58:41.952+02:00 DEBUG 6906 --- [demo10] [           main] o.s.b.f.s.DefaultListableBeanFactory     : Creating shared instance of singleton bean 'hardwareMapper'
2025-09-06T11:58:41.952+02:00 DEBUG 6906 --- [demo10] [           main] o.s.b.f.s.DefaultListableBeanFactory     : Autowiring by type from bean name 'hardwareService' via constructor to bean named 'hardwareRepository'
2025-09-06T11:58:41.952+02:00 DEBUG 6906 --- [demo10] [           main] o.s.b.f.s.DefaultListableBeanFactory     : Autowiring by type from bean name 'hardwareService' via constructor to bean named 'towerRepository'
2025-09-06T11:58:41.952+02:00 DEBUG 6906 --- [demo10] [           main] o.s.b.f.s.DefaultListableBeanFactory     : Autowiring by type from bean name 'hardwareService' via constructor to bean named 'hardwareMapper'
2025-09-06T11:58:41.952+02:00 DEBUG 6906 --- [demo10] [           main] o.s.b.f.s.DefaultListableBeanFactory     : Autowiring by type from bean name 'hardwareController' via constructor to bean named 'hardwareService'
2025-09-06T11:58:41.953+02:00 DEBUG 6906 --- [demo10] [           main] o.s.b.f.s.DefaultListableBeanFactory     : Creating shared instance of singleton bean 'healthCheckController'
2025-09-06T11:58:41.953+02:00 DEBUG 6906 --- [demo10] [           main] o.s.b.f.s.DefaultListableBeanFactory     : Creating shared instance of singleton bean 'telemetryDataRepository'
2025-09-06T11:58:41.953+02:00 DEBUG 6906 --- [demo10] [           main] o.s.b.f.s.DefaultListableBeanFactory     : Creating shared instance of singleton bean 'jpa.named-queries#2'
2025-09-06T11:58:41.954+02:00 DEBUG 6906 --- [demo10] [           main] o.s.b.f.s.DefaultListableBeanFactory     : Creating shared instance of singleton bean 'jpa.TelemetryDataRepository.fragments#0'
2025-09-06T11:58:41.954+02:00 DEBUG 6906 --- [demo10] [           main] o.s.d.r.c.s.RepositoryFactorySupport     : Initializing repository instance for com.example.demo.repositories.TelemetryDataRepository…
2025-09-06T11:58:41.955+02:00 DEBUG 6906 --- [demo10] [           main] o.s.d.jpa.repository.query.NamedQuery    : Did not find named query TelemetryData.findByTowerIdAndTimestampAfterOrderByTimestampAsc.count
2025-09-06T11:58:41.973+02:00 DEBUG 6906 --- [demo10] [           main] o.s.d.jpa.repository.query.NamedQuery    : Did not find named query TelemetryData.findByTowerIdAndStatusAndTimestampAfterOrderByTimestampDesc.count
2025-09-06T11:58:41.977+02:00 DEBUG 6906 --- [demo10] [           main] o.s.d.jpa.repository.query.NamedQuery    : Looking up named query 'TelemetryData.deleteByTowerId'
2025-09-06T11:58:41.977+02:00 DEBUG 6906 --- [demo10] [           main] o.s.d.jpa.repository.query.NamedQuery    : Did not find named query TelemetryData.deleteByTowerId
2025-09-06T11:58:41.978+02:00 DEBUG 6906 --- [demo10] [           main] o.s.d.jpa.repository.query.NamedQuery    : Looking up named query 'TelemetryData.findByTowerIdOrderByTimestampDesc'
2025-09-06T11:58:41.978+02:00 DEBUG 6906 --- [demo10] [           main] o.s.d.jpa.repository.query.NamedQuery    : Did not find named query TelemetryData.findByTowerIdOrderByTimestampDesc
2025-09-06T11:58:41.978+02:00 DEBUG 6906 --- [demo10] [           main] o.s.d.jpa.repository.query.NamedQuery    : Did not find named query TelemetryData.findByTowerIdAndTimestampBetweenOrderByTimestampAsc.count
2025-09-06T11:58:41.981+02:00 DEBUG 6906 --- [demo10] [           main] o.s.d.jpa.repository.query.NamedQuery    : Looking up named query 'TelemetryData.findTopByTowerIdOrderByTimestampDesc'
2025-09-06T11:58:41.981+02:00 DEBUG 6906 --- [demo10] [           main] o.s.d.jpa.repository.query.NamedQuery    : Did not find named query TelemetryData.findTopByTowerIdOrderByTimestampDesc
2025-09-06T11:58:41.982+02:00 DEBUG 6906 --- [demo10] [           main] o.s.d.jpa.repository.query.NamedQuery    : Looking up named query 'TelemetryData.findByTowerIdAndStatusOrderByTimestampDesc'
2025-09-06T11:58:41.982+02:00 DEBUG 6906 --- [demo10] [           main] o.s.d.jpa.repository.query.NamedQuery    : Did not find named query TelemetryData.findByTowerIdAndStatusOrderByTimestampDesc
2025-09-06T11:58:41.983+02:00 DEBUG 6906 --- [demo10] [           main] o.s.d.r.c.s.RepositoryFactorySupport     : Finished creation of repository instance for com.example.demo.repositories.TelemetryDataRepository.
2025-09-06T11:58:41.984+02:00 DEBUG 6906 --- [demo10] [           main] o.s.b.f.s.DefaultListableBeanFactory     : Creating shared instance of singleton bean 'jdbcTemplate'
2025-09-06T11:58:41.984+02:00 DEBUG 6906 --- [demo10] [           main] o.s.b.f.s.DefaultListableBeanFactory     : Creating shared instance of singleton bean 'org.springframework.boot.autoconfigure.jdbc.JdbcTemplateConfiguration'
2025-09-06T11:58:41.984+02:00 DEBUG 6906 --- [demo10] [           main] o.s.b.f.s.DefaultListableBeanFactory     : Creating shared instance of singleton bean 'spring.jdbc-org.springframework.boot.autoconfigure.jdbc.JdbcProperties'
2025-09-06T11:58:41.985+02:00 DEBUG 6906 --- [demo10] [           main] o.s.b.f.s.DefaultListableBeanFactory     : Autowiring by type from bean name 'jdbcTemplate' via factory method to bean named 'dataSource'
2025-09-06T11:58:41.985+02:00 DEBUG 6906 --- [demo10] [           main] o.s.b.f.s.DefaultListableBeanFactory     : Autowiring by type from bean name 'jdbcTemplate' via factory method to bean named 'spring.jdbc-org.springframework.boot.autoconfigure.jdbc.JdbcProperties'
2025-09-06T11:58:41.988+02:00 DEBUG 6906 --- [demo10] [           main] o.s.b.f.s.DefaultListableBeanFactory     : Autowiring by type from bean name 'healthCheckController' via constructor to bean named 'towerRepository'
2025-09-06T11:58:41.988+02:00 DEBUG 6906 --- [demo10] [           main] o.s.b.f.s.DefaultListableBeanFactory     : Autowiring by type from bean name 'healthCheckController' via constructor to bean named 'alertRepository'
2025-09-06T11:58:41.988+02:00 DEBUG 6906 --- [demo10] [           main] o.s.b.f.s.DefaultListableBeanFactory     : Autowiring by type from bean name 'healthCheckController' via constructor to bean named 'hardwareRepository'
2025-09-06T11:58:41.988+02:00 DEBUG 6906 --- [demo10] [           main] o.s.b.f.s.DefaultListableBeanFactory     : Autowiring by type from bean name 'healthCheckController' via constructor to bean named 'telemetryDataRepository'
2025-09-06T11:58:41.988+02:00 DEBUG 6906 --- [demo10] [           main] o.s.b.f.s.DefaultListableBeanFactory     : Autowiring by type from bean name 'healthCheckController' via constructor to bean named 'jdbcTemplate'
2025-09-06T11:58:41.989+02:00 DEBUG 6906 --- [demo10] [           main] o.s.b.f.s.DefaultListableBeanFactory     : Creating shared instance of singleton bean 'maintenanceController'
2025-09-06T11:58:41.989+02:00 DEBUG 6906 --- [demo10] [           main] o.s.b.f.s.DefaultListableBeanFactory     : Creating shared instance of singleton bean 'maintenanceService'
2025-09-06T11:58:41.990+02:00 DEBUG 6906 --- [demo10] [           main] o.s.b.f.s.DefaultListableBeanFactory     : Creating shared instance of singleton bean 'maintenanceRepository'
2025-09-06T11:58:41.990+02:00 DEBUG 6906 --- [demo10] [           main] o.s.b.f.s.DefaultListableBeanFactory     : Creating shared instance of singleton bean 'jpa.named-queries#1'
2025-09-06T11:58:41.990+02:00 DEBUG 6906 --- [demo10] [           main] o.s.b.f.s.DefaultListableBeanFactory     : Creating shared instance of singleton bean 'jpa.MaintenanceRepository.fragments#0'
2025-09-06T11:58:41.993+02:00 DEBUG 6906 --- [demo10] [           main] o.s.d.r.c.s.RepositoryFactorySupport     : Initializing repository instance for com.example.demo.repository.MaintenanceRepository…
2025-09-06T11:58:41.994+02:00 DEBUG 6906 --- [demo10] [           main] o.s.d.jpa.repository.query.NamedQuery    : Looking up named query 'Maintenance.findByTypeOrderByStartDateDesc'
2025-09-06T11:58:41.994+02:00 DEBUG 6906 --- [demo10] [           main] o.s.d.jpa.repository.query.NamedQuery    : Did not find named query Maintenance.findByTypeOrderByStartDateDesc
2025-09-06T11:58:41.994+02:00 DEBUG 6906 --- [demo10] [           main] o.s.d.jpa.repository.query.NamedQuery    : Looking up named query 'Maintenance.findByTowerIdAndStatusOrderByStartDateDesc'
2025-09-06T11:58:41.995+02:00 DEBUG 6906 --- [demo10] [           main] o.s.d.jpa.repository.query.NamedQuery    : Did not find named query Maintenance.findByTowerIdAndStatusOrderByStartDateDesc
2025-09-06T11:58:41.995+02:00 DEBUG 6906 --- [demo10] [           main] o.s.d.jpa.repository.query.NamedQuery    : Looking up named query 'Maintenance.findByTechnicianOrderByStartDateDesc'
2025-09-06T11:58:41.995+02:00 DEBUG 6906 --- [demo10] [           main] o.s.d.jpa.repository.query.NamedQuery    : Did not find named query Maintenance.findByTechnicianOrderByStartDateDesc
2025-09-06T11:58:41.995+02:00 DEBUG 6906 --- [demo10] [           main] o.s.d.jpa.repository.query.NamedQuery    : Looking up named query 'Maintenance.findByTowerIdOrderByStartDateDesc'
2025-09-06T11:58:41.995+02:00 DEBUG 6906 --- [demo10] [           main] o.s.d.jpa.repository.query.NamedQuery    : Did not find named query Maintenance.findByTowerIdOrderByStartDateDesc
2025-09-06T11:58:41.996+02:00 DEBUG 6906 --- [demo10] [           main] o.s.d.jpa.repository.query.NamedQuery    : Looking up named query 'Maintenance.findByTowerIdOrderByStartDateDesc'
2025-09-06T11:58:41.996+02:00 DEBUG 6906 --- [demo10] [           main] o.s.d.jpa.repository.query.NamedQuery    : Did not find named query Maintenance.findByTowerIdOrderByStartDateDesc
2025-09-06T11:58:41.996+02:00 DEBUG 6906 --- [demo10] [           main] o.s.d.jpa.repository.query.NamedQuery    : Looking up named query 'Maintenance.findByStatusOrderByStartDateDesc'
2025-09-06T11:58:41.997+02:00 DEBUG 6906 --- [demo10] [           main] o.s.d.jpa.repository.query.NamedQuery    : Did not find named query Maintenance.findByStatusOrderByStartDateDesc
2025-09-06T11:58:41.997+02:00 DEBUG 6906 --- [demo10] [           main] o.s.d.jpa.repository.query.NamedQuery    : Looking up named query 'Maintenance.findByPriorityOrderByStartDateDesc'
2025-09-06T11:58:41.997+02:00 DEBUG 6906 --- [demo10] [           main] o.s.d.jpa.repository.query.NamedQuery    : Did not find named query Maintenance.findByPriorityOrderByStartDateDesc
2025-09-06T11:58:41.997+02:00 DEBUG 6906 --- [demo10] [           main] o.s.d.jpa.repository.query.NamedQuery    : Did not find named query Maintenance.findUpcomingMaintenance.count
2025-09-06T11:58:42.058+02:00 DEBUG 6906 --- [demo10] [           main] o.s.d.jpa.repository.query.NamedQuery    : Did not find named query Maintenance.findOverdueMaintenance.count
2025-09-06T11:58:42.061+02:00 DEBUG 6906 --- [demo10] [           main] o.s.d.jpa.repository.query.NamedQuery    : Did not find named query Maintenance.findByDateRange.count
2025-09-06T11:58:42.062+02:00 DEBUG 6906 --- [demo10] [           main] o.s.d.jpa.repository.query.NamedQuery    : Did not find named query Maintenance.findByTowerIdAndDateRange.count
2025-09-06T11:58:42.063+02:00 DEBUG 6906 --- [demo10] [           main] o.s.d.jpa.repository.query.NamedQuery    : Did not find named query Maintenance.countByTowerIdAndStatus.count
2025-09-06T11:58:42.087+02:00 DEBUG 6906 --- [demo10] [           main] o.s.d.r.c.s.RepositoryFactorySupport     : Finished creation of repository instance for com.example.demo.repository.MaintenanceRepository.
2025-09-06T11:58:42.088+02:00 DEBUG 6906 --- [demo10] [           main] o.s.b.f.s.DefaultListableBeanFactory     : Creating shared instance of singleton bean 'maintenanceMapper'
2025-09-06T11:58:42.088+02:00 DEBUG 6906 --- [demo10] [           main] o.s.b.f.s.DefaultListableBeanFactory     : Autowiring by type from bean name 'maintenanceService' via constructor to bean named 'maintenanceRepository'
2025-09-06T11:58:42.088+02:00 DEBUG 6906 --- [demo10] [           main] o.s.b.f.s.DefaultListableBeanFactory     : Autowiring by type from bean name 'maintenanceService' via constructor to bean named 'towerRepository'
2025-09-06T11:58:42.088+02:00 DEBUG 6906 --- [demo10] [           main] o.s.b.f.s.DefaultListableBeanFactory     : Autowiring by type from bean name 'maintenanceService' via constructor to bean named 'maintenanceMapper'
2025-09-06T11:58:42.101+02:00 DEBUG 6906 --- [demo10] [           main] o.s.b.f.s.DefaultListableBeanFactory     : Autowiring by type from bean name 'maintenanceController' via constructor to bean named 'maintenanceService'
2025-09-06T11:58:42.102+02:00 DEBUG 6906 --- [demo10] [           main] o.s.b.f.s.DefaultListableBeanFactory     : Creating shared instance of singleton bean 'telemetryDataController'
2025-09-06T11:58:42.102+02:00 DEBUG 6906 --- [demo10] [           main] o.s.b.f.s.DefaultListableBeanFactory     : Creating shared instance of singleton bean 'telemetryDataService'
2025-09-06T11:58:42.102+02:00 DEBUG 6906 --- [demo10] [           main] o.s.b.f.s.DefaultListableBeanFactory     : Creating shared instance of singleton bean 'telemetryDataMapper'
2025-09-06T11:58:42.103+02:00 DEBUG 6906 --- [demo10] [           main] o.s.b.f.s.DefaultListableBeanFactory     : Autowiring by type from bean name 'telemetryDataService' via constructor to bean named 'telemetryDataRepository'
2025-09-06T11:58:42.103+02:00 DEBUG 6906 --- [demo10] [           main] o.s.b.f.s.DefaultListableBeanFactory     : Autowiring by type from bean name 'telemetryDataService' via constructor to bean named 'telemetryDataMapper'
2025-09-06T11:58:42.103+02:00 DEBUG 6906 --- [demo10] [           main] o.s.b.f.s.DefaultListableBeanFactory     : Autowiring by type from bean name 'telemetryDataController' via constructor to bean named 'telemetryDataService'
2025-09-06T11:58:42.103+02:00 DEBUG 6906 --- [demo10] [           main] o.s.b.f.s.DefaultListableBeanFactory     : Creating shared instance of singleton bean 'thresholdRuleController'
2025-09-06T11:58:42.103+02:00 DEBUG 6906 --- [demo10] [           main] o.s.b.f.s.DefaultListableBeanFactory     : Creating shared instance of singleton bean 'thresholdRuleService'
2025-09-06T11:58:42.103+02:00 DEBUG 6906 --- [demo10] [           main] o.s.b.f.s.DefaultListableBeanFactory     : Creating shared instance of singleton bean 'thresholdRuleRepository'
2025-09-06T11:58:42.104+02:00 DEBUG 6906 --- [demo10] [           main] o.s.b.f.s.DefaultListableBeanFactory     : Creating shared instance of singleton bean 'jpa.named-queries#3'
2025-09-06T11:58:42.104+02:00 DEBUG 6906 --- [demo10] [           main] o.s.b.f.s.DefaultListableBeanFactory     : Creating shared instance of singleton bean 'jpa.ThresholdRuleRepository.fragments#0'
2025-09-06T11:58:42.105+02:00 DEBUG 6906 --- [demo10] [           main] o.s.d.r.c.s.RepositoryFactorySupport     : Initializing repository instance for com.example.demo.repositories.ThresholdRuleRepository…
2025-09-06T11:58:42.105+02:00 DEBUG 6906 --- [demo10] [           main] o.s.d.jpa.repository.query.NamedQuery    : Looking up named query 'ThresholdRule.findByTowerId'
2025-09-06T11:58:42.105+02:00 DEBUG 6906 --- [demo10] [           main] o.s.d.jpa.repository.query.NamedQuery    : Did not find named query ThresholdRule.findByTowerId
2025-09-06T11:58:42.106+02:00 DEBUG 6906 --- [demo10] [           main] o.s.d.jpa.repository.query.NamedQuery    : Looking up named query 'ThresholdRule.deleteByTowerId'
2025-09-06T11:58:42.106+02:00 DEBUG 6906 --- [demo10] [           main] o.s.d.jpa.repository.query.NamedQuery    : Did not find named query ThresholdRule.deleteByTowerId
2025-09-06T11:58:42.107+02:00 DEBUG 6906 --- [demo10] [           main] o.s.d.r.c.s.RepositoryFactorySupport     : Finished creation of repository instance for com.example.demo.repositories.ThresholdRuleRepository.
2025-09-06T11:58:42.108+02:00 DEBUG 6906 --- [demo10] [           main] o.s.b.f.s.DefaultListableBeanFactory     : Creating shared instance of singleton bean 'thresholdRuleMapper'
2025-09-06T11:58:42.108+02:00 DEBUG 6906 --- [demo10] [           main] o.s.b.f.s.DefaultListableBeanFactory     : Autowiring by type from bean name 'thresholdRuleService' via constructor to bean named 'thresholdRuleRepository'
2025-09-06T11:58:42.108+02:00 DEBUG 6906 --- [demo10] [           main] o.s.b.f.s.DefaultListableBeanFactory     : Autowiring by type from bean name 'thresholdRuleService' via constructor to bean named 'thresholdRuleMapper'
2025-09-06T11:58:42.108+02:00 DEBUG 6906 --- [demo10] [           main] o.s.b.f.s.DefaultListableBeanFactory     : Autowiring by type from bean name 'thresholdRuleController' via constructor to bean named 'thresholdRuleService'
2025-09-06T11:58:42.108+02:00 DEBUG 6906 --- [demo10] [           main] o.s.b.f.s.DefaultListableBeanFactory     : Creating shared instance of singleton bean 'towerController'
2025-09-06T11:58:42.108+02:00 DEBUG 6906 --- [demo10] [           main] o.s.b.f.s.DefaultListableBeanFactory     : Creating shared instance of singleton bean 'towerService'
2025-09-06T11:58:42.109+02:00 DEBUG 6906 --- [demo10] [           main] o.s.b.f.s.DefaultListableBeanFactory     : Creating shared instance of singleton bean 'towerMapper'
2025-09-06T11:58:42.109+02:00 DEBUG 6906 --- [demo10] [           main] o.s.b.f.s.DefaultListableBeanFactory     : Autowiring by type from bean name 'towerService' via constructor to bean named 'towerRepository'
2025-09-06T11:58:42.109+02:00 DEBUG 6906 --- [demo10] [           main] o.s.b.f.s.DefaultListableBeanFactory     : Autowiring by type from bean name 'towerService' via constructor to bean named 'towerMapper'
2025-09-06T11:58:42.109+02:00 DEBUG 6906 --- [demo10] [           main] o.s.b.f.s.DefaultListableBeanFactory     : Autowiring by type from bean name 'towerController' via constructor to bean named 'towerService'
2025-09-06T11:58:42.113+02:00 DEBUG 6906 --- [demo10] [           main] o.s.b.f.s.DefaultListableBeanFactory     : Creating shared instance of singleton bean 'userController'
2025-09-06T11:58:42.114+02:00 DEBUG 6906 --- [demo10] [           main] o.s.b.f.s.DefaultListableBeanFactory     : Creating shared instance of singleton bean 'userService'
2025-09-06T11:58:42.114+02:00 DEBUG 6906 --- [demo10] [           main] o.s.b.f.s.DefaultListableBeanFactory     : Creating shared instance of singleton bean 'userRepository'
2025-09-06T11:58:42.114+02:00 DEBUG 6906 --- [demo10] [           main] o.s.b.f.s.DefaultListableBeanFactory     : Creating shared instance of singleton bean 'jpa.named-queries#4'
2025-09-06T11:58:42.114+02:00 DEBUG 6906 --- [demo10] [           main] o.s.b.f.s.DefaultListableBeanFactory     : Creating shared instance of singleton bean 'jpa.UserRepository.fragments#0'
2025-09-06T11:58:42.116+02:00 DEBUG 6906 --- [demo10] [           main] o.s.d.r.c.s.RepositoryFactorySupport     : Initializing repository instance for com.example.demo.repositories.UserRepository…
2025-09-06T11:58:42.117+02:00 DEBUG 6906 --- [demo10] [           main] o.s.d.jpa.repository.query.NamedQuery    : Looking up named query 'User.findByUsername'
2025-09-06T11:58:42.117+02:00 DEBUG 6906 --- [demo10] [           main] o.s.d.jpa.repository.query.NamedQuery    : Did not find named query User.findByUsername
2025-09-06T11:58:42.117+02:00 DEBUG 6906 --- [demo10] [           main] o.s.d.jpa.repository.query.NamedQuery    : Looking up named query 'User.findByEmail'
2025-09-06T11:58:42.117+02:00 DEBUG 6906 --- [demo10] [           main] o.s.d.jpa.repository.query.NamedQuery    : Did not find named query User.findByEmail
2025-09-06T11:58:42.121+02:00 DEBUG 6906 --- [demo10] [           main] o.s.d.r.c.s.RepositoryFactorySupport     : Finished creation of repository instance for com.example.demo.repositories.UserRepository.
2025-09-06T11:58:42.122+02:00 DEBUG 6906 --- [demo10] [           main] o.s.b.f.s.DefaultListableBeanFactory     : Autowiring by type from bean name 'userService' via constructor to bean named 'userRepository'
2025-09-06T11:58:42.124+02:00 DEBUG 6906 --- [demo10] [           main] o.s.b.f.s.DefaultListableBeanFactory     : Creating shared instance of singleton bean 'userMapper'
2025-09-06T11:58:42.125+02:00 DEBUG 6906 --- [demo10] [           main] o.s.b.f.s.DefaultListableBeanFactory     : Autowiring by type from bean name 'userController' via constructor to bean named 'userService'
2025-09-06T11:58:42.125+02:00 DEBUG 6906 --- [demo10] [           main] o.s.b.f.s.DefaultListableBeanFactory     : Autowiring by type from bean name 'userController' via constructor to bean named 'userMapper'
2025-09-06T11:58:42.125+02:00 DEBUG 6906 --- [demo10] [           main] o.s.b.f.s.DefaultListableBeanFactory     : Creating shared instance of singleton bean 'corsConfigurer'
2025-09-06T11:58:42.125+02:00 DEBUG 6906 --- [demo10] [           main] o.s.b.f.s.DefaultListableBeanFactory     : Creating shared instance of singleton bean 'org.springframework.boot.autoconfigure.context.PropertyPlaceholderAutoConfiguration'
2025-09-06T11:58:42.125+02:00 DEBUG 6906 --- [demo10] [           main] o.s.b.f.s.DefaultListableBeanFactory     : Creating shared instance of singleton bean 'org.springframework.boot.autoconfigure.websocket.servlet.WebSocketServletAutoConfiguration'
2025-09-06T11:58:42.126+02:00 DEBUG 6906 --- [demo10] [           main] o.s.b.f.s.DefaultListableBeanFactory     : Creating shared instance of singleton bean 'org.springframework.boot.autoconfigure.web.servlet.DispatcherServletAutoConfiguration'
2025-09-06T11:58:42.126+02:00 DEBUG 6906 --- [demo10] [           main] o.s.b.f.s.DefaultListableBeanFactory     : Creating shared instance of singleton bean 'org.springframework.boot.autoconfigure.task.TaskExecutorConfigurations$SimpleAsyncTaskExecutorBuilderConfiguration'
2025-09-06T11:58:42.126+02:00 DEBUG 6906 --- [demo10] [           main] o.s.b.f.s.DefaultListableBeanFactory     : Autowiring by type from bean name 'org.springframework.boot.autoconfigure.task.TaskExecutorConfigurations$SimpleAsyncTaskExecutorBuilderConfiguration' via constructor to bean named 'spring.task.execution-org.springframework.boot.autoconfigure.task.TaskExecutionProperties'
2025-09-06T11:58:42.127+02:00 DEBUG 6906 --- [demo10] [           main] o.s.b.f.s.DefaultListableBeanFactory     : Creating shared instance of singleton bean 'simpleAsyncTaskExecutorBuilder'
2025-09-06T11:58:42.127+02:00 DEBUG 6906 --- [demo10] [           main] o.s.b.f.s.DefaultListableBeanFactory     : Creating shared instance of singleton bean 'org.springframework.boot.autoconfigure.task.TaskExecutorConfigurations$AsyncConfigurerConfiguration'
2025-09-06T11:58:42.127+02:00 DEBUG 6906 --- [demo10] [           main] o.s.b.f.s.DefaultListableBeanFactory     : Creating shared instance of singleton bean 'applicationTaskExecutorAsyncConfigurer'
2025-09-06T11:58:42.127+02:00 DEBUG 6906 --- [demo10] [           main] o.s.b.f.s.DefaultListableBeanFactory     : Autowiring by type from bean name 'applicationTaskExecutorAsyncConfigurer' via factory method to bean named 'org.springframework.beans.factory.support.DefaultListableBeanFactory@535779e4'
2025-09-06T11:58:42.128+02:00 DEBUG 6906 --- [demo10] [           main] o.s.b.f.s.DefaultListableBeanFactory     : Creating shared instance of singleton bean 'org.springframework.boot.autoconfigure.task.TaskExecutorConfigurations$BootstrapExecutorConfiguration'
2025-09-06T11:58:42.128+02:00 DEBUG 6906 --- [demo10] [           main] o.s.b.f.s.DefaultListableBeanFactory     : Creating shared instance of singleton bean 'org.springframework.boot.autoconfigure.task.TaskExecutionAutoConfiguration'
2025-09-06T11:58:42.128+02:00 DEBUG 6906 --- [demo10] [           main] o.s.b.f.s.DefaultListableBeanFactory     : Creating shared instance of singleton bean 'org.springframework.boot.autoconfigure.validation.ValidationAutoConfiguration'
2025-09-06T11:58:42.128+02:00 DEBUG 6906 --- [demo10] [           main] o.s.b.f.s.DefaultListableBeanFactory     : Creating shared instance of singleton bean 'defaultValidator'
2025-09-06T11:58:42.128+02:00 DEBUG 6906 --- [demo10] [           main] o.s.b.f.s.DefaultListableBeanFactory     : Autowiring by type from bean name 'defaultValidator' via factory method to bean named 'org.springframework.boot.web.servlet.context.AnnotationConfigServletWebServerApplicationContext@5038d0b5'
2025-09-06T11:58:42.132+02:00 DEBUG 6906 --- [demo10] [           main] o.s.b.f.s.DefaultListableBeanFactory     : Creating shared instance of singleton bean 'org.springframework.boot.autoconfigure.web.servlet.error.ErrorMvcAutoConfiguration$WhitelabelErrorViewConfiguration'
2025-09-06T11:58:42.132+02:00 DEBUG 6906 --- [demo10] [           main] o.s.b.f.s.DefaultListableBeanFactory     : Creating shared instance of singleton bean 'error'
2025-09-06T11:58:42.132+02:00 DEBUG 6906 --- [demo10] [           main] o.s.b.f.s.DefaultListableBeanFactory     : Creating shared instance of singleton bean 'beanNameViewResolver'
2025-09-06T11:58:42.133+02:00 DEBUG 6906 --- [demo10] [           main] o.s.b.f.s.DefaultListableBeanFactory     : Creating shared instance of singleton bean 'org.springframework.boot.autoconfigure.web.servlet.error.ErrorMvcAutoConfiguration$DefaultErrorViewResolverConfiguration'
2025-09-06T11:58:42.133+02:00 DEBUG 6906 --- [demo10] [           main] o.s.b.f.s.DefaultListableBeanFactory     : Creating shared instance of singleton bean 'spring.web-org.springframework.boot.autoconfigure.web.WebProperties'
2025-09-06T11:58:42.134+02:00 DEBUG 6906 --- [demo10] [           main] o.s.b.f.s.DefaultListableBeanFactory     : Autowiring by type from bean name 'org.springframework.boot.autoconfigure.web.servlet.error.ErrorMvcAutoConfiguration$DefaultErrorViewResolverConfiguration' via constructor to bean named 'org.springframework.boot.web.servlet.context.AnnotationConfigServletWebServerApplicationContext@5038d0b5'
2025-09-06T11:58:42.134+02:00 DEBUG 6906 --- [demo10] [           main] o.s.b.f.s.DefaultListableBeanFactory     : Autowiring by type from bean name 'org.springframework.boot.autoconfigure.web.servlet.error.ErrorMvcAutoConfiguration$DefaultErrorViewResolverConfiguration' via constructor to bean named 'spring.web-org.springframework.boot.autoconfigure.web.WebProperties'
2025-09-06T11:58:42.134+02:00 DEBUG 6906 --- [demo10] [           main] o.s.b.f.s.DefaultListableBeanFactory     : Creating shared instance of singleton bean 'conventionErrorViewResolver'
2025-09-06T11:58:42.135+02:00 DEBUG 6906 --- [demo10] [           main] o.s.b.f.s.DefaultListableBeanFactory     : Creating shared instance of singleton bean 'errorAttributes'
2025-09-06T11:58:42.135+02:00 DEBUG 6906 --- [demo10] [           main] o.s.b.f.s.DefaultListableBeanFactory     : Creating shared instance of singleton bean 'basicErrorController'
2025-09-06T11:58:42.135+02:00 DEBUG 6906 --- [demo10] [           main] o.s.b.f.s.DefaultListableBeanFactory     : Autowiring by type from bean name 'basicErrorController' via factory method to bean named 'errorAttributes'
2025-09-06T11:58:42.136+02:00 DEBUG 6906 --- [demo10] [           main] o.s.b.f.s.DefaultListableBeanFactory     : Creating shared instance of singleton bean 'org.springframework.boot.autoconfigure.web.servlet.WebMvcAutoConfiguration$EnableWebMvcConfiguration'
2025-09-06T11:58:42.137+02:00 DEBUG 6906 --- [demo10] [           main] o.s.b.f.s.DefaultListableBeanFactory     : Autowiring by type from bean name 'org.springframework.boot.autoconfigure.web.servlet.WebMvcAutoConfiguration$EnableWebMvcConfiguration' via constructor to bean named 'spring.mvc-org.springframework.boot.autoconfigure.web.servlet.WebMvcProperties'
2025-09-06T11:58:42.137+02:00 DEBUG 6906 --- [demo10] [           main] o.s.b.f.s.DefaultListableBeanFactory     : Autowiring by type from bean name 'org.springframework.boot.autoconfigure.web.servlet.WebMvcAutoConfiguration$EnableWebMvcConfiguration' via constructor to bean named 'spring.web-org.springframework.boot.autoconfigure.web.WebProperties'
2025-09-06T11:58:42.137+02:00 DEBUG 6906 --- [demo10] [           main] o.s.b.f.s.DefaultListableBeanFactory     : Autowiring by type from bean name 'org.springframework.boot.autoconfigure.web.servlet.WebMvcAutoConfiguration$EnableWebMvcConfiguration' via constructor to bean named 'org.springframework.beans.factory.support.DefaultListableBeanFactory@535779e4'
2025-09-06T11:58:42.138+02:00 DEBUG 6906 --- [demo10] [           main] o.s.b.f.s.DefaultListableBeanFactory     : Creating shared instance of singleton bean 'org.springframework.boot.autoconfigure.web.servlet.WebMvcAutoConfiguration$WebMvcAutoConfigurationAdapter'
2025-09-06T11:58:42.139+02:00 DEBUG 6906 --- [demo10] [           main] o.s.b.f.s.DefaultListableBeanFactory     : Autowiring by type from bean name 'org.springframework.boot.autoconfigure.web.servlet.WebMvcAutoConfiguration$WebMvcAutoConfigurationAdapter' via constructor to bean named 'spring.web-org.springframework.boot.autoconfigure.web.WebProperties'
2025-09-06T11:58:42.139+02:00 DEBUG 6906 --- [demo10] [           main] o.s.b.f.s.DefaultListableBeanFactory     : Autowiring by type from bean name 'org.springframework.boot.autoconfigure.web.servlet.WebMvcAutoConfiguration$WebMvcAutoConfigurationAdapter' via constructor to bean named 'spring.mvc-org.springframework.boot.autoconfigure.web.servlet.WebMvcProperties'
2025-09-06T11:58:42.139+02:00 DEBUG 6906 --- [demo10] [           main] o.s.b.f.s.DefaultListableBeanFactory     : Autowiring by type from bean name 'org.springframework.boot.autoconfigure.web.servlet.WebMvcAutoConfiguration$WebMvcAutoConfigurationAdapter' via constructor to bean named 'org.springframework.beans.factory.support.DefaultListableBeanFactory@535779e4'
2025-09-06T11:58:42.139+02:00 DEBUG 6906 --- [demo10] [           main] o.s.b.f.s.DefaultListableBeanFactory     : Creating shared instance of singleton bean 'openEntityManagerInViewInterceptorConfigurer'
2025-09-06T11:58:42.139+02:00 DEBUG 6906 --- [demo10] [           main] o.s.b.f.s.DefaultListableBeanFactory     : Creating shared instance of singleton bean 'org.springframework.boot.autoconfigure.orm.jpa.JpaBaseConfiguration$JpaWebConfiguration'
2025-09-06T11:58:42.140+02:00 DEBUG 6906 --- [demo10] [           main] o.s.b.f.s.DefaultListableBeanFactory     : Autowiring by type from bean name 'org.springframework.boot.autoconfigure.orm.jpa.JpaBaseConfiguration$JpaWebConfiguration' via constructor to bean named 'spring.jpa-org.springframework.boot.autoconfigure.orm.jpa.JpaProperties'
2025-09-06T11:58:42.140+02:00 DEBUG 6906 --- [demo10] [           main] o.s.b.f.s.DefaultListableBeanFactory     : Creating shared instance of singleton bean 'openEntityManagerInViewInterceptor'
2025-09-06T11:58:42.140+02:00  WARN 6906 --- [demo10] [           main] JpaBaseConfiguration$JpaWebConfiguration : spring.jpa.open-in-view is enabled by default. Therefore, database queries may be performed during view rendering. Explicitly configure spring.jpa.open-in-view to disable this warning
2025-09-06T11:58:42.141+02:00 DEBUG 6906 --- [demo10] [           main] o.s.b.f.s.DefaultListableBeanFactory     : Autowiring by type from bean name 'openEntityManagerInViewInterceptorConfigurer' via factory method to bean named 'openEntityManagerInViewInterceptor'
2025-09-06T11:58:42.141+02:00 DEBUG 6906 --- [demo10] [           main] o.s.b.f.s.DefaultListableBeanFactory     : Creating shared instance of singleton bean 'org.springframework.data.web.config.SpringDataWebConfiguration'
2025-09-06T11:58:42.141+02:00 DEBUG 6906 --- [demo10] [           main] o.s.b.f.s.DefaultListableBeanFactory     : Autowiring by type from bean name 'org.springframework.data.web.config.SpringDataWebConfiguration' via constructor to bean named 'org.springframework.boot.web.servlet.context.AnnotationConfigServletWebServerApplicationContext@5038d0b5'
2025-09-06T11:58:42.143+02:00 DEBUG 6906 --- [demo10] [           main] o.s.b.f.s.DefaultListableBeanFactory     : Creating shared instance of singleton bean 'welcomePageHandlerMapping'
2025-09-06T11:58:42.143+02:00 DEBUG 6906 --- [demo10] [           main] o.s.b.f.s.DefaultListableBeanFactory     : Creating shared instance of singleton bean 'mvcConversionService'
2025-09-06T11:58:42.146+02:00 DEBUG 6906 --- [demo10] [           main] o.s.b.f.s.DefaultListableBeanFactory     : Creating shared instance of singleton bean 'mvcResourceUrlProvider'
2025-09-06T11:58:42.147+02:00 DEBUG 6906 --- [demo10] [           main] o.s.b.f.s.DefaultListableBeanFactory     : Autowiring by type from bean name 'welcomePageHandlerMapping' via factory method to bean named 'org.springframework.boot.web.servlet.context.AnnotationConfigServletWebServerApplicationContext@5038d0b5'
2025-09-06T11:58:42.147+02:00 DEBUG 6906 --- [demo10] [           main] o.s.b.f.s.DefaultListableBeanFactory     : Autowiring by type from bean name 'welcomePageHandlerMapping' via factory method to bean named 'mvcConversionService'
2025-09-06T11:58:42.147+02:00 DEBUG 6906 --- [demo10] [           main] o.s.b.f.s.DefaultListableBeanFactory     : Autowiring by type from bean name 'welcomePageHandlerMapping' via factory method to bean named 'mvcResourceUrlProvider'
2025-09-06T11:58:42.155+02:00 DEBUG 6906 --- [demo10] [           main] o.s.b.f.s.DefaultListableBeanFactory     : Creating shared instance of singleton bean 'welcomePageNotAcceptableHandlerMapping'
2025-09-06T11:58:42.155+02:00 DEBUG 6906 --- [demo10] [           main] o.s.b.f.s.DefaultListableBeanFactory     : Autowiring by type from bean name 'welcomePageNotAcceptableHandlerMapping' via factory method to bean named 'org.springframework.boot.web.servlet.context.AnnotationConfigServletWebServerApplicationContext@5038d0b5'
2025-09-06T11:58:42.155+02:00 DEBUG 6906 --- [demo10] [           main] o.s.b.f.s.DefaultListableBeanFactory     : Autowiring by type from bean name 'welcomePageNotAcceptableHandlerMapping' via factory method to bean named 'mvcConversionService'
2025-09-06T11:58:42.155+02:00 DEBUG 6906 --- [demo10] [           main] o.s.b.f.s.DefaultListableBeanFactory     : Autowiring by type from bean name 'welcomePageNotAcceptableHandlerMapping' via factory method to bean named 'mvcResourceUrlProvider'
2025-09-06T11:58:42.156+02:00 DEBUG 6906 --- [demo10] [           main] o.s.b.f.s.DefaultListableBeanFactory     : Creating shared instance of singleton bean 'localeResolver'
2025-09-06T11:58:42.157+02:00 DEBUG 6906 --- [demo10] [           main] o.s.b.f.s.DefaultListableBeanFactory     : Creating shared instance of singleton bean 'themeResolver'
2025-09-06T11:58:42.157+02:00 DEBUG 6906 --- [demo10] [           main] o.s.b.f.s.DefaultListableBeanFactory     : Creating shared instance of singleton bean 'flashMapManager'
2025-09-06T11:58:42.158+02:00 DEBUG 6906 --- [demo10] [           main] o.s.b.f.s.DefaultListableBeanFactory     : Creating shared instance of singleton bean 'viewNameTranslator'
2025-09-06T11:58:42.158+02:00 DEBUG 6906 --- [demo10] [           main] o.s.b.f.s.DefaultListableBeanFactory     : Creating shared instance of singleton bean 'mvcValidator'
2025-09-06T11:58:42.158+02:00 DEBUG 6906 --- [demo10] [           main] o.s.b.f.s.DefaultListableBeanFactory     : Creating shared instance of singleton bean 'mvcContentNegotiationManager'
2025-09-06T11:58:42.160+02:00 DEBUG 6906 --- [demo10] [           main] o.s.b.f.s.DefaultListableBeanFactory     : Creating shared instance of singleton bean 'requestMappingHandlerMapping'
2025-09-06T11:58:42.160+02:00 DEBUG 6906 --- [demo10] [           main] o.s.b.f.s.DefaultListableBeanFactory     : Autowiring by type from bean name 'requestMappingHandlerMapping' via factory method to bean named 'mvcContentNegotiationManager'
2025-09-06T11:58:42.160+02:00 DEBUG 6906 --- [demo10] [           main] o.s.b.f.s.DefaultListableBeanFactory     : Autowiring by type from bean name 'requestMappingHandlerMapping' via factory method to bean named 'mvcConversionService'
2025-09-06T11:58:42.160+02:00 DEBUG 6906 --- [demo10] [           main] o.s.b.f.s.DefaultListableBeanFactory     : Autowiring by type from bean name 'requestMappingHandlerMapping' via factory method to bean named 'mvcResourceUrlProvider'
2025-09-06T11:58:42.188+02:00 DEBUG 6906 --- [demo10] [           main] s.w.s.m.m.a.RequestMappingHandlerMapping : 72 mappings in 'requestMappingHandlerMapping'
2025-09-06T11:58:42.190+02:00 DEBUG 6906 --- [demo10] [           main] o.s.b.f.s.DefaultListableBeanFactory     : Creating shared instance of singleton bean 'mvcPatternParser'
2025-09-06T11:58:42.191+02:00 DEBUG 6906 --- [demo10] [           main] o.s.b.f.s.DefaultListableBeanFactory     : Creating shared instance of singleton bean 'mvcUrlPathHelper'
2025-09-06T11:58:42.191+02:00 DEBUG 6906 --- [demo10] [           main] o.s.b.f.s.DefaultListableBeanFactory     : Creating shared instance of singleton bean 'mvcPathMatcher'
2025-09-06T11:58:42.191+02:00 DEBUG 6906 --- [demo10] [           main] o.s.b.f.s.DefaultListableBeanFactory     : Creating shared instance of singleton bean 'viewControllerHandlerMapping'
2025-09-06T11:58:42.191+02:00 DEBUG 6906 --- [demo10] [           main] o.s.b.f.s.DefaultListableBeanFactory     : Autowiring by type from bean name 'viewControllerHandlerMapping' via factory method to bean named 'mvcConversionService'
2025-09-06T11:58:42.191+02:00 DEBUG 6906 --- [demo10] [           main] o.s.b.f.s.DefaultListableBeanFactory     : Autowiring by type from bean name 'viewControllerHandlerMapping' via factory method to bean named 'mvcResourceUrlProvider'
2025-09-06T11:58:42.191+02:00 DEBUG 6906 --- [demo10] [           main] o.s.b.f.s.DefaultListableBeanFactory     : Creating shared instance of singleton bean 'beanNameHandlerMapping'
2025-09-06T11:58:42.191+02:00 DEBUG 6906 --- [demo10] [           main] o.s.b.f.s.DefaultListableBeanFactory     : Autowiring by type from bean name 'beanNameHandlerMapping' via factory method to bean named 'mvcConversionService'
2025-09-06T11:58:42.191+02:00 DEBUG 6906 --- [demo10] [           main] o.s.b.f.s.DefaultListableBeanFactory     : Autowiring by type from bean name 'beanNameHandlerMapping' via factory method to bean named 'mvcResourceUrlProvider'
2025-09-06T11:58:42.193+02:00 DEBUG 6906 --- [demo10] [           main] o.s.b.f.s.DefaultListableBeanFactory     : Creating shared instance of singleton bean 'routerFunctionMapping'
2025-09-06T11:58:42.193+02:00 DEBUG 6906 --- [demo10] [           main] o.s.b.f.s.DefaultListableBeanFactory     : Autowiring by type from bean name 'routerFunctionMapping' via factory method to bean named 'mvcConversionService'
2025-09-06T11:58:42.193+02:00 DEBUG 6906 --- [demo10] [           main] o.s.b.f.s.DefaultListableBeanFactory     : Autowiring by type from bean name 'routerFunctionMapping' via factory method to bean named 'mvcResourceUrlProvider'
2025-09-06T11:58:42.193+02:00 DEBUG 6906 --- [demo10] [           main] o.s.b.f.s.DefaultListableBeanFactory     : Creating shared instance of singleton bean 'messageConverters'
2025-09-06T11:58:42.193+02:00 DEBUG 6906 --- [demo10] [           main] o.s.b.f.s.DefaultListableBeanFactory     : Creating shared instance of singleton bean 'org.springframework.boot.autoconfigure.http.HttpMessageConvertersAutoConfiguration'
2025-09-06T11:58:42.194+02:00 DEBUG 6906 --- [demo10] [           main] o.s.b.f.s.DefaultListableBeanFactory     : Creating shared instance of singleton bean 'stringHttpMessageConverter'
2025-09-06T11:58:42.194+02:00 DEBUG 6906 --- [demo10] [           main] o.s.b.f.s.DefaultListableBeanFactory     : Creating shared instance of singleton bean 'org.springframework.boot.autoconfigure.http.HttpMessageConvertersAutoConfiguration$StringHttpMessageConverterConfiguration'
2025-09-06T11:58:42.194+02:00 DEBUG 6906 --- [demo10] [           main] o.s.b.f.s.DefaultListableBeanFactory     : Autowiring by type from bean name 'stringHttpMessageConverter' via factory method to bean named 'environment'
2025-09-06T11:58:42.195+02:00 DEBUG 6906 --- [demo10] [           main] o.s.b.f.s.DefaultListableBeanFactory     : Creating shared instance of singleton bean 'mappingJackson2HttpMessageConverter'
2025-09-06T11:58:42.195+02:00 DEBUG 6906 --- [demo10] [           main] o.s.b.f.s.DefaultListableBeanFactory     : Creating shared instance of singleton bean 'org.springframework.boot.autoconfigure.http.JacksonHttpMessageConvertersConfiguration$MappingJackson2HttpMessageConverterConfiguration'
2025-09-06T11:58:42.196+02:00 DEBUG 6906 --- [demo10] [           main] o.s.b.f.s.DefaultListableBeanFactory     : Creating shared instance of singleton bean 'jacksonObjectMapper'
2025-09-06T11:58:42.196+02:00 DEBUG 6906 --- [demo10] [           main] o.s.b.f.s.DefaultListableBeanFactory     : Creating shared instance of singleton bean 'org.springframework.boot.autoconfigure.jackson.JacksonAutoConfiguration$JacksonObjectMapperConfiguration'
2025-09-06T11:58:42.196+02:00 DEBUG 6906 --- [demo10] [           main] o.s.b.f.s.DefaultListableBeanFactory     : Creating shared instance of singleton bean 'org.springframework.boot.autoconfigure.jackson.JacksonAutoConfiguration$JacksonObjectMapperBuilderConfiguration'
2025-09-06T11:58:42.196+02:00 DEBUG 6906 --- [demo10] [           main] o.s.b.f.s.DefaultListableBeanFactory     : Creating shared instance of singleton bean 'standardJacksonObjectMapperBuilderCustomizer'
2025-09-06T11:58:42.196+02:00 DEBUG 6906 --- [demo10] [           main] o.s.b.f.s.DefaultListableBeanFactory     : Creating shared instance of singleton bean 'org.springframework.boot.autoconfigure.jackson.JacksonAutoConfiguration$Jackson2ObjectMapperBuilderCustomizerConfiguration'
2025-09-06T11:58:42.196+02:00 DEBUG 6906 --- [demo10] [           main] o.s.b.f.s.DefaultListableBeanFactory     : Creating shared instance of singleton bean 'spring.jackson-org.springframework.boot.autoconfigure.jackson.JacksonProperties'
2025-09-06T11:58:42.197+02:00 DEBUG 6906 --- [demo10] [           main] o.s.b.f.s.DefaultListableBeanFactory     : Autowiring by type from bean name 'standardJacksonObjectMapperBuilderCustomizer' via factory method to bean named 'spring.jackson-org.springframework.boot.autoconfigure.jackson.JacksonProperties'
2025-09-06T11:58:42.197+02:00 DEBUG 6906 --- [demo10] [           main] o.s.b.f.s.DefaultListableBeanFactory     : Creating shared instance of singleton bean 'parameterNamesModule'
2025-09-06T11:58:42.197+02:00 DEBUG 6906 --- [demo10] [           main] o.s.b.f.s.DefaultListableBeanFactory     : Creating shared instance of singleton bean 'org.springframework.boot.autoconfigure.jackson.JacksonAutoConfiguration$ParameterNamesModuleConfiguration'
2025-09-06T11:58:42.198+02:00 DEBUG 6906 --- [demo10] [           main] o.s.b.f.s.DefaultListableBeanFactory     : Creating shared instance of singleton bean 'jsonMixinModule'
2025-09-06T11:58:42.198+02:00 DEBUG 6906 --- [demo10] [           main] o.s.b.f.s.DefaultListableBeanFactory     : Creating shared instance of singleton bean 'org.springframework.boot.autoconfigure.jackson.JacksonAutoConfiguration$JacksonMixinConfiguration'
2025-09-06T11:58:42.198+02:00 DEBUG 6906 --- [demo10] [           main] o.s.b.f.s.DefaultListableBeanFactory     : Creating shared instance of singleton bean 'jsonMixinModuleEntries'
2025-09-06T11:58:42.198+02:00 DEBUG 6906 --- [demo10] [           main] o.s.b.f.s.DefaultListableBeanFactory     : Autowiring by type from bean name 'jsonMixinModuleEntries' via factory method to bean named 'org.springframework.boot.web.servlet.context.AnnotationConfigServletWebServerApplicationContext@5038d0b5'
2025-09-06T11:58:42.200+02:00 DEBUG 6906 --- [demo10] [           main] o.s.b.f.s.DefaultListableBeanFactory     : Autowiring by type from bean name 'jsonMixinModule' via factory method to bean named 'org.springframework.boot.web.servlet.context.AnnotationConfigServletWebServerApplicationContext@5038d0b5'
2025-09-06T11:58:42.200+02:00 DEBUG 6906 --- [demo10] [           main] o.s.b.f.s.DefaultListableBeanFactory     : Autowiring by type from bean name 'jsonMixinModule' via factory method to bean named 'jsonMixinModuleEntries'
2025-09-06T11:58:42.201+02:00 DEBUG 6906 --- [demo10] [           main] o.s.b.f.s.DefaultListableBeanFactory     : Creating shared instance of singleton bean 'jsonComponentModule'
2025-09-06T11:58:42.201+02:00 DEBUG 6906 --- [demo10] [           main] o.s.b.f.s.DefaultListableBeanFactory     : Creating shared instance of singleton bean 'org.springframework.boot.autoconfigure.jackson.JacksonAutoConfiguration'
2025-09-06T11:58:42.203+02:00 DEBUG 6906 --- [demo10] [           main] o.s.b.f.s.DefaultListableBeanFactory     : Creating shared instance of singleton bean 'jacksonGeoModule'
2025-09-06T11:58:42.203+02:00 DEBUG 6906 --- [demo10] [           main] o.s.b.f.s.DefaultListableBeanFactory     : Creating shared instance of singleton bean 'org.springframework.data.web.config.SpringDataJacksonConfiguration'
2025-09-06T11:58:42.203+02:00 DEBUG 6906 --- [demo10] [           main] o.s.b.f.s.DefaultListableBeanFactory     : Creating shared instance of singleton bean 'springDataWebSettings'
2025-09-06T11:58:42.203+02:00 DEBUG 6906 --- [demo10] [           main] o.s.b.f.s.DefaultListableBeanFactory     : Creating shared instance of singleton bean 'org.springframework.boot.autoconfigure.data.web.SpringDataWebAutoConfiguration'
2025-09-06T11:58:42.203+02:00 DEBUG 6906 --- [demo10] [           main] o.s.b.f.s.DefaultListableBeanFactory     : Creating shared instance of singleton bean 'spring.data.web-org.springframework.boot.autoconfigure.data.web.SpringDataWebProperties'
2025-09-06T11:58:42.204+02:00 DEBUG 6906 --- [demo10] [           main] o.s.b.f.s.DefaultListableBeanFactory     : Autowiring by type from bean name 'org.springframework.boot.autoconfigure.data.web.SpringDataWebAutoConfiguration' via constructor to bean named 'spring.data.web-org.springframework.boot.autoconfigure.data.web.SpringDataWebProperties'
2025-09-06T11:58:42.205+02:00 DEBUG 6906 --- [demo10] [           main] o.s.b.f.s.DefaultListableBeanFactory     : Creating shared instance of singleton bean 'pageModule'
2025-09-06T11:58:42.206+02:00 DEBUG 6906 --- [demo10] [           main] o.s.b.f.s.DefaultListableBeanFactory     : Autowiring by type from bean name 'jacksonObjectMapperBuilder' via factory method to bean named 'org.springframework.boot.web.servlet.context.AnnotationConfigServletWebServerApplicationContext@5038d0b5'
2025-09-06T11:58:42.206+02:00 DEBUG 6906 --- [demo10] [           main] o.s.b.f.s.DefaultListableBeanFactory     : Autowiring by type from bean name 'jacksonObjectMapperBuilder' via factory method to bean named 'standardJacksonObjectMapperBuilderCustomizer'
2025-09-06T11:58:42.206+02:00 DEBUG 6906 --- [demo10] [           main] o.s.b.f.s.DefaultListableBeanFactory     : Autowiring by type from bean name 'jacksonObjectMapper' via factory method to bean named 'jacksonObjectMapperBuilder'
2025-09-06T11:58:42.212+02:00 DEBUG 6906 --- [demo10] [           main] o.s.b.f.s.DefaultListableBeanFactory     : Autowiring by type from bean name 'mappingJackson2HttpMessageConverter' via factory method to bean named 'jacksonObjectMapper'
2025-09-06T11:58:42.216+02:00 DEBUG 6906 --- [demo10] [           main] o.s.b.f.s.DefaultListableBeanFactory     : Creating shared instance of singleton bean 'resourceHandlerMapping'
2025-09-06T11:58:42.217+02:00 DEBUG 6906 --- [demo10] [           main] o.s.b.f.s.DefaultListableBeanFactory     : Autowiring by type from bean name 'resourceHandlerMapping' via factory method to bean named 'mvcContentNegotiationManager'
2025-09-06T11:58:42.217+02:00 DEBUG 6906 --- [demo10] [           main] o.s.b.f.s.DefaultListableBeanFactory     : Autowiring by type from bean name 'resourceHandlerMapping' via factory method to bean named 'mvcConversionService'
2025-09-06T11:58:42.217+02:00 DEBUG 6906 --- [demo10] [           main] o.s.b.f.s.DefaultListableBeanFactory     : Autowiring by type from bean name 'resourceHandlerMapping' via factory method to bean named 'mvcResourceUrlProvider'
2025-09-06T11:58:42.222+02:00 DEBUG 6906 --- [demo10] [           main] o.s.w.s.handler.SimpleUrlHandlerMapping  : Patterns [/webjars/**, /**, /models/**] in 'resourceHandlerMapping'
2025-09-06T11:58:42.223+02:00 DEBUG 6906 --- [demo10] [           main] o.s.b.f.s.DefaultListableBeanFactory     : Creating shared instance of singleton bean 'defaultServletHandlerMapping'
2025-09-06T11:58:42.223+02:00 DEBUG 6906 --- [demo10] [           main] o.s.b.f.s.DefaultListableBeanFactory     : Creating shared instance of singleton bean 'requestMappingHandlerAdapter'
2025-09-06T11:58:42.223+02:00 DEBUG 6906 --- [demo10] [           main] o.s.b.f.s.DefaultListableBeanFactory     : Autowiring by type from bean name 'requestMappingHandlerAdapter' via factory method to bean named 'mvcContentNegotiationManager'
2025-09-06T11:58:42.223+02:00 DEBUG 6906 --- [demo10] [           main] o.s.b.f.s.DefaultListableBeanFactory     : Autowiring by type from bean name 'requestMappingHandlerAdapter' via factory method to bean named 'mvcConversionService'
2025-09-06T11:58:42.223+02:00 DEBUG 6906 --- [demo10] [           main] o.s.b.f.s.DefaultListableBeanFactory     : Autowiring by type from bean name 'requestMappingHandlerAdapter' via factory method to bean named 'mvcValidator'
2025-09-06T11:58:42.225+02:00 DEBUG 6906 --- [demo10] [           main] o.s.b.f.s.DefaultListableBeanFactory     : Creating shared instance of singleton bean 'sortResolver'
2025-09-06T11:58:42.225+02:00 DEBUG 6906 --- [demo10] [           main] o.s.b.f.s.DefaultListableBeanFactory     : Creating shared instance of singleton bean 'sortCustomizer'
2025-09-06T11:58:42.226+02:00 DEBUG 6906 --- [demo10] [           main] o.s.b.f.s.DefaultListableBeanFactory     : Creating shared instance of singleton bean 'pageableResolver'
2025-09-06T11:58:42.226+02:00 DEBUG 6906 --- [demo10] [           main] o.s.b.f.s.DefaultListableBeanFactory     : Creating shared instance of singleton bean 'pageableCustomizer'
2025-09-06T11:58:42.231+02:00 DEBUG 6906 --- [demo10] [           main] s.w.s.m.m.a.RequestMappingHandlerAdapter : ControllerAdvice beans: 0 @ModelAttribute, 0 @InitBinder, 1 RequestBodyAdvice, 1 ResponseBodyAdvice
2025-09-06T11:58:42.239+02:00 DEBUG 6906 --- [demo10] [           main] o.s.b.f.s.DefaultListableBeanFactory     : Creating shared instance of singleton bean 'mvcViewResolver'
2025-09-06T11:58:42.239+02:00 DEBUG 6906 --- [demo10] [           main] o.s.b.f.s.DefaultListableBeanFactory     : Autowiring by type from bean name 'mvcViewResolver' via factory method to bean named 'mvcContentNegotiationManager'
2025-09-06T11:58:42.239+02:00 DEBUG 6906 --- [demo10] [           main] o.s.b.f.s.DefaultListableBeanFactory     : Creating shared instance of singleton bean 'defaultViewResolver'
2025-09-06T11:58:42.242+02:00 DEBUG 6906 --- [demo10] [           main] o.s.b.f.s.DefaultListableBeanFactory     : Creating shared instance of singleton bean 'viewResolver'
2025-09-06T11:58:42.242+02:00 DEBUG 6906 --- [demo10] [           main] o.s.b.f.s.DefaultListableBeanFactory     : Autowiring by type from bean name 'viewResolver' via factory method to bean named 'org.springframework.beans.factory.support.DefaultListableBeanFactory@535779e4'
2025-09-06T11:58:42.242+02:00 DEBUG 6906 --- [demo10] [           main] o.s.b.f.s.DefaultListableBeanFactory     : Creating shared instance of singleton bean 'viewResolver'
2025-09-06T11:58:42.245+02:00 DEBUG 6906 --- [demo10] [           main] o.s.b.f.s.DefaultListableBeanFactory     : Creating shared instance of singleton bean 'handlerFunctionAdapter'
2025-09-06T11:58:42.246+02:00 DEBUG 6906 --- [demo10] [           main] o.s.b.f.s.DefaultListableBeanFactory     : Creating shared instance of singleton bean 'mvcUriComponentsContributor'
2025-09-06T11:58:42.246+02:00 DEBUG 6906 --- [demo10] [           main] o.s.b.f.s.DefaultListableBeanFactory     : Autowiring by type from bean name 'mvcUriComponentsContributor' via factory method to bean named 'mvcConversionService'
2025-09-06T11:58:42.246+02:00 DEBUG 6906 --- [demo10] [           main] o.s.b.f.s.DefaultListableBeanFactory     : Autowiring by type from bean name 'mvcUriComponentsContributor' via factory method to bean named 'requestMappingHandlerAdapter'
2025-09-06T11:58:42.247+02:00 DEBUG 6906 --- [demo10] [           main] o.s.b.f.s.DefaultListableBeanFactory     : Creating shared instance of singleton bean 'httpRequestHandlerAdapter'
2025-09-06T11:58:42.247+02:00 DEBUG 6906 --- [demo10] [           main] o.s.b.f.s.DefaultListableBeanFactory     : Creating shared instance of singleton bean 'simpleControllerHandlerAdapter'
2025-09-06T11:58:42.247+02:00 DEBUG 6906 --- [demo10] [           main] o.s.b.f.s.DefaultListableBeanFactory     : Creating shared instance of singleton bean 'handlerExceptionResolver'
2025-09-06T11:58:42.247+02:00 DEBUG 6906 --- [demo10] [           main] o.s.b.f.s.DefaultListableBeanFactory     : Autowiring by type from bean name 'handlerExceptionResolver' via factory method to bean named 'mvcContentNegotiationManager'
2025-09-06T11:58:42.250+02:00 DEBUG 6906 --- [demo10] [           main] .m.m.a.ExceptionHandlerExceptionResolver : ControllerAdvice beans: 1 @ExceptionHandler, 1 ResponseBodyAdvice
2025-09-06T11:58:42.250+02:00 DEBUG 6906 --- [demo10] [           main] o.s.b.f.s.DefaultListableBeanFactory     : Creating shared instance of singleton bean 'org.springframework.boot.autoconfigure.aop.AopAutoConfiguration$AspectJAutoProxyingConfiguration$CglibAutoProxyConfiguration'
2025-09-06T11:58:42.251+02:00 DEBUG 6906 --- [demo10] [           main] o.s.b.f.s.DefaultListableBeanFactory     : Creating shared instance of singleton bean 'org.springframework.boot.autoconfigure.aop.AopAutoConfiguration$AspectJAutoProxyingConfiguration'
2025-09-06T11:58:42.251+02:00 DEBUG 6906 --- [demo10] [           main] o.s.b.f.s.DefaultListableBeanFactory     : Creating shared instance of singleton bean 'org.springframework.boot.autoconfigure.aop.AopAutoConfiguration'
2025-09-06T11:58:42.251+02:00 DEBUG 6906 --- [demo10] [           main] o.s.b.f.s.DefaultListableBeanFactory     : Creating shared instance of singleton bean 'org.springframework.boot.autoconfigure.availability.ApplicationAvailabilityAutoConfiguration'
2025-09-06T11:58:42.251+02:00 DEBUG 6906 --- [demo10] [           main] o.s.b.f.s.DefaultListableBeanFactory     : Creating shared instance of singleton bean 'applicationAvailability'
2025-09-06T11:58:42.251+02:00 DEBUG 6906 --- [demo10] [           main] o.s.b.f.s.DefaultListableBeanFactory     : Creating shared instance of singleton bean 'org.springframework.boot.autoconfigure.transaction.jta.JtaAutoConfiguration'
2025-09-06T11:58:42.251+02:00 DEBUG 6906 --- [demo10] [           main] o.s.b.f.s.DefaultListableBeanFactory     : Creating shared instance of singleton bean 'org.springframework.boot.autoconfigure.jdbc.metadata.DataSourcePoolMetadataProvidersConfiguration'
2025-09-06T11:58:42.251+02:00 DEBUG 6906 --- [demo10] [           main] o.s.b.f.s.DefaultListableBeanFactory     : Creating shared instance of singleton bean 'org.springframework.boot.autoconfigure.jdbc.DataSourceAutoConfiguration'
2025-09-06T11:58:42.251+02:00 DEBUG 6906 --- [demo10] [           main] o.s.b.f.s.DefaultListableBeanFactory     : Creating shared instance of singleton bean 'org.springframework.boot.autoconfigure.transaction.TransactionManagerCustomizationAutoConfiguration'
2025-09-06T11:58:42.252+02:00 DEBUG 6906 --- [demo10] [           main] o.s.b.f.s.DefaultListableBeanFactory     : Creating shared instance of singleton bean 'platformTransactionManagerCustomizers'
2025-09-06T11:58:42.252+02:00 DEBUG 6906 --- [demo10] [           main] o.s.b.f.s.DefaultListableBeanFactory     : Creating shared instance of singleton bean 'transactionExecutionListeners'
2025-09-06T11:58:42.253+02:00 DEBUG 6906 --- [demo10] [           main] o.s.b.f.s.DefaultListableBeanFactory     : Creating shared instance of singleton bean 'spring.transaction-org.springframework.boot.autoconfigure.transaction.TransactionProperties'
2025-09-06T11:58:42.253+02:00 DEBUG 6906 --- [demo10] [           main] o.s.b.f.s.DefaultListableBeanFactory     : Creating shared instance of singleton bean 'org.springframework.boot.autoconfigure.orm.jpa.JpaBaseConfiguration$PersistenceManagedTypesConfiguration'
2025-09-06T11:58:42.254+02:00 DEBUG 6906 --- [demo10] [           main] o.s.b.f.s.DefaultListableBeanFactory     : Creating shared instance of singleton bean 'transactionManager'
2025-09-06T11:58:42.256+02:00 DEBUG 6906 --- [demo10] [           main] o.s.b.f.s.DefaultListableBeanFactory     : Creating shared instance of singleton bean 'org.springframework.boot.autoconfigure.orm.jpa.HibernateJpaAutoConfiguration'
2025-09-06T11:58:42.256+02:00 DEBUG 6906 --- [demo10] [           main] o.s.b.f.s.DefaultListableBeanFactory     : Creating shared instance of singleton bean 'org.springframework.boot.autoconfigure.context.ConfigurationPropertiesAutoConfiguration'
2025-09-06T11:58:42.256+02:00 DEBUG 6906 --- [demo10] [           main] o.s.b.f.s.DefaultListableBeanFactory     : Creating shared instance of singleton bean 'org.springframework.boot.autoconfigure.context.LifecycleAutoConfiguration'
2025-09-06T11:58:42.256+02:00 DEBUG 6906 --- [demo10] [           main] o.s.b.f.s.DefaultListableBeanFactory     : Creating shared instance of singleton bean 'lifecycleProcessor'
2025-09-06T11:58:42.256+02:00 DEBUG 6906 --- [demo10] [           main] o.s.b.f.s.DefaultListableBeanFactory     : Creating shared instance of singleton bean 'spring.lifecycle-org.springframework.boot.autoconfigure.context.LifecycleProperties'
2025-09-06T11:58:42.256+02:00 DEBUG 6906 --- [demo10] [           main] o.s.b.f.s.DefaultListableBeanFactory     : Autowiring by type from bean name 'lifecycleProcessor' via factory method to bean named 'spring.lifecycle-org.springframework.boot.autoconfigure.context.LifecycleProperties'
2025-09-06T11:58:42.257+02:00 DEBUG 6906 --- [demo10] [           main] o.s.b.f.s.DefaultListableBeanFactory     : Creating shared instance of singleton bean 'org.springframework.boot.autoconfigure.dao.PersistenceExceptionTranslationAutoConfiguration'
2025-09-06T11:58:42.257+02:00 DEBUG 6906 --- [demo10] [           main] o.s.b.f.s.DefaultListableBeanFactory     : Creating shared instance of singleton bean 'org.springframework.boot.autoconfigure.data.jpa.JpaRepositoriesAutoConfiguration'
2025-09-06T11:58:42.257+02:00 DEBUG 6906 --- [demo10] [           main] o.s.b.f.s.DefaultListableBeanFactory     : Creating shared instance of singleton bean 'org.springframework.data.jpa.util.JpaMetamodelCacheCleanup'
2025-09-06T11:58:42.257+02:00 DEBUG 6906 --- [demo10] [           main] o.s.b.f.s.DefaultListableBeanFactory     : Creating shared instance of singleton bean 'org.springframework.data.jpa.repository.support.JpaEvaluationContextExtension'
2025-09-06T11:58:42.258+02:00 DEBUG 6906 --- [demo10] [           main] o.s.b.f.s.DefaultListableBeanFactory     : Creating shared instance of singleton bean 'data-jpa.repository-aot-processor#0'
2025-09-06T11:58:42.260+02:00 DEBUG 6906 --- [demo10] [           main] o.s.b.f.s.DefaultListableBeanFactory     : Creating shared instance of singleton bean 'org.springframework.boot.autoconfigure.http.JacksonHttpMessageConvertersConfiguration'
2025-09-06T11:58:42.260+02:00 DEBUG 6906 --- [demo10] [           main] o.s.b.f.s.DefaultListableBeanFactory     : Creating shared instance of singleton bean 'org.springframework.data.web.config.ProjectingArgumentResolverRegistrar'
2025-09-06T11:58:42.260+02:00 DEBUG 6906 --- [demo10] [           main] o.s.b.f.s.DefaultListableBeanFactory     : Creating shared instance of singleton bean 'offsetResolver'
2025-09-06T11:58:42.260+02:00 DEBUG 6906 --- [demo10] [           main] o.s.b.f.s.DefaultListableBeanFactory     : Creating shared instance of singleton bean 'org.springframework.boot.autoconfigure.http.client.HttpClientAutoConfiguration'
2025-09-06T11:58:42.260+02:00 DEBUG 6906 --- [demo10] [           main] o.s.b.f.s.DefaultListableBeanFactory     : Creating shared instance of singleton bean 'spring.http.client-org.springframework.boot.autoconfigure.http.client.HttpClientProperties'
2025-09-06T11:58:42.261+02:00 DEBUG 6906 --- [demo10] [           main] o.s.b.f.s.DefaultListableBeanFactory     : Autowiring by type from bean name 'org.springframework.boot.autoconfigure.http.client.HttpClientAutoConfiguration' via constructor to bean named 'spring.http.client-org.springframework.boot.autoconfigure.http.client.HttpClientProperties'
2025-09-06T11:58:42.261+02:00 DEBUG 6906 --- [demo10] [           main] o.s.b.f.s.DefaultListableBeanFactory     : Creating shared instance of singleton bean 'clientHttpRequestFactoryBuilder'
2025-09-06T11:58:42.263+02:00 DEBUG 6906 --- [demo10] [           main] o.s.b.f.s.DefaultListableBeanFactory     : Creating shared instance of singleton bean 'clientHttpRequestFactorySettings'
2025-09-06T11:58:42.264+02:00 DEBUG 6906 --- [demo10] [           main] o.s.b.f.s.DefaultListableBeanFactory     : Creating shared instance of singleton bean 'org.springframework.boot.autoconfigure.info.ProjectInfoAutoConfiguration'
2025-09-06T11:58:42.265+02:00 DEBUG 6906 --- [demo10] [           main] o.s.b.f.s.DefaultListableBeanFactory     : Creating shared instance of singleton bean 'spring.info-org.springframework.boot.autoconfigure.info.ProjectInfoProperties'
2025-09-06T11:58:42.265+02:00 DEBUG 6906 --- [demo10] [           main] o.s.b.f.s.DefaultListableBeanFactory     : Autowiring by type from bean name 'org.springframework.boot.autoconfigure.info.ProjectInfoAutoConfiguration' via constructor to bean named 'spring.info-org.springframework.boot.autoconfigure.info.ProjectInfoProperties'
2025-09-06T11:58:42.265+02:00 DEBUG 6906 --- [demo10] [           main] o.s.b.f.s.DefaultListableBeanFactory     : Creating shared instance of singleton bean 'org.springframework.boot.autoconfigure.jdbc.NamedParameterJdbcTemplateConfiguration'
2025-09-06T11:58:42.265+02:00 DEBUG 6906 --- [demo10] [           main] o.s.b.f.s.DefaultListableBeanFactory     : Creating shared instance of singleton bean 'namedParameterJdbcTemplate'
2025-09-06T11:58:42.265+02:00 DEBUG 6906 --- [demo10] [           main] o.s.b.f.s.DefaultListableBeanFactory     : Autowiring by type from bean name 'namedParameterJdbcTemplate' via factory method to bean named 'jdbcTemplate'
2025-09-06T11:58:42.266+02:00 DEBUG 6906 --- [demo10] [           main] o.s.b.f.s.DefaultListableBeanFactory     : Creating shared instance of singleton bean 'org.springframework.boot.autoconfigure.jdbc.JdbcTemplateAutoConfiguration'
2025-09-06T11:58:42.266+02:00 DEBUG 6906 --- [demo10] [           main] o.s.b.f.s.DefaultListableBeanFactory     : Creating shared instance of singleton bean 'org.springframework.boot.autoconfigure.jdbc.JdbcClientAutoConfiguration'
2025-09-06T11:58:42.266+02:00 DEBUG 6906 --- [demo10] [           main] o.s.b.f.s.DefaultListableBeanFactory     : Creating shared instance of singleton bean 'jdbcClient'
2025-09-06T11:58:42.267+02:00 DEBUG 6906 --- [demo10] [           main] o.s.b.f.s.DefaultListableBeanFactory     : Autowiring by type from bean name 'jdbcClient' via factory method to bean named 'namedParameterJdbcTemplate'
2025-09-06T11:58:42.267+02:00 DEBUG 6906 --- [demo10] [           main] o.s.b.f.s.DefaultListableBeanFactory     : Creating shared instance of singleton bean 'org.springframework.boot.autoconfigure.sql.init.SqlInitializationAutoConfiguration'
2025-09-06T11:58:42.267+02:00 DEBUG 6906 --- [demo10] [           main] o.s.b.f.s.DefaultListableBeanFactory     : Creating shared instance of singleton bean 'org.springframework.boot.autoconfigure.task.TaskSchedulingConfigurations$ThreadPoolTaskSchedulerBuilderConfiguration'
2025-09-06T11:58:42.267+02:00 DEBUG 6906 --- [demo10] [           main] o.s.b.f.s.DefaultListableBeanFactory     : Creating shared instance of singleton bean 'threadPoolTaskSchedulerBuilder'
2025-09-06T11:58:42.267+02:00 DEBUG 6906 --- [demo10] [           main] o.s.b.f.s.DefaultListableBeanFactory     : Creating shared instance of singleton bean 'spring.task.scheduling-org.springframework.boot.autoconfigure.task.TaskSchedulingProperties'
2025-09-06T11:58:42.267+02:00 DEBUG 6906 --- [demo10] [           main] o.s.b.f.s.DefaultListableBeanFactory     : Autowiring by type from bean name 'threadPoolTaskSchedulerBuilder' via factory method to bean named 'spring.task.scheduling-org.springframework.boot.autoconfigure.task.TaskSchedulingProperties'
2025-09-06T11:58:42.268+02:00 DEBUG 6906 --- [demo10] [           main] o.s.b.f.s.DefaultListableBeanFactory     : Creating shared instance of singleton bean 'org.springframework.boot.autoconfigure.task.TaskSchedulingConfigurations$SimpleAsyncTaskSchedulerBuilderConfiguration'
2025-09-06T11:58:42.268+02:00 DEBUG 6906 --- [demo10] [           main] o.s.b.f.s.DefaultListableBeanFactory     : Autowiring by type from bean name 'org.springframework.boot.autoconfigure.task.TaskSchedulingConfigurations$SimpleAsyncTaskSchedulerBuilderConfiguration' via constructor to bean named 'spring.task.scheduling-org.springframework.boot.autoconfigure.task.TaskSchedulingProperties'
2025-09-06T11:58:42.268+02:00 DEBUG 6906 --- [demo10] [           main] o.s.b.f.s.DefaultListableBeanFactory     : Creating shared instance of singleton bean 'simpleAsyncTaskSchedulerBuilder'
2025-09-06T11:58:42.269+02:00 DEBUG 6906 --- [demo10] [           main] o.s.b.f.s.DefaultListableBeanFactory     : Creating shared instance of singleton bean 'org.springframework.boot.autoconfigure.task.TaskSchedulingAutoConfiguration'
2025-09-06T11:58:42.269+02:00 DEBUG 6906 --- [demo10] [           main] o.s.b.f.s.DefaultListableBeanFactory     : Creating shared instance of singleton bean 'org.springframework.boot.autoconfigure.jdbc.DataSourceTransactionManagerAutoConfiguration$JdbcTransactionManagerConfiguration'
2025-09-06T11:58:42.270+02:00 DEBUG 6906 --- [demo10] [           main] o.s.b.f.s.DefaultListableBeanFactory     : Creating shared instance of singleton bean 'org.springframework.boot.autoconfigure.jdbc.DataSourceTransactionManagerAutoConfiguration'
2025-09-06T11:58:42.270+02:00 DEBUG 6906 --- [demo10] [           main] o.s.b.f.s.DefaultListableBeanFactory     : Creating shared instance of singleton bean 'org.springframework.boot.autoconfigure.transaction.TransactionAutoConfiguration$EnableTransactionManagementConfiguration$CglibAutoProxyConfiguration'
2025-09-06T11:58:42.270+02:00 DEBUG 6906 --- [demo10] [           main] o.s.b.f.s.DefaultListableBeanFactory     : Creating shared instance of singleton bean 'org.springframework.boot.autoconfigure.transaction.TransactionAutoConfiguration$EnableTransactionManagementConfiguration'
2025-09-06T11:58:42.270+02:00 DEBUG 6906 --- [demo10] [           main] o.s.b.f.s.DefaultListableBeanFactory     : Creating shared instance of singleton bean 'org.springframework.boot.autoconfigure.transaction.TransactionAutoConfiguration$TransactionTemplateConfiguration'
2025-09-06T11:58:42.270+02:00 DEBUG 6906 --- [demo10] [           main] o.s.b.f.s.DefaultListableBeanFactory     : Creating shared instance of singleton bean 'transactionTemplate'
2025-09-06T11:58:42.270+02:00 DEBUG 6906 --- [demo10] [           main] o.s.b.f.s.DefaultListableBeanFactory     : Autowiring by type from bean name 'transactionTemplate' via factory method to bean named 'transactionManager'
2025-09-06T11:58:42.270+02:00 DEBUG 6906 --- [demo10] [           main] o.s.b.f.s.DefaultListableBeanFactory     : Creating shared instance of singleton bean 'org.springframework.boot.autoconfigure.transaction.TransactionAutoConfiguration'
2025-09-06T11:58:42.271+02:00 DEBUG 6906 --- [demo10] [           main] o.s.b.f.s.DefaultListableBeanFactory     : Creating shared instance of singleton bean 'org.springframework.boot.autoconfigure.web.client.RestClientAutoConfiguration'
2025-09-06T11:58:42.271+02:00 DEBUG 6906 --- [demo10] [           main] o.s.b.f.s.DefaultListableBeanFactory     : Creating shared instance of singleton bean 'httpMessageConvertersRestClientCustomizer'
2025-09-06T11:58:42.271+02:00 DEBUG 6906 --- [demo10] [           main] o.s.b.f.s.DefaultListableBeanFactory     : Creating shared instance of singleton bean 'restClientSsl'
2025-09-06T11:58:42.271+02:00 DEBUG 6906 --- [demo10] [           main] o.s.b.f.s.DefaultListableBeanFactory     : Autowiring by type from bean name 'restClientSsl' via factory method to bean named 'sslBundleRegistry'
2025-09-06T11:58:42.271+02:00 DEBUG 6906 --- [demo10] [           main] o.s.b.f.s.DefaultListableBeanFactory     : Creating shared instance of singleton bean 'restClientBuilderConfigurer'
2025-09-06T11:58:42.272+02:00 DEBUG 6906 --- [demo10] [           main] o.s.b.f.s.DefaultListableBeanFactory     : Creating shared instance of singleton bean 'org.springframework.boot.autoconfigure.web.client.RestTemplateAutoConfiguration'
2025-09-06T11:58:42.272+02:00 DEBUG 6906 --- [demo10] [           main] o.s.b.f.s.DefaultListableBeanFactory     : Creating shared instance of singleton bean 'org.springframework.boot.autoconfigure.web.embedded.EmbeddedWebServerFactoryCustomizerAutoConfiguration'
2025-09-06T11:58:42.272+02:00 DEBUG 6906 --- [demo10] [           main] o.s.b.f.s.DefaultListableBeanFactory     : Creating shared instance of singleton bean 'multipartResolver'
2025-09-06T11:58:42.277+02:00 DEBUG 6906 --- [demo10] [           main] o.s.c.support.DefaultLifecycleProcessor  : Starting beans in phase -2147483647
2025-09-06T11:58:42.277+02:00 DEBUG 6906 --- [demo10] [           main] o.s.c.support.DefaultLifecycleProcessor  : Successfully started bean 'springBootLoggingLifecycle'
2025-09-06T11:58:42.277+02:00 DEBUG 6906 --- [demo10] [           main] o.s.c.support.DefaultLifecycleProcessor  : Starting beans in phase 1073741823
2025-09-06T11:58:42.277+02:00 DEBUG 6906 --- [demo10] [           main] o.s.c.support.DefaultLifecycleProcessor  : Starting beans in phase 2147481599
2025-09-06T11:58:42.280+02:00 DEBUG 6906 --- [demo10] [           main] o.s.c.support.DefaultLifecycleProcessor  : Stopping beans in phase 2147482623
2025-09-06T11:58:42.280+02:00 DEBUG 6906 --- [demo10] [           main] o.s.c.support.DefaultLifecycleProcessor  : Stopping beans in phase 2147481599
2025-09-06T11:58:42.280+02:00 DEBUG 6906 --- [demo10] [           main] o.s.c.support.DefaultLifecycleProcessor  : Stopping beans in phase 1073741823
2025-09-06T11:58:42.280+02:00 DEBUG 6906 --- [demo10] [           main] o.s.c.support.DefaultLifecycleProcessor  : Bean 'applicationTaskExecutor' completed its stop procedure
2025-09-06T11:58:42.280+02:00 DEBUG 6906 --- [demo10] [           main] o.s.c.support.DefaultLifecycleProcessor  : Stopping beans in phase -2147483647
2025-09-06T11:58:42.280+02:00 DEBUG 6906 --- [demo10] [           main] o.s.c.support.DefaultLifecycleProcessor  : Bean 'springBootLoggingLifecycle' completed its stop procedure
2025-09-06T11:58:42.280+02:00  WARN 6906 --- [demo10] [           main] ConfigServletWebServerApplicationContext : Exception encountered during context initialization - cancelling refresh attempt: org.springframework.context.ApplicationContextException: Failed to start bean 'webServerStartStop'
2025-09-06T11:58:42.281+02:00  INFO 6906 --- [demo10] [           main] j.LocalContainerEntityManagerFactoryBean : Closing JPA EntityManagerFactory for persistence unit 'default'
2025-09-06T11:58:42.282+02:00  INFO 6906 --- [demo10] [           main] com.zaxxer.hikari.HikariDataSource       : HikariPool-1 - Shutdown initiated...
2025-09-06T11:58:42.283+02:00  INFO 6906 --- [demo10] [           main] com.zaxxer.hikari.HikariDataSource       : HikariPool-1 - Shutdown completed.
2025-09-06T11:58:42.283+02:00 DEBUG 6906 --- [demo10] [           main] o.s.s.concurrent.ThreadPoolTaskExecutor  : Shutting down ExecutorService 'applicationTaskExecutor'
2025-09-06T11:58:42.290+02:00 DEBUG 6906 --- [demo10] [           main] .s.b.a.l.ConditionEvaluationReportLogger : 


============================
CONDITIONS EVALUATION REPORT
============================


Positive matches:
-----------------

   AopAutoConfiguration matched:
      - @ConditionalOnBooleanProperty (spring.aop.auto=true) matched (OnPropertyCondition)

   AopAutoConfiguration.AspectJAutoProxyingConfiguration matched:
      - @ConditionalOnClass found required class 'org.aspectj.weaver.Advice' (OnClassCondition)

   AopAutoConfiguration.AspectJAutoProxyingConfiguration.CglibAutoProxyConfiguration matched:
      - @ConditionalOnBooleanProperty (spring.aop.proxy-target-class=true) matched (OnPropertyCondition)

   ApplicationAvailabilityAutoConfiguration#applicationAvailability matched:
      - @ConditionalOnMissingBean (types: org.springframework.boot.availability.ApplicationAvailability; SearchStrategy: all) did not find any beans (OnBeanCondition)

   DataSourceAutoConfiguration matched:
      - @ConditionalOnClass found required classes 'javax.sql.DataSource', 'org.springframework.jdbc.datasource.embedded.EmbeddedDatabaseType' (OnClassCondition)
      - @ConditionalOnMissingBean (types: ?; SearchStrategy: all) did not find any beans (OnBeanCondition)

   DataSourceAutoConfiguration.PooledDataSourceConfiguration matched:
      - AnyNestedCondition 1 matched 1 did not; NestedCondition on DataSourceAutoConfiguration.PooledDataSourceCondition.PooledDataSourceAvailable PooledDataSource found supported DataSource; NestedCondition on DataSourceAutoConfiguration.PooledDataSourceCondition.ExplicitType @ConditionalOnProperty (spring.datasource.type) did not find property 'spring.datasource.type' (DataSourceAutoConfiguration.PooledDataSourceCondition)
      - @ConditionalOnMissingBean (types: javax.sql.DataSource,javax.sql.XADataSource; SearchStrategy: all) did not find any beans (OnBeanCondition)

   DataSourceAutoConfiguration.PooledDataSourceConfiguration#jdbcConnectionDetails matched:
      - @ConditionalOnMissingBean (types: org.springframework.boot.autoconfigure.jdbc.JdbcConnectionDetails; SearchStrategy: all) did not find any beans (OnBeanCondition)

   DataSourceConfiguration.Hikari matched:
      - @ConditionalOnClass found required class 'com.zaxxer.hikari.HikariDataSource' (OnClassCondition)
      - @ConditionalOnProperty (spring.datasource.type=com.zaxxer.hikari.HikariDataSource) matched (OnPropertyCondition)
      - @ConditionalOnMissingBean (types: javax.sql.DataSource; SearchStrategy: all) did not find any beans (OnBeanCondition)

   DataSourceInitializationConfiguration matched:
      - @ConditionalOnClass found required class 'org.springframework.jdbc.datasource.init.DatabasePopulator' (OnClassCondition)
      - @ConditionalOnSingleCandidate (types: javax.sql.DataSource; SearchStrategy: all) found a single bean 'dataSource'; @ConditionalOnMissingBean (types: org.springframework.boot.autoconfigure.sql.init.SqlDataSourceScriptDatabaseInitializer,org.springframework.boot.autoconfigure.sql.init.SqlR2dbcScriptDatabaseInitializer; SearchStrategy: all) did not find any beans (OnBeanCondition)

   DataSourcePoolMetadataProvidersConfiguration.HikariPoolDataSourceMetadataProviderConfiguration matched:
      - @ConditionalOnClass found required class 'com.zaxxer.hikari.HikariDataSource' (OnClassCondition)

   DataSourceTransactionManagerAutoConfiguration matched:
      - @ConditionalOnClass found required classes 'javax.sql.DataSource', 'org.springframework.jdbc.core.JdbcTemplate', 'org.springframework.transaction.TransactionManager' (OnClassCondition)

   DataSourceTransactionManagerAutoConfiguration.JdbcTransactionManagerConfiguration matched:
      - @ConditionalOnSingleCandidate (types: javax.sql.DataSource; SearchStrategy: all) found a single bean 'dataSource' (OnBeanCondition)

   DispatcherServletAutoConfiguration matched:
      - @ConditionalOnClass found required class 'org.springframework.web.servlet.DispatcherServlet' (OnClassCondition)
      - found 'session' scope (OnWebApplicationCondition)

   DispatcherServletAutoConfiguration.DispatcherServletConfiguration matched:
      - @ConditionalOnClass found required class 'jakarta.servlet.ServletRegistration' (OnClassCondition)
      - Default DispatcherServlet did not find dispatcher servlet beans (DispatcherServletAutoConfiguration.DefaultDispatcherServletCondition)

   DispatcherServletAutoConfiguration.DispatcherServletRegistrationConfiguration matched:
      - @ConditionalOnClass found required class 'jakarta.servlet.ServletRegistration' (OnClassCondition)
      - DispatcherServlet Registration did not find servlet registration bean (DispatcherServletAutoConfiguration.DispatcherServletRegistrationCondition)

   DispatcherServletAutoConfiguration.DispatcherServletRegistrationConfiguration#dispatcherServletRegistration matched:
      - @ConditionalOnBean (names: dispatcherServlet types: org.springframework.web.servlet.DispatcherServlet; SearchStrategy: all) found bean 'dispatcherServlet' (OnBeanCondition)

   EmbeddedWebServerFactoryCustomizerAutoConfiguration matched:
      - @ConditionalOnWebApplication (required) found 'session' scope (OnWebApplicationCondition)
      - @ConditionalOnWarDeployment the application is not deployed as a WAR file. (OnWarDeploymentCondition)

   EmbeddedWebServerFactoryCustomizerAutoConfiguration.TomcatWebServerFactoryCustomizerConfiguration matched:
      - @ConditionalOnClass found required classes 'org.apache.catalina.startup.Tomcat', 'org.apache.coyote.UpgradeProtocol' (OnClassCondition)

   ErrorMvcAutoConfiguration matched:
      - @ConditionalOnClass found required classes 'jakarta.servlet.Servlet', 'org.springframework.web.servlet.DispatcherServlet' (OnClassCondition)
      - found 'session' scope (OnWebApplicationCondition)

   ErrorMvcAutoConfiguration#basicErrorController matched:
      - @ConditionalOnMissingBean (types: org.springframework.boot.web.servlet.error.ErrorController; SearchStrategy: current) did not find any beans (OnBeanCondition)

   ErrorMvcAutoConfiguration#errorAttributes matched:
      - @ConditionalOnMissingBean (types: org.springframework.boot.web.servlet.error.ErrorAttributes; SearchStrategy: current) did not find any beans (OnBeanCondition)

   ErrorMvcAutoConfiguration.DefaultErrorViewResolverConfiguration#conventionErrorViewResolver matched:
      - @ConditionalOnBean (types: org.springframework.web.servlet.DispatcherServlet; SearchStrategy: all) found bean 'dispatcherServlet'; @ConditionalOnMissingBean (types: org.springframework.boot.autoconfigure.web.servlet.error.ErrorViewResolver; SearchStrategy: all) did not find any beans (OnBeanCondition)

   ErrorMvcAutoConfiguration.WhitelabelErrorViewConfiguration matched:
      - @ConditionalOnBooleanProperty (server.error.whitelabel.enabled=true) matched (OnPropertyCondition)
      - ErrorTemplate Missing did not find error template view (ErrorMvcAutoConfiguration.ErrorTemplateMissingCondition)

   ErrorMvcAutoConfiguration.WhitelabelErrorViewConfiguration#beanNameViewResolver matched:
      - @ConditionalOnMissingBean (types: org.springframework.web.servlet.view.BeanNameViewResolver; SearchStrategy: all) did not find any beans (OnBeanCondition)

   ErrorMvcAutoConfiguration.WhitelabelErrorViewConfiguration#defaultErrorView matched:
      - @ConditionalOnMissingBean (names: error; SearchStrategy: all) did not find any beans (OnBeanCondition)

   GenericCacheConfiguration matched:
      - Cache org.springframework.boot.autoconfigure.cache.GenericCacheConfiguration automatic cache type (CacheCondition)

   HibernateJpaAutoConfiguration matched:
      - @ConditionalOnClass found required classes 'org.springframework.orm.jpa.LocalContainerEntityManagerFactoryBean', 'jakarta.persistence.EntityManager', 'org.hibernate.engine.spi.SessionImplementor' (OnClassCondition)

   HibernateJpaConfiguration matched:
      - @ConditionalOnSingleCandidate (types: javax.sql.DataSource; SearchStrategy: all) found a single bean 'dataSource' (OnBeanCondition)

   HttpClientAutoConfiguration matched:
      - @ConditionalOnClass found required class 'org.springframework.http.client.ClientHttpRequestFactory' (OnClassCondition)
      - NoneNestedConditions 0 matched 1 did not; NestedCondition on NotReactiveWebApplicationCondition.ReactiveWebApplication did not find reactive web application classes (NotReactiveWebApplicationCondition)

   HttpClientAutoConfiguration#clientHttpRequestFactoryBuilder matched:
      - @ConditionalOnMissingBean (types: org.springframework.boot.http.client.ClientHttpRequestFactoryBuilder<?>; SearchStrategy: all) did not find any beans (OnBeanCondition)

   HttpClientAutoConfiguration#clientHttpRequestFactorySettings matched:
      - @ConditionalOnMissingBean (types: org.springframework.boot.http.client.ClientHttpRequestFactorySettings; SearchStrategy: all) did not find any beans (OnBeanCondition)

   HttpEncodingAutoConfiguration matched:
      - @ConditionalOnClass found required class 'org.springframework.web.filter.CharacterEncodingFilter' (OnClassCondition)
      - found 'session' scope (OnWebApplicationCondition)
      - @ConditionalOnBooleanProperty (server.servlet.encoding.enabled=true) matched (OnPropertyCondition)

   HttpEncodingAutoConfiguration#characterEncodingFilter matched:
      - @ConditionalOnMissingBean (types: org.springframework.web.filter.CharacterEncodingFilter; SearchStrategy: all) did not find any beans (OnBeanCondition)

   HttpMessageConvertersAutoConfiguration matched:
      - @ConditionalOnClass found required class 'org.springframework.http.converter.HttpMessageConverter' (OnClassCondition)
      - NoneNestedConditions 0 matched 1 did not; NestedCondition on HttpMessageConvertersAutoConfiguration.NotReactiveWebApplicationCondition.ReactiveWebApplication did not find reactive web application classes (HttpMessageConvertersAutoConfiguration.NotReactiveWebApplicationCondition)

   HttpMessageConvertersAutoConfiguration#messageConverters matched:
      - @ConditionalOnMissingBean (types: org.springframework.boot.autoconfigure.http.HttpMessageConverters; SearchStrategy: all) did not find any beans (OnBeanCondition)

   HttpMessageConvertersAutoConfiguration.StringHttpMessageConverterConfiguration matched:
      - @ConditionalOnClass found required class 'org.springframework.http.converter.StringHttpMessageConverter' (OnClassCondition)

   HttpMessageConvertersAutoConfiguration.StringHttpMessageConverterConfiguration#stringHttpMessageConverter matched:
      - @ConditionalOnMissingBean (types: org.springframework.http.converter.StringHttpMessageConverter; SearchStrategy: all) did not find any beans (OnBeanCondition)

   JacksonAutoConfiguration matched:
      - @ConditionalOnClass found required class 'com.fasterxml.jackson.databind.ObjectMapper' (OnClassCondition)

   JacksonAutoConfiguration.Jackson2ObjectMapperBuilderCustomizerConfiguration matched:
      - @ConditionalOnClass found required class 'org.springframework.http.converter.json.Jackson2ObjectMapperBuilder' (OnClassCondition)

   JacksonAutoConfiguration.JacksonObjectMapperBuilderConfiguration matched:
      - @ConditionalOnClass found required class 'org.springframework.http.converter.json.Jackson2ObjectMapperBuilder' (OnClassCondition)

   JacksonAutoConfiguration.JacksonObjectMapperBuilderConfiguration#jacksonObjectMapperBuilder matched:
      - @ConditionalOnMissingBean (types: org.springframework.http.converter.json.Jackson2ObjectMapperBuilder; SearchStrategy: all) did not find any beans (OnBeanCondition)

   JacksonAutoConfiguration.JacksonObjectMapperConfiguration matched:
      - @ConditionalOnClass found required class 'org.springframework.http.converter.json.Jackson2ObjectMapperBuilder' (OnClassCondition)

   JacksonAutoConfiguration.JacksonObjectMapperConfiguration#jacksonObjectMapper matched:
      - @ConditionalOnMissingBean (types: com.fasterxml.jackson.databind.ObjectMapper; SearchStrategy: all) did not find any beans (OnBeanCondition)

   JacksonAutoConfiguration.ParameterNamesModuleConfiguration matched:
      - @ConditionalOnClass found required class 'com.fasterxml.jackson.module.paramnames.ParameterNamesModule' (OnClassCondition)

   JacksonAutoConfiguration.ParameterNamesModuleConfiguration#parameterNamesModule matched:
      - @ConditionalOnMissingBean (types: com.fasterxml.jackson.module.paramnames.ParameterNamesModule; SearchStrategy: all) did not find any beans (OnBeanCondition)

   JacksonHttpMessageConvertersConfiguration.MappingJackson2HttpMessageConverterConfiguration matched:
      - @ConditionalOnClass found required class 'com.fasterxml.jackson.databind.ObjectMapper' (OnClassCondition)
      - @ConditionalOnPreferredJsonMapper JACKSON property 'spring.mvc.converters.preferred-json-mapper' had the value 'jackson' (OnPreferredJsonMapperCondition)
      - @ConditionalOnBean (types: com.fasterxml.jackson.databind.ObjectMapper; SearchStrategy: all) found bean 'jacksonObjectMapper' (OnBeanCondition)

   JacksonHttpMessageConvertersConfiguration.MappingJackson2HttpMessageConverterConfiguration#mappingJackson2HttpMessageConverter matched:
      - @ConditionalOnMissingBean (types: org.springframework.http.converter.json.MappingJackson2HttpMessageConverter ignored: ?; SearchStrategy: all) did not find any beans (OnBeanCondition)

   JdbcClientAutoConfiguration matched:
      - @ConditionalOnSingleCandidate (types: org.springframework.jdbc.core.namedparam.NamedParameterJdbcTemplate; SearchStrategy: all) found a single bean 'namedParameterJdbcTemplate'; @ConditionalOnMissingBean (types: org.springframework.jdbc.core.simple.JdbcClient; SearchStrategy: all) did not find any beans (OnBeanCondition)

   JdbcTemplateAutoConfiguration matched:
      - @ConditionalOnClass found required classes 'javax.sql.DataSource', 'org.springframework.jdbc.core.JdbcTemplate' (OnClassCondition)
      - @ConditionalOnSingleCandidate (types: javax.sql.DataSource; SearchStrategy: all) found a single bean 'dataSource' (OnBeanCondition)

   JdbcTemplateConfiguration matched:
      - @ConditionalOnMissingBean (types: org.springframework.jdbc.core.JdbcOperations; SearchStrategy: all) did not find any beans (OnBeanCondition)

   JpaBaseConfiguration#entityManagerFactory matched:
      - @ConditionalOnMissingBean (types: org.springframework.orm.jpa.LocalContainerEntityManagerFactoryBean,jakarta.persistence.EntityManagerFactory; SearchStrategy: all) did not find any beans (OnBeanCondition)

   JpaBaseConfiguration#entityManagerFactoryBuilder matched:
      - @ConditionalOnMissingBean (types: org.springframework.boot.orm.jpa.EntityManagerFactoryBuilder; SearchStrategy: all) did not find any beans (OnBeanCondition)

   JpaBaseConfiguration#jpaVendorAdapter matched:
      - @ConditionalOnMissingBean (types: org.springframework.orm.jpa.JpaVendorAdapter; SearchStrategy: all) did not find any beans (OnBeanCondition)

   JpaBaseConfiguration#transactionManager matched:
      - @ConditionalOnMissingBean (types: org.springframework.transaction.TransactionManager; SearchStrategy: all) did not find any beans (OnBeanCondition)

   JpaBaseConfiguration.JpaWebConfiguration matched:
      - @ConditionalOnClass found required class 'org.springframework.web.servlet.config.annotation.WebMvcConfigurer' (OnClassCondition)
      - found 'session' scope (OnWebApplicationCondition)
      - @ConditionalOnBooleanProperty (spring.jpa.open-in-view=true) matched (OnPropertyCondition)
      - @ConditionalOnMissingBean (types: org.springframework.orm.jpa.support.OpenEntityManagerInViewInterceptor,org.springframework.orm.jpa.support.OpenEntityManagerInViewFilter; SearchStrategy: all) did not find any beans (OnBeanCondition)

   JpaBaseConfiguration.PersistenceManagedTypesConfiguration matched:
      - @ConditionalOnMissingBean (types: org.springframework.orm.jpa.LocalContainerEntityManagerFactoryBean,jakarta.persistence.EntityManagerFactory; SearchStrategy: all) did not find any beans (OnBeanCondition)

   JpaBaseConfiguration.PersistenceManagedTypesConfiguration#persistenceManagedTypes matched:
      - @ConditionalOnMissingBean (types: org.springframework.orm.jpa.persistenceunit.PersistenceManagedTypes; SearchStrategy: all) did not find any beans (OnBeanCondition)

   JpaRepositoriesAutoConfiguration matched:
      - @ConditionalOnClass found required class 'org.springframework.data.jpa.repository.JpaRepository' (OnClassCondition)
      - @ConditionalOnBooleanProperty (spring.data.jpa.repositories.enabled=true) matched (OnPropertyCondition)
      - @ConditionalOnBean (types: javax.sql.DataSource; SearchStrategy: all) found bean 'dataSource'; @ConditionalOnMissingBean (types: org.springframework.data.jpa.repository.support.JpaRepositoryFactoryBean,org.springframework.data.jpa.repository.config.JpaRepositoryConfigExtension; SearchStrategy: all) did not find any beans (OnBeanCondition)

   JtaAutoConfiguration matched:
      - @ConditionalOnClass found required class 'jakarta.transaction.Transaction' (OnClassCondition)
      - @ConditionalOnBooleanProperty (spring.jta.enabled=true) matched (OnPropertyCondition)

   LifecycleAutoConfiguration#defaultLifecycleProcessor matched:
      - @ConditionalOnMissingBean (names: lifecycleProcessor; SearchStrategy: current) did not find any beans (OnBeanCondition)

   MultipartAutoConfiguration matched:
      - @ConditionalOnClass found required classes 'jakarta.servlet.Servlet', 'org.springframework.web.multipart.support.StandardServletMultipartResolver', 'jakarta.servlet.MultipartConfigElement' (OnClassCondition)
      - found 'session' scope (OnWebApplicationCondition)
      - @ConditionalOnBooleanProperty (spring.servlet.multipart.enabled=true) matched (OnPropertyCondition)

   MultipartAutoConfiguration#multipartConfigElement matched:
      - @ConditionalOnMissingBean (types: jakarta.servlet.MultipartConfigElement; SearchStrategy: all) did not find any beans (OnBeanCondition)

   MultipartAutoConfiguration#multipartResolver matched:
      - @ConditionalOnMissingBean (types: org.springframework.web.multipart.MultipartResolver; SearchStrategy: all) did not find any beans (OnBeanCondition)

   NamedParameterJdbcTemplateConfiguration matched:
      - @ConditionalOnSingleCandidate (types: org.springframework.jdbc.core.JdbcTemplate; SearchStrategy: all) found a single bean 'jdbcTemplate'; @ConditionalOnMissingBean (types: org.springframework.jdbc.core.namedparam.NamedParameterJdbcOperations; SearchStrategy: all) did not find any beans (OnBeanCondition)

   NoOpCacheConfiguration matched:
      - Cache org.springframework.boot.autoconfigure.cache.NoOpCacheConfiguration automatic cache type (CacheCondition)

   PersistenceExceptionTranslationAutoConfiguration matched:
      - @ConditionalOnClass found required class 'org.springframework.dao.annotation.PersistenceExceptionTranslationPostProcessor' (OnClassCondition)

   PersistenceExceptionTranslationAutoConfiguration#persistenceExceptionTranslationPostProcessor matched:
      - @ConditionalOnBooleanProperty (spring.dao.exceptiontranslation.enabled=true) matched (OnPropertyCondition)
      - @ConditionalOnMissingBean (types: org.springframework.dao.annotation.PersistenceExceptionTranslationPostProcessor; SearchStrategy: all) did not find any beans (OnBeanCondition)

   PropertyPlaceholderAutoConfiguration#propertySourcesPlaceholderConfigurer matched:
      - @ConditionalOnMissingBean (types: org.springframework.context.support.PropertySourcesPlaceholderConfigurer; SearchStrategy: current) did not find any beans (OnBeanCondition)

   RestClientAutoConfiguration matched:
      - @ConditionalOnClass found required class 'org.springframework.web.client.RestClient' (OnClassCondition)
      - AnyNestedCondition 1 matched 1 did not; NestedCondition on NotReactiveWebApplicationOrVirtualThreadsExecutorEnabledCondition.VirtualThreadsExecutorEnabled found non-matching nested conditions @ConditionalOnThreading did not find VIRTUAL; NestedCondition on NotReactiveWebApplicationOrVirtualThreadsExecutorEnabledCondition.NotReactiveWebApplication NoneNestedConditions 0 matched 1 did not; NestedCondition on NotReactiveWebApplicationCondition.ReactiveWebApplication did not find reactive web application classes (NotReactiveWebApplicationOrVirtualThreadsExecutorEnabledCondition)

   RestClientAutoConfiguration#httpMessageConvertersRestClientCustomizer matched:
      - @ConditionalOnMissingBean (types: org.springframework.boot.autoconfigure.web.client.HttpMessageConvertersRestClientCustomizer; SearchStrategy: all) did not find any beans (OnBeanCondition)

   RestClientAutoConfiguration#restClientBuilder matched:
      - @ConditionalOnMissingBean (types: org.springframework.web.client.RestClient$Builder; SearchStrategy: all) did not find any beans (OnBeanCondition)

   RestClientAutoConfiguration#restClientBuilderConfigurer matched:
      - @ConditionalOnMissingBean (types: org.springframework.boot.autoconfigure.web.client.RestClientBuilderConfigurer; SearchStrategy: all) did not find any beans (OnBeanCondition)

   RestClientAutoConfiguration#restClientSsl matched:
      - @ConditionalOnBean (types: org.springframework.boot.ssl.SslBundles; SearchStrategy: all) found bean 'sslBundleRegistry'; @ConditionalOnMissingBean (types: org.springframework.boot.autoconfigure.web.client.RestClientSsl; SearchStrategy: all) did not find any beans (OnBeanCondition)

   RestTemplateAutoConfiguration matched:
      - @ConditionalOnClass found required class 'org.springframework.web.client.RestTemplate' (OnClassCondition)
      - NoneNestedConditions 0 matched 1 did not; NestedCondition on NotReactiveWebApplicationCondition.ReactiveWebApplication did not find reactive web application classes (NotReactiveWebApplicationCondition)

   RestTemplateAutoConfiguration#restTemplateBuilder matched:
      - @ConditionalOnMissingBean (types: org.springframework.boot.web.client.RestTemplateBuilder; SearchStrategy: all) did not find any beans (OnBeanCondition)

   ServletWebServerFactoryAutoConfiguration matched:
      - @ConditionalOnClass found required class 'jakarta.servlet.ServletRequest' (OnClassCondition)
      - found 'session' scope (OnWebApplicationCondition)

   ServletWebServerFactoryAutoConfiguration#tomcatServletWebServerFactoryCustomizer matched:
      - @ConditionalOnClass found required class 'org.apache.catalina.startup.Tomcat' (OnClassCondition)

   ServletWebServerFactoryConfiguration.EmbeddedTomcat matched:
      - @ConditionalOnClass found required classes 'jakarta.servlet.Servlet', 'org.apache.catalina.startup.Tomcat', 'org.apache.coyote.UpgradeProtocol' (OnClassCondition)
      - @ConditionalOnMissingBean (types: org.springframework.boot.web.servlet.server.ServletWebServerFactory; SearchStrategy: current) did not find any beans (OnBeanCondition)

   SimpleCacheConfiguration matched:
      - Cache org.springframework.boot.autoconfigure.cache.SimpleCacheConfiguration automatic cache type (CacheCondition)

   SpringDataWebAutoConfiguration matched:
      - @ConditionalOnClass found required classes 'org.springframework.data.web.PageableHandlerMethodArgumentResolver', 'org.springframework.web.servlet.config.annotation.WebMvcConfigurer' (OnClassCondition)
      - found 'session' scope (OnWebApplicationCondition)
      - @ConditionalOnMissingBean (types: org.springframework.data.web.PageableHandlerMethodArgumentResolver; SearchStrategy: all) did not find any beans (OnBeanCondition)

   SpringDataWebAutoConfiguration#pageableCustomizer matched:
      - @ConditionalOnMissingBean (types: org.springframework.data.web.config.PageableHandlerMethodArgumentResolverCustomizer; SearchStrategy: all) did not find any beans (OnBeanCondition)

   SpringDataWebAutoConfiguration#sortCustomizer matched:
      - @ConditionalOnMissingBean (types: org.springframework.data.web.config.SortHandlerMethodArgumentResolverCustomizer; SearchStrategy: all) did not find any beans (OnBeanCondition)

   SpringDataWebAutoConfiguration#springDataWebSettings matched:
      - @ConditionalOnMissingBean (types: org.springframework.data.web.config.SpringDataWebSettings; SearchStrategy: all) did not find any beans (OnBeanCondition)

   SqlInitializationAutoConfiguration matched:
      - @ConditionalOnBooleanProperty (spring.sql.init.enabled=true) matched (OnPropertyCondition)
      - NoneNestedConditions 0 matched 1 did not; NestedCondition on SqlInitializationAutoConfiguration.SqlInitializationModeCondition.ModeIsNever @ConditionalOnProperty (spring.sql.init.mode=never) did not find property 'spring.sql.init.mode' (SqlInitializationAutoConfiguration.SqlInitializationModeCondition)

   SslAutoConfiguration#sslBundleRegistry matched:
      - @ConditionalOnMissingBean (types: org.springframework.boot.ssl.SslBundleRegistry,org.springframework.boot.ssl.SslBundles; SearchStrategy: all) did not find any beans (OnBeanCondition)

   TaskExecutionAutoConfiguration matched:
      - @ConditionalOnClass found required class 'org.springframework.scheduling.concurrent.ThreadPoolTaskExecutor' (OnClassCondition)

   TaskExecutorConfigurations.AsyncConfigurerConfiguration matched:
      - @ConditionalOnMissingBean (types: org.springframework.scheduling.annotation.AsyncConfigurer; SearchStrategy: all) did not find any beans (OnBeanCondition)

   TaskExecutorConfigurations.AsyncConfigurerConfiguration#applicationTaskExecutorAsyncConfigurer matched:
      - @ConditionalOnMissingBean (types: org.springframework.scheduling.annotation.AsyncConfigurer; SearchStrategy: all) did not find any beans (OnBeanCondition)

   TaskExecutorConfigurations.SimpleAsyncTaskExecutorBuilderConfiguration#simpleAsyncTaskExecutorBuilder matched:
      - @ConditionalOnMissingBean (types: org.springframework.boot.task.SimpleAsyncTaskExecutorBuilder; SearchStrategy: all) did not find any beans (OnBeanCondition)
      - @ConditionalOnThreading found PLATFORM (OnThreadingCondition)

   TaskExecutorConfigurations.TaskExecutorConfiguration matched:
      - AnyNestedCondition 1 matched 1 did not; NestedCondition on TaskExecutorConfigurations.OnExecutorCondition.ModelCondition @ConditionalOnProperty (spring.task.execution.mode=force) did not find property 'spring.task.execution.mode'; NestedCondition on TaskExecutorConfigurations.OnExecutorCondition.ExecutorBeanCondition @ConditionalOnMissingBean (types: java.util.concurrent.Executor; SearchStrategy: all) did not find any beans (TaskExecutorConfigurations.OnExecutorCondition)

   TaskExecutorConfigurations.TaskExecutorConfiguration#applicationTaskExecutor matched:
      - @ConditionalOnThreading found PLATFORM (OnThreadingCondition)

   TaskExecutorConfigurations.ThreadPoolTaskExecutorBuilderConfiguration#threadPoolTaskExecutorBuilder matched:
      - @ConditionalOnMissingBean (types: org.springframework.boot.task.ThreadPoolTaskExecutorBuilder; SearchStrategy: all) did not find any beans (OnBeanCondition)

   TaskSchedulingAutoConfiguration matched:
      - @ConditionalOnClass found required class 'org.springframework.scheduling.concurrent.ThreadPoolTaskScheduler' (OnClassCondition)

   TaskSchedulingConfigurations.SimpleAsyncTaskSchedulerBuilderConfiguration#simpleAsyncTaskSchedulerBuilder matched:
      - @ConditionalOnMissingBean (types: org.springframework.boot.task.SimpleAsyncTaskSchedulerBuilder; SearchStrategy: all) did not find any beans (OnBeanCondition)
      - @ConditionalOnThreading found PLATFORM (OnThreadingCondition)

   TaskSchedulingConfigurations.ThreadPoolTaskSchedulerBuilderConfiguration#threadPoolTaskSchedulerBuilder matched:
      - @ConditionalOnMissingBean (types: org.springframework.boot.task.ThreadPoolTaskSchedulerBuilder; SearchStrategy: all) did not find any beans (OnBeanCondition)

   TransactionAutoConfiguration matched:
      - @ConditionalOnClass found required class 'org.springframework.transaction.PlatformTransactionManager' (OnClassCondition)

   TransactionAutoConfiguration.EnableTransactionManagementConfiguration matched:
      - @ConditionalOnBean (types: org.springframework.transaction.TransactionManager; SearchStrategy: all) found bean 'transactionManager'; @ConditionalOnMissingBean (types: org.springframework.transaction.annotation.AbstractTransactionManagementConfiguration; SearchStrategy: all) did not find any beans (OnBeanCondition)

   TransactionAutoConfiguration.EnableTransactionManagementConfiguration.CglibAutoProxyConfiguration matched:
      - @ConditionalOnBooleanProperty (spring.aop.proxy-target-class=true) matched (OnPropertyCondition)

   TransactionAutoConfiguration.TransactionTemplateConfiguration matched:
      - @ConditionalOnSingleCandidate (types: org.springframework.transaction.PlatformTransactionManager; SearchStrategy: all) found a single bean 'transactionManager' (OnBeanCondition)

   TransactionAutoConfiguration.TransactionTemplateConfiguration#transactionTemplate matched:
      - @ConditionalOnMissingBean (types: org.springframework.transaction.support.TransactionOperations; SearchStrategy: all) did not find any beans (OnBeanCondition)

   TransactionManagerCustomizationAutoConfiguration matched:
      - @ConditionalOnClass found required class 'org.springframework.transaction.PlatformTransactionManager' (OnClassCondition)

   TransactionManagerCustomizationAutoConfiguration#platformTransactionManagerCustomizers matched:
      - @ConditionalOnMissingBean (types: org.springframework.boot.autoconfigure.transaction.TransactionManagerCustomizers; SearchStrategy: all) did not find any beans (OnBeanCondition)

   ValidationAutoConfiguration matched:
      - @ConditionalOnClass found required class 'jakarta.validation.executable.ExecutableValidator' (OnClassCondition)
      - @ConditionalOnResource found location classpath:META-INF/services/jakarta.validation.spi.ValidationProvider (OnResourceCondition)

   ValidationAutoConfiguration#defaultValidator matched:
      - @ConditionalOnMissingBean (types: jakarta.validation.Validator; SearchStrategy: all) did not find any beans (OnBeanCondition)

   ValidationAutoConfiguration#methodValidationPostProcessor matched:
      - @ConditionalOnMissingBean (types: org.springframework.validation.beanvalidation.MethodValidationPostProcessor; SearchStrategy: current) did not find any beans (OnBeanCondition)

   WebMvcAutoConfiguration matched:
      - @ConditionalOnClass found required classes 'jakarta.servlet.Servlet', 'org.springframework.web.servlet.DispatcherServlet', 'org.springframework.web.servlet.config.annotation.WebMvcConfigurer' (OnClassCondition)
      - found 'session' scope (OnWebApplicationCondition)
      - @ConditionalOnMissingBean (types: org.springframework.web.servlet.config.annotation.WebMvcConfigurationSupport; SearchStrategy: all) did not find any beans (OnBeanCondition)

   WebMvcAutoConfiguration#formContentFilter matched:
      - @ConditionalOnBooleanProperty (spring.mvc.formcontent.filter.enabled=true) matched (OnPropertyCondition)
      - @ConditionalOnMissingBean (types: org.springframework.web.filter.FormContentFilter; SearchStrategy: all) did not find any beans (OnBeanCondition)

   WebMvcAutoConfiguration.EnableWebMvcConfiguration#flashMapManager matched:
      - @ConditionalOnMissingBean (names: flashMapManager; SearchStrategy: all) did not find any beans (OnBeanCondition)

   WebMvcAutoConfiguration.EnableWebMvcConfiguration#localeResolver matched:
      - @ConditionalOnMissingBean (names: localeResolver; SearchStrategy: all) did not find any beans (OnBeanCondition)

   WebMvcAutoConfiguration.EnableWebMvcConfiguration#themeResolver matched:
      - @ConditionalOnMissingBean (names: themeResolver; SearchStrategy: all) did not find any beans (OnBeanCondition)

   WebMvcAutoConfiguration.EnableWebMvcConfiguration#viewNameTranslator matched:
      - @ConditionalOnMissingBean (names: viewNameTranslator; SearchStrategy: all) did not find any beans (OnBeanCondition)

   WebMvcAutoConfiguration.WebMvcAutoConfigurationAdapter#defaultViewResolver matched:
      - @ConditionalOnMissingBean (types: org.springframework.web.servlet.view.InternalResourceViewResolver; SearchStrategy: all) did not find any beans (OnBeanCondition)

   WebMvcAutoConfiguration.WebMvcAutoConfigurationAdapter#requestContextFilter matched:
      - @ConditionalOnMissingBean (types: org.springframework.web.context.request.RequestContextListener,org.springframework.web.filter.RequestContextFilter; SearchStrategy: all) did not find any beans (OnBeanCondition)

   WebMvcAutoConfiguration.WebMvcAutoConfigurationAdapter#viewResolver matched:
      - @ConditionalOnBean (types: org.springframework.web.servlet.ViewResolver; SearchStrategy: all) found beans 'defaultViewResolver', 'beanNameViewResolver', 'mvcViewResolver'; @ConditionalOnMissingBean (names: viewResolver types: org.springframework.web.servlet.view.ContentNegotiatingViewResolver; SearchStrategy: all) did not find any beans (OnBeanCondition)

   WebSocketServletAutoConfiguration matched:
      - @ConditionalOnClass found required classes 'jakarta.servlet.Servlet', 'jakarta.websocket.server.ServerContainer' (OnClassCondition)
      - found 'session' scope (OnWebApplicationCondition)

   WebSocketServletAutoConfiguration.TomcatWebSocketConfiguration matched:
      - @ConditionalOnClass found required classes 'org.apache.catalina.startup.Tomcat', 'org.apache.tomcat.websocket.server.WsSci' (OnClassCondition)

   WebSocketServletAutoConfiguration.TomcatWebSocketConfiguration#websocketServletWebServerCustomizer matched:
      - @ConditionalOnMissingBean (names: websocketServletWebServerCustomizer; SearchStrategy: all) did not find any beans (OnBeanCondition)


Negative matches:
-----------------

   ActiveMQAutoConfiguration:
      Did not match:
         - @ConditionalOnClass did not find required class 'jakarta.jms.ConnectionFactory' (OnClassCondition)

   AopAutoConfiguration.AspectJAutoProxyingConfiguration.JdkDynamicAutoProxyConfiguration:
      Did not match:
         - @ConditionalOnBooleanProperty (spring.aop.proxy-target-class=false) did not find property 'spring.aop.proxy-target-class' (OnPropertyCondition)

   AopAutoConfiguration.ClassProxyingConfiguration:
      Did not match:
         - @ConditionalOnMissingClass found unwanted class 'org.aspectj.weaver.Advice' (OnClassCondition)

   ArtemisAutoConfiguration:
      Did not match:
         - @ConditionalOnClass did not find required class 'jakarta.jms.ConnectionFactory' (OnClassCondition)

   BatchAutoConfiguration:
      Did not match:
         - @ConditionalOnClass did not find required class 'org.springframework.batch.core.launch.JobLauncher' (OnClassCondition)

   Cache2kCacheConfiguration:
      Did not match:
         - @ConditionalOnClass did not find required class 'org.cache2k.Cache2kBuilder' (OnClassCondition)

   CacheAutoConfiguration:
      Did not match:
         - @ConditionalOnBean (types: org.springframework.cache.interceptor.CacheAspectSupport; SearchStrategy: all) did not find any beans of type org.springframework.cache.interceptor.CacheAspectSupport (OnBeanCondition)
      Matched:
         - @ConditionalOnClass found required class 'org.springframework.cache.CacheManager' (OnClassCondition)

   CacheAutoConfiguration.CacheManagerEntityManagerFactoryDependsOnPostProcessor:
      Did not match:
         - Ancestor org.springframework.boot.autoconfigure.cache.CacheAutoConfiguration did not match (ConditionEvaluationReport.AncestorsMatchedCondition)
      Matched:
         - @ConditionalOnClass found required class 'org.springframework.orm.jpa.LocalContainerEntityManagerFactoryBean' (OnClassCondition)

   CaffeineCacheConfiguration:
      Did not match:
         - @ConditionalOnClass did not find required class 'com.github.benmanes.caffeine.cache.Caffeine' (OnClassCondition)

   CassandraAutoConfiguration:
      Did not match:
         - @ConditionalOnClass did not find required class 'com.datastax.oss.driver.api.core.CqlSession' (OnClassCondition)

   CassandraDataAutoConfiguration:
      Did not match:
         - @ConditionalOnClass did not find required class 'com.datastax.oss.driver.api.core.CqlSession' (OnClassCondition)

   CassandraReactiveDataAutoConfiguration:
      Did not match:
         - @ConditionalOnClass did not find required class 'com.datastax.oss.driver.api.core.CqlSession' (OnClassCondition)

   CassandraReactiveRepositoriesAutoConfiguration:
      Did not match:
         - @ConditionalOnClass did not find required class 'org.springframework.data.cassandra.ReactiveSession' (OnClassCondition)

   CassandraRepositoriesAutoConfiguration:
      Did not match:
         - @ConditionalOnClass did not find required class 'com.datastax.oss.driver.api.core.CqlSession' (OnClassCondition)

   org.springframework.boot.autoconfigure.http.client.reactive.ClientHttpConnectorAutoConfiguration:
      Did not match:
         - @ConditionalOnClass did not find required class 'reactor.core.publisher.Mono' (OnClassCondition)

   org.springframework.boot.autoconfigure.web.reactive.function.client.ClientHttpConnectorAutoConfiguration:
      Did not match:
         - @ConditionalOnClass did not find required class 'org.springframework.web.reactive.function.client.WebClient' (OnClassCondition)

   CodecsAutoConfiguration:
      Did not match:
         - @ConditionalOnClass did not find required class 'org.springframework.web.reactive.function.client.WebClient' (OnClassCondition)

   CouchbaseAutoConfiguration:
      Did not match:
         - @ConditionalOnClass did not find required class 'com.couchbase.client.java.Cluster' (OnClassCondition)

   CouchbaseCacheConfiguration:
      Did not match:
         - @ConditionalOnClass did not find required class 'com.couchbase.client.java.Cluster' (OnClassCondition)

   CouchbaseDataAutoConfiguration:
      Did not match:
         - @ConditionalOnClass did not find required class 'com.couchbase.client.java.Bucket' (OnClassCondition)

   CouchbaseReactiveDataAutoConfiguration:
      Did not match:
         - @ConditionalOnClass did not find required class 'com.couchbase.client.java.Cluster' (OnClassCondition)

   CouchbaseReactiveRepositoriesAutoConfiguration:
      Did not match:
         - @ConditionalOnClass did not find required class 'com.couchbase.client.java.Cluster' (OnClassCondition)

   CouchbaseRepositoriesAutoConfiguration:
      Did not match:
         - @ConditionalOnClass did not find required class 'com.couchbase.client.java.Bucket' (OnClassCondition)

   DataSourceAutoConfiguration.EmbeddedDatabaseConfiguration:
      Did not match:
         - EmbeddedDataSource spring.datasource.url is set (DataSourceAutoConfiguration.EmbeddedDatabaseCondition)

   DataSourceCheckpointRestoreConfiguration:
      Did not match:
         - @ConditionalOnClass did not find required class 'org.crac.Resource' (OnClassCondition)

   DataSourceConfiguration.Dbcp2:
      Did not match:
         - @ConditionalOnClass did not find required class 'org.apache.commons.dbcp2.BasicDataSource' (OnClassCondition)

   DataSourceConfiguration.Generic:
      Did not match:
         - @ConditionalOnProperty (spring.datasource.type) did not find property 'spring.datasource.type' (OnPropertyCondition)

   DataSourceConfiguration.OracleUcp:
      Did not match:
         - @ConditionalOnClass did not find required classes 'oracle.ucp.jdbc.PoolDataSourceImpl', 'oracle.jdbc.OracleConnection' (OnClassCondition)

   DataSourceConfiguration.Tomcat:
      Did not match:
         - @ConditionalOnClass did not find required class 'org.apache.tomcat.jdbc.pool.DataSource' (OnClassCondition)

   DataSourceJmxConfiguration:
      Did not match:
         - @ConditionalOnBooleanProperty (spring.jmx.enabled=true) did not find property 'spring.jmx.enabled' (OnPropertyCondition)

   DataSourcePoolMetadataProvidersConfiguration.CommonsDbcp2PoolDataSourceMetadataProviderConfiguration:
      Did not match:
         - @ConditionalOnClass did not find required class 'org.apache.commons.dbcp2.BasicDataSource' (OnClassCondition)

   DataSourcePoolMetadataProvidersConfiguration.OracleUcpPoolDataSourceMetadataProviderConfiguration:
      Did not match:
         - @ConditionalOnClass did not find required classes 'oracle.ucp.jdbc.PoolDataSource', 'oracle.jdbc.OracleConnection' (OnClassCondition)

   DataSourcePoolMetadataProvidersConfiguration.TomcatDataSourcePoolMetadataProviderConfiguration:
      Did not match:
         - @ConditionalOnClass did not find required class 'org.apache.tomcat.jdbc.pool.DataSource' (OnClassCondition)

   DataSourceTransactionManagerAutoConfiguration.JdbcTransactionManagerConfiguration#transactionManager:
      Did not match:
         - @ConditionalOnMissingBean (types: org.springframework.transaction.TransactionManager; SearchStrategy: all) found beans of type 'org.springframework.transaction.TransactionManager' transactionManager (OnBeanCondition)

   DispatcherServletAutoConfiguration.DispatcherServletConfiguration#multipartResolver:
      Did not match:
         - @ConditionalOnBean (types: org.springframework.web.multipart.MultipartResolver; SearchStrategy: all) did not find any beans of type org.springframework.web.multipart.MultipartResolver (OnBeanCondition)

   ElasticsearchClientAutoConfiguration:
      Did not match:
         - @ConditionalOnClass did not find required class 'co.elastic.clients.elasticsearch.ElasticsearchClient' (OnClassCondition)

   ElasticsearchDataAutoConfiguration:
      Did not match:
         - @ConditionalOnClass did not find required class 'org.springframework.data.elasticsearch.client.elc.ElasticsearchTemplate' (OnClassCondition)

   ElasticsearchRepositoriesAutoConfiguration:
      Did not match:
         - @ConditionalOnClass did not find required class 'org.springframework.data.elasticsearch.repository.ElasticsearchRepository' (OnClassCondition)

   ElasticsearchRestClientAutoConfiguration:
      Did not match:
         - @ConditionalOnClass did not find required class 'org.elasticsearch.client.RestClientBuilder' (OnClassCondition)

   EmbeddedLdapAutoConfiguration:
      Did not match:
         - @ConditionalOnClass did not find required class 'com.unboundid.ldap.listener.InMemoryDirectoryServer' (OnClassCondition)

   EmbeddedWebServerFactoryCustomizerAutoConfiguration.JettyWebServerFactoryCustomizerConfiguration:
      Did not match:
         - @ConditionalOnClass did not find required classes 'org.eclipse.jetty.server.Server', 'org.eclipse.jetty.util.Loader', 'org.eclipse.jetty.ee10.webapp.WebAppContext' (OnClassCondition)

   EmbeddedWebServerFactoryCustomizerAutoConfiguration.NettyWebServerFactoryCustomizerConfiguration:
      Did not match:
         - @ConditionalOnClass did not find required class 'reactor.netty.http.server.HttpServer' (OnClassCondition)

   EmbeddedWebServerFactoryCustomizerAutoConfiguration.TomcatWebServerFactoryCustomizerConfiguration#tomcatVirtualThreadsProtocolHandlerCustomizer:
      Did not match:
         - @ConditionalOnThreading did not find VIRTUAL (OnThreadingCondition)

   EmbeddedWebServerFactoryCustomizerAutoConfiguration.UndertowWebServerFactoryCustomizerConfiguration:
      Did not match:
         - @ConditionalOnClass did not find required classes 'io.undertow.Undertow', 'org.xnio.SslClientAuthMode' (OnClassCondition)

   ErrorWebFluxAutoConfiguration:
      Did not match:
         - @ConditionalOnClass did not find required class 'org.springframework.web.reactive.config.WebFluxConfigurer' (OnClassCondition)

   FlywayAutoConfiguration:
      Did not match:
         - @ConditionalOnClass did not find required class 'org.flywaydb.core.Flyway' (OnClassCondition)

   FreeMarkerAutoConfiguration:
      Did not match:
         - @ConditionalOnClass did not find required class 'freemarker.template.Configuration' (OnClassCondition)

   GraphQlAutoConfiguration:
      Did not match:
         - @ConditionalOnClass did not find required class 'graphql.GraphQL' (OnClassCondition)

   GraphQlQueryByExampleAutoConfiguration:
      Did not match:
         - @ConditionalOnClass did not find required class 'graphql.GraphQL' (OnClassCondition)

   GraphQlQuerydslAutoConfiguration:
      Did not match:
         - @ConditionalOnClass did not find required class 'com.querydsl.core.Query' (OnClassCondition)

   GraphQlRSocketAutoConfiguration:
      Did not match:
         - @ConditionalOnClass did not find required class 'graphql.GraphQL' (OnClassCondition)

   GraphQlReactiveQueryByExampleAutoConfiguration:
      Did not match:
         - @ConditionalOnClass did not find required class 'graphql.GraphQL' (OnClassCondition)

   GraphQlReactiveQuerydslAutoConfiguration:
      Did not match:
         - @ConditionalOnClass did not find required class 'com.querydsl.core.Query' (OnClassCondition)

   GraphQlWebFluxAutoConfiguration:
      Did not match:
         - @ConditionalOnClass did not find required class 'graphql.GraphQL' (OnClassCondition)

   GraphQlWebFluxSecurityAutoConfiguration:
      Did not match:
         - @ConditionalOnClass did not find required class 'graphql.GraphQL' (OnClassCondition)

   GraphQlWebMvcAutoConfiguration:
      Did not match:
         - @ConditionalOnClass did not find required class 'graphql.GraphQL' (OnClassCondition)

   GraphQlWebMvcSecurityAutoConfiguration:
      Did not match:
         - @ConditionalOnClass did not find required class 'graphql.GraphQL' (OnClassCondition)

   GroovyTemplateAutoConfiguration:
      Did not match:
         - @ConditionalOnClass did not find required class 'groovy.text.markup.MarkupTemplateEngine' (OnClassCondition)

   GsonAutoConfiguration:
      Did not match:
         - @ConditionalOnClass did not find required class 'com.google.gson.Gson' (OnClassCondition)

   GsonHttpMessageConvertersConfiguration:
      Did not match:
         - @ConditionalOnClass did not find required class 'com.google.gson.Gson' (OnClassCondition)

   H2ConsoleAutoConfiguration:
      Did not match:
         - @ConditionalOnClass did not find required class 'org.h2.server.web.JakartaWebServlet' (OnClassCondition)

   HazelcastAutoConfiguration:
      Did not match:
         - @ConditionalOnClass did not find required class 'com.hazelcast.core.HazelcastInstance' (OnClassCondition)

   HazelcastCacheConfiguration:
      Did not match:
         - @ConditionalOnClass did not find required class 'com.hazelcast.core.HazelcastInstance' (OnClassCondition)

   HazelcastJpaDependencyAutoConfiguration:
      Did not match:
         - @ConditionalOnClass did not find required class 'com.hazelcast.core.HazelcastInstance' (OnClassCondition)

   HttpHandlerAutoConfiguration:
      Did not match:
         - @ConditionalOnClass did not find required class 'org.springframework.web.reactive.DispatcherHandler' (OnClassCondition)

   HypermediaAutoConfiguration:
      Did not match:
         - @ConditionalOnClass did not find required class 'org.springframework.hateoas.EntityModel' (OnClassCondition)

   InfinispanCacheConfiguration:
      Did not match:
         - @ConditionalOnClass did not find required class 'org.infinispan.spring.embedded.provider.SpringEmbeddedCacheManager' (OnClassCondition)

   IntegrationAutoConfiguration:
      Did not match:
         - @ConditionalOnClass did not find required class 'org.springframework.integration.config.EnableIntegration' (OnClassCondition)

   JCacheCacheConfiguration:
      Did not match:
         - @ConditionalOnClass did not find required class 'javax.cache.Caching' (OnClassCondition)

   JacksonHttpMessageConvertersConfiguration.MappingJackson2XmlHttpMessageConverterConfiguration:
      Did not match:
         - @ConditionalOnClass did not find required class 'com.fasterxml.jackson.dataformat.xml.XmlMapper' (OnClassCondition)

   JdbcRepositoriesAutoConfiguration:
      Did not match:
         - @ConditionalOnClass did not find required class 'org.springframework.data.jdbc.repository.config.AbstractJdbcConfiguration' (OnClassCondition)

   JerseyAutoConfiguration:
      Did not match:
         - @ConditionalOnClass did not find required class 'org.glassfish.jersey.server.spring.SpringComponentProvider' (OnClassCondition)

   JmsAutoConfiguration:
      Did not match:
         - @ConditionalOnClass did not find required class 'jakarta.jms.Message' (OnClassCondition)

   JmxAutoConfiguration:
      Did not match:
         - @ConditionalOnBooleanProperty (spring.jmx.enabled=true) did not find property 'spring.jmx.enabled' (OnPropertyCondition)
      Matched:
         - @ConditionalOnClass found required class 'org.springframework.jmx.export.MBeanExporter' (OnClassCondition)

   JndiConnectionFactoryAutoConfiguration:
      Did not match:
         - @ConditionalOnClass did not find required class 'org.springframework.jms.core.JmsTemplate' (OnClassCondition)

   JndiDataSourceAutoConfiguration:
      Did not match:
         - @ConditionalOnProperty (spring.datasource.jndi-name) did not find property 'spring.datasource.jndi-name' (OnPropertyCondition)
      Matched:
         - @ConditionalOnClass found required classes 'javax.sql.DataSource', 'org.springframework.jdbc.datasource.embedded.EmbeddedDatabaseType' (OnClassCondition)

   JndiJtaConfiguration:
      Did not match:
         - @ConditionalOnJndi JNDI environment is not available (OnJndiCondition)
      Matched:
         - @ConditionalOnClass found required class 'org.springframework.transaction.jta.JtaTransactionManager' (OnClassCondition)

   JooqAutoConfiguration:
      Did not match:
         - @ConditionalOnClass did not find required class 'org.jooq.DSLContext' (OnClassCondition)

   JpaRepositoriesAutoConfiguration#entityManagerFactoryBootstrapExecutorCustomizer:
      Did not match:
         - AnyNestedCondition 0 matched 2 did not; NestedCondition on JpaRepositoriesAutoConfiguration.BootstrapExecutorCondition.LazyBootstrapMode @ConditionalOnProperty (spring.data.jpa.repositories.bootstrap-mode=lazy) did not find property 'spring.data.jpa.repositories.bootstrap-mode'; NestedCondition on JpaRepositoriesAutoConfiguration.BootstrapExecutorCondition.DeferredBootstrapMode @ConditionalOnProperty (spring.data.jpa.repositories.bootstrap-mode=deferred) did not find property 'spring.data.jpa.repositories.bootstrap-mode' (JpaRepositoriesAutoConfiguration.BootstrapExecutorCondition)

   JsonbAutoConfiguration:
      Did not match:
         - @ConditionalOnClass did not find required class 'jakarta.json.bind.Jsonb' (OnClassCondition)

   JsonbHttpMessageConvertersConfiguration:
      Did not match:
         - @ConditionalOnClass did not find required class 'jakarta.json.bind.Jsonb' (OnClassCondition)

   KafkaAutoConfiguration:
      Did not match:
         - @ConditionalOnClass did not find required class 'org.springframework.kafka.core.KafkaTemplate' (OnClassCondition)

   LdapAutoConfiguration:
      Did not match:
         - @ConditionalOnClass did not find required class 'org.springframework.ldap.core.ContextSource' (OnClassCondition)

   LdapRepositoriesAutoConfiguration:
      Did not match:
         - @ConditionalOnClass did not find required class 'org.springframework.data.ldap.repository.LdapRepository' (OnClassCondition)

   LiquibaseAutoConfiguration:
      Did not match:
         - @ConditionalOnClass did not find required class 'liquibase.change.DatabaseChange' (OnClassCondition)

   MailSenderAutoConfiguration:
      Did not match:
         - @ConditionalOnClass did not find required class 'jakarta.mail.internet.MimeMessage' (OnClassCondition)

   MailSenderValidatorAutoConfiguration:
      Did not match:
         - @ConditionalOnSingleCandidate did not find required type 'org.springframework.mail.javamail.JavaMailSenderImpl' (OnBeanCondition)

   MessageSourceAutoConfiguration:
      Did not match:
         - ResourceBundle did not find bundle with basename messages (MessageSourceAutoConfiguration.ResourceBundleCondition)

   MongoAutoConfiguration:
      Did not match:
         - @ConditionalOnClass did not find required class 'com.mongodb.client.MongoClient' (OnClassCondition)

   MongoDataAutoConfiguration:
      Did not match:
         - @ConditionalOnClass did not find required class 'com.mongodb.client.MongoClient' (OnClassCondition)

   MongoReactiveAutoConfiguration:
      Did not match:
         - @ConditionalOnClass did not find required class 'com.mongodb.reactivestreams.client.MongoClient' (OnClassCondition)

   MongoReactiveDataAutoConfiguration:
      Did not match:
         - @ConditionalOnClass did not find required class 'com.mongodb.reactivestreams.client.MongoClient' (OnClassCondition)

   MongoReactiveRepositoriesAutoConfiguration:
      Did not match:
         - @ConditionalOnClass did not find required class 'com.mongodb.reactivestreams.client.MongoClient' (OnClassCondition)

   MongoRepositoriesAutoConfiguration:
      Did not match:
         - @ConditionalOnClass did not find required class 'com.mongodb.client.MongoClient' (OnClassCondition)

   MustacheAutoConfiguration:
      Did not match:
         - @ConditionalOnClass did not find required class 'com.samskivert.mustache.Mustache' (OnClassCondition)

   Neo4jAutoConfiguration:
      Did not match:
         - @ConditionalOnClass did not find required class 'org.neo4j.driver.Driver' (OnClassCondition)

   Neo4jDataAutoConfiguration:
      Did not match:
         - @ConditionalOnClass did not find required class 'org.neo4j.driver.Driver' (OnClassCondition)

   Neo4jReactiveDataAutoConfiguration:
      Did not match:
         - @ConditionalOnClass did not find required class 'org.neo4j.driver.Driver' (OnClassCondition)

   Neo4jReactiveRepositoriesAutoConfiguration:
      Did not match:
         - @ConditionalOnClass did not find required class 'org.neo4j.driver.Driver' (OnClassCondition)

   Neo4jRepositoriesAutoConfiguration:
      Did not match:
         - @ConditionalOnClass did not find required class 'org.neo4j.driver.Driver' (OnClassCondition)

   NettyAutoConfiguration:
      Did not match:
         - @ConditionalOnClass did not find required class 'io.netty.util.NettyRuntime' (OnClassCondition)

   OAuth2AuthorizationServerAutoConfiguration:
      Did not match:
         - @ConditionalOnClass did not find required class 'org.springframework.security.oauth2.server.authorization.OAuth2Authorization' (OnClassCondition)

   OAuth2AuthorizationServerJwtAutoConfiguration:
      Did not match:
         - @ConditionalOnClass did not find required class 'com.nimbusds.jose.jwk.source.JWKSource' (OnClassCondition)

   OAuth2ClientAutoConfiguration:
      Did not match:
         - @ConditionalOnClass did not find required class 'org.springframework.security.oauth2.client.registration.ClientRegistration' (OnClassCondition)

   OAuth2ClientWebSecurityAutoConfiguration:
      Did not match:
         - @ConditionalOnClass did not find required class 'org.springframework.security.config.annotation.web.configuration.EnableWebSecurity' (OnClassCondition)

   OAuth2ResourceServerAutoConfiguration:
      Did not match:
         - @ConditionalOnClass did not find required class 'org.springframework.security.oauth2.server.resource.authentication.BearerTokenAuthenticationToken' (OnClassCondition)

   ProjectInfoAutoConfiguration#buildProperties:
      Did not match:
         - @ConditionalOnResource did not find resource '${spring.info.build.location:classpath:META-INF/build-info.properties}' (OnResourceCondition)

   ProjectInfoAutoConfiguration#gitProperties:
      Did not match:
         - GitResource did not find git info at classpath:git.properties (ProjectInfoAutoConfiguration.GitResourceAvailableCondition)

   PulsarAutoConfiguration:
      Did not match:
         - @ConditionalOnClass did not find required class 'org.apache.pulsar.client.api.PulsarClient' (OnClassCondition)

   PulsarReactiveAutoConfiguration:
      Did not match:
         - @ConditionalOnClass did not find required class 'org.apache.pulsar.client.api.PulsarClient' (OnClassCondition)

   QuartzAutoConfiguration:
      Did not match:
         - @ConditionalOnClass did not find required class 'org.quartz.Scheduler' (OnClassCondition)

   R2dbcAutoConfiguration:
      Did not match:
         - @ConditionalOnClass did not find required class 'io.r2dbc.spi.ConnectionFactory' (OnClassCondition)

   R2dbcDataAutoConfiguration:
      Did not match:
         - @ConditionalOnClass did not find required class 'org.springframework.data.r2dbc.core.R2dbcEntityTemplate' (OnClassCondition)

   R2dbcInitializationConfiguration:
      Did not match:
         - @ConditionalOnClass did not find required classes 'io.r2dbc.spi.ConnectionFactory', 'org.springframework.r2dbc.connection.init.DatabasePopulator' (OnClassCondition)

   R2dbcProxyAutoConfiguration:
      Did not match:
         - @ConditionalOnClass did not find required class 'io.r2dbc.proxy.ProxyConnectionFactory' (OnClassCondition)

   R2dbcRepositoriesAutoConfiguration:
      Did not match:
         - @ConditionalOnClass did not find required class 'io.r2dbc.spi.ConnectionFactory' (OnClassCondition)

   R2dbcTransactionManagerAutoConfiguration:
      Did not match:
         - @ConditionalOnClass did not find required class 'org.springframework.r2dbc.connection.R2dbcTransactionManager' (OnClassCondition)

   RSocketGraphQlClientAutoConfiguration:
      Did not match:
         - @ConditionalOnClass did not find required class 'graphql.GraphQL' (OnClassCondition)

   RSocketMessagingAutoConfiguration:
      Did not match:
         - @ConditionalOnClass did not find required class 'io.rsocket.RSocket' (OnClassCondition)

   RSocketRequesterAutoConfiguration:
      Did not match:
         - @ConditionalOnClass did not find required class 'io.rsocket.RSocket' (OnClassCondition)

   RSocketSecurityAutoConfiguration:
      Did not match:
         - @ConditionalOnClass did not find required class 'org.springframework.security.rsocket.core.SecuritySocketAcceptorInterceptor' (OnClassCondition)

   RSocketServerAutoConfiguration:
      Did not match:
         - @ConditionalOnClass did not find required class 'io.rsocket.core.RSocketServer' (OnClassCondition)

   RSocketStrategiesAutoConfiguration:
      Did not match:
         - @ConditionalOnClass did not find required class 'io.netty.buffer.PooledByteBufAllocator' (OnClassCondition)

   RabbitAutoConfiguration:
      Did not match:
         - @ConditionalOnClass did not find required class 'com.rabbitmq.client.Channel' (OnClassCondition)

   ReactiveElasticsearchClientAutoConfiguration:
      Did not match:
         - @ConditionalOnClass did not find required class 'co.elastic.clients.transport.ElasticsearchTransport' (OnClassCondition)

   ReactiveElasticsearchRepositoriesAutoConfiguration:
      Did not match:
         - @ConditionalOnClass did not find required class 'reactor.core.publisher.Mono' (OnClassCondition)

   ReactiveMultipartAutoConfiguration:
      Did not match:
         - @ConditionalOnClass did not find required class 'org.springframework.web.reactive.config.WebFluxConfigurer' (OnClassCondition)

   ReactiveOAuth2ClientAutoConfiguration:
      Did not match:
         - @ConditionalOnClass did not find required class 'reactor.core.publisher.Flux' (OnClassCondition)

   ReactiveOAuth2ClientWebSecurityAutoConfiguration:
      Did not match:
         - @ConditionalOnClass did not find required class 'reactor.core.publisher.Flux' (OnClassCondition)

   ReactiveOAuth2ResourceServerAutoConfiguration:
      Did not match:
         - @ConditionalOnClass did not find required class 'org.springframework.security.config.annotation.web.reactive.EnableWebFluxSecurity' (OnClassCondition)

   ReactiveSecurityAutoConfiguration:
      Did not match:
         - @ConditionalOnClass did not find required class 'reactor.core.publisher.Flux' (OnClassCondition)

   ReactiveUserDetailsServiceAutoConfiguration:
      Did not match:
         - @ConditionalOnClass did not find required class 'org.springframework.security.authentication.ReactiveAuthenticationManager' (OnClassCondition)

   ReactiveWebServerFactoryAutoConfiguration:
      Did not match:
         - @ConditionalOnWebApplication did not find reactive web application classes (OnWebApplicationCondition)

   ReactorAutoConfiguration:
      Did not match:
         - @ConditionalOnClass did not find required class 'reactor.core.publisher.Hooks' (OnClassCondition)

   RedisAutoConfiguration:
      Did not match:
         - @ConditionalOnClass did not find required class 'org.springframework.data.redis.core.RedisOperations' (OnClassCondition)

   RedisCacheConfiguration:
      Did not match:
         - @ConditionalOnClass did not find required class 'org.springframework.data.redis.connection.RedisConnectionFactory' (OnClassCondition)

   RedisReactiveAutoConfiguration:
      Did not match:
         - @ConditionalOnClass did not find required class 'reactor.core.publisher.Flux' (OnClassCondition)

   RedisRepositoriesAutoConfiguration:
      Did not match:
         - @ConditionalOnClass did not find required class 'org.springframework.data.redis.repository.configuration.EnableRedisRepositories' (OnClassCondition)

   RepositoryRestMvcAutoConfiguration:
      Did not match:
         - @ConditionalOnClass did not find required class 'org.springframework.data.rest.webmvc.config.RepositoryRestMvcConfiguration' (OnClassCondition)

   Saml2RelyingPartyAutoConfiguration:
      Did not match:
         - @ConditionalOnClass did not find required class 'org.springframework.security.saml2.provider.service.registration.RelyingPartyRegistrationRepository' (OnClassCondition)

   SecurityAutoConfiguration:
      Did not match:
         - @ConditionalOnClass did not find required class 'org.springframework.security.authentication.DefaultAuthenticationEventPublisher' (OnClassCondition)

   SecurityFilterAutoConfiguration:
      Did not match:
         - @ConditionalOnClass did not find required class 'org.springframework.security.config.http.SessionCreationPolicy' (OnClassCondition)

   SendGridAutoConfiguration:
      Did not match:
         - @ConditionalOnClass did not find required class 'com.sendgrid.SendGrid' (OnClassCondition)

   ServletWebServerFactoryAutoConfiguration.ForwardedHeaderFilterConfiguration:
      Did not match:
         - @ConditionalOnProperty (server.forward-headers-strategy=framework) did not find property 'server.forward-headers-strategy' (OnPropertyCondition)

   ServletWebServerFactoryConfiguration.EmbeddedJetty:
      Did not match:
         - @ConditionalOnClass did not find required classes 'org.eclipse.jetty.server.Server', 'org.eclipse.jetty.util.Loader', 'org.eclipse.jetty.ee10.webapp.WebAppContext' (OnClassCondition)

   ServletWebServerFactoryConfiguration.EmbeddedUndertow:
      Did not match:
         - @ConditionalOnClass did not find required classes 'io.undertow.Undertow', 'org.xnio.SslClientAuthMode' (OnClassCondition)

   SessionAutoConfiguration:
      Did not match:
         - @ConditionalOnClass did not find required class 'org.springframework.session.Session' (OnClassCondition)

   SpringApplicationAdminJmxAutoConfiguration:
      Did not match:
         - @ConditionalOnBooleanProperty (spring.application.admin.enabled=true) did not find property 'spring.application.admin.enabled' (OnPropertyCondition)

   TaskExecutorConfigurations.SimpleAsyncTaskExecutorBuilderConfiguration#simpleAsyncTaskExecutorBuilderVirtualThreads:
      Did not match:
         - @ConditionalOnMissingBean (types: org.springframework.boot.task.SimpleAsyncTaskExecutorBuilder; SearchStrategy: all) found beans of type 'org.springframework.boot.task.SimpleAsyncTaskExecutorBuilder' simpleAsyncTaskExecutorBuilder (OnBeanCondition)

   TaskExecutorConfigurations.TaskExecutorConfiguration#applicationTaskExecutorVirtualThreads:
      Did not match:
         - @ConditionalOnThreading did not find VIRTUAL (OnThreadingCondition)

   TaskSchedulingAutoConfiguration#scheduledBeanLazyInitializationExcludeFilter:
      Did not match:
         - @ConditionalOnBean (names: org.springframework.context.annotation.internalScheduledAnnotationProcessor; SearchStrategy: all) did not find any beans named org.springframework.context.annotation.internalScheduledAnnotationProcessor (OnBeanCondition)

   TaskSchedulingConfigurations.SimpleAsyncTaskSchedulerBuilderConfiguration#simpleAsyncTaskSchedulerBuilderVirtualThreads:
      Did not match:
         - @ConditionalOnMissingBean (types: org.springframework.boot.task.SimpleAsyncTaskSchedulerBuilder; SearchStrategy: all) found beans of type 'org.springframework.boot.task.SimpleAsyncTaskSchedulerBuilder' simpleAsyncTaskSchedulerBuilder (OnBeanCondition)

   TaskSchedulingConfigurations.TaskSchedulerConfiguration:
      Did not match:
         - @ConditionalOnBean (names: org.springframework.context.annotation.internalScheduledAnnotationProcessor; SearchStrategy: all) did not find any beans named org.springframework.context.annotation.internalScheduledAnnotationProcessor (OnBeanCondition)

   ThymeleafAutoConfiguration:
      Did not match:
         - @ConditionalOnClass did not find required class 'org.thymeleaf.spring6.SpringTemplateEngine' (OnClassCondition)

   TransactionAutoConfiguration#transactionalOperator:
      Did not match:
         - @ConditionalOnSingleCandidate (types: org.springframework.transaction.ReactiveTransactionManager; SearchStrategy: all) did not find any beans (OnBeanCondition)

   TransactionAutoConfiguration.AspectJTransactionManagementConfiguration:
      Did not match:
         - @ConditionalOnBean (types: org.springframework.transaction.aspectj.AbstractTransactionAspect; SearchStrategy: all) did not find any beans of type org.springframework.transaction.aspectj.AbstractTransactionAspect (OnBeanCondition)

   TransactionAutoConfiguration.EnableTransactionManagementConfiguration.JdkDynamicAutoProxyConfiguration:
      Did not match:
         - @ConditionalOnBooleanProperty (spring.aop.proxy-target-class=false) did not find property 'spring.aop.proxy-target-class' (OnPropertyCondition)

   UserDetailsServiceAutoConfiguration:
      Did not match:
         - @ConditionalOnClass did not find required class 'org.springframework.security.authentication.AuthenticationManager' (OnClassCondition)

   WebClientAutoConfiguration:
      Did not match:
         - @ConditionalOnClass did not find required class 'org.springframework.web.reactive.function.client.WebClient' (OnClassCondition)

   WebFluxAutoConfiguration:
      Did not match:
         - @ConditionalOnClass did not find required class 'org.springframework.web.reactive.config.WebFluxConfigurer' (OnClassCondition)

   WebMvcAutoConfiguration#hiddenHttpMethodFilter:
      Did not match:
         - @ConditionalOnBooleanProperty (spring.mvc.hiddenmethod.filter.enabled=true) did not find property 'spring.mvc.hiddenmethod.filter.enabled' (OnPropertyCondition)

   WebMvcAutoConfiguration.ProblemDetailsErrorHandlingConfiguration:
      Did not match:
         - @ConditionalOnBooleanProperty (spring.mvc.problemdetails.enabled=true) did not find property 'spring.mvc.problemdetails.enabled' (OnPropertyCondition)

   WebMvcAutoConfiguration.ResourceChainCustomizerConfiguration:
      Did not match:
         - @ConditionalOnEnabledResourceChain did not find class org.webjars.WebJarVersionLocator (OnEnabledResourceChainCondition)

   WebMvcAutoConfiguration.WebMvcAutoConfigurationAdapter#beanNameViewResolver:
      Did not match:
         - @ConditionalOnMissingBean (types: org.springframework.web.servlet.view.BeanNameViewResolver; SearchStrategy: all) found beans of type 'org.springframework.web.servlet.view.BeanNameViewResolver' beanNameViewResolver (OnBeanCondition)

   WebServiceTemplateAutoConfiguration:
      Did not match:
         - @ConditionalOnClass did not find required class 'org.springframework.oxm.Marshaller' (OnClassCondition)

   WebServicesAutoConfiguration:
      Did not match:
         - @ConditionalOnClass did not find required class 'org.springframework.ws.transport.http.MessageDispatcherServlet' (OnClassCondition)

   WebSessionIdResolverAutoConfiguration:
      Did not match:
         - @ConditionalOnClass did not find required class 'reactor.core.publisher.Mono' (OnClassCondition)

   WebSocketMessagingAutoConfiguration:
      Did not match:
         - @ConditionalOnClass did not find required class 'org.springframework.web.socket.config.annotation.WebSocketMessageBrokerConfigurer' (OnClassCondition)

   WebSocketReactiveAutoConfiguration:
      Did not match:
         - @ConditionalOnWebApplication did not find reactive web application classes (OnWebApplicationCondition)

   WebSocketServletAutoConfiguration.JettyWebSocketConfiguration:
      Did not match:
         - @ConditionalOnClass did not find required class 'org.eclipse.jetty.ee10.websocket.jakarta.server.config.JakartaWebSocketServletContainerInitializer' (OnClassCondition)

   WebSocketServletAutoConfiguration.UndertowWebSocketConfiguration:
      Did not match:
         - @ConditionalOnClass did not find required class 'io.undertow.websockets.jsr.Bootstrap' (OnClassCondition)

   XADataSourceAutoConfiguration:
      Did not match:
         - @ConditionalOnBean (types: org.springframework.boot.jdbc.XADataSourceWrapper; SearchStrategy: all) did not find any beans of type org.springframework.boot.jdbc.XADataSourceWrapper (OnBeanCondition)
      Matched:
         - @ConditionalOnClass found required classes 'javax.sql.DataSource', 'jakarta.transaction.TransactionManager', 'org.springframework.jdbc.datasource.embedded.EmbeddedDatabaseType' (OnClassCondition)


Exclusions:
-----------

    None


Unconditional classes:
----------------------

    org.springframework.boot.autoconfigure.context.ConfigurationPropertiesAutoConfiguration

    org.springframework.boot.autoconfigure.ssl.SslAutoConfiguration

    org.springframework.boot.autoconfigure.context.LifecycleAutoConfiguration

    org.springframework.boot.autoconfigure.context.PropertyPlaceholderAutoConfiguration

    org.springframework.boot.autoconfigure.availability.ApplicationAvailabilityAutoConfiguration

    org.springframework.boot.autoconfigure.info.ProjectInfoAutoConfiguration



2025-09-06T11:58:42.296+02:00 DEBUG 6906 --- [demo10] [           main] o.s.b.d.LoggingFailureAnalysisReporter   : Application failed to start due to an exception

org.springframework.boot.web.server.PortInUseException: Port 8088 is already in use
	at org.springframework.boot.web.server.PortInUseException.lambda$throwIfPortBindingException$0(PortInUseException.java:71) ~[spring-boot-3.5.3.jar:3.5.3]
	at org.springframework.boot.web.server.PortInUseException.lambda$ifPortBindingException$1(PortInUseException.java:86) ~[spring-boot-3.5.3.jar:3.5.3]
	at org.springframework.boot.web.server.PortInUseException.ifCausedBy(PortInUseException.java:104) ~[spring-boot-3.5.3.jar:3.5.3]
	at org.springframework.boot.web.server.PortInUseException.ifPortBindingException(PortInUseException.java:83) ~[spring-boot-3.5.3.jar:3.5.3]
	at org.springframework.boot.web.server.PortInUseException.throwIfPortBindingException(PortInUseException.java:70) ~[spring-boot-3.5.3.jar:3.5.3]
	at org.springframework.boot.web.embedded.tomcat.TomcatWebServer.start(TomcatWebServer.java:250) ~[spring-boot-3.5.3.jar:3.5.3]
	at org.springframework.boot.web.servlet.context.WebServerStartStopLifecycle.start(WebServerStartStopLifecycle.java:44) ~[spring-boot-3.5.3.jar:3.5.3]
	at org.springframework.context.support.DefaultLifecycleProcessor.doStart(DefaultLifecycleProcessor.java:405) ~[spring-context-6.2.8.jar:6.2.8]
	at org.springframework.context.support.DefaultLifecycleProcessor.doStart(DefaultLifecycleProcessor.java:394) ~[spring-context-6.2.8.jar:6.2.8]
	at org.springframework.context.support.DefaultLifecycleProcessor$LifecycleGroup.start(DefaultLifecycleProcessor.java:586) ~[spring-context-6.2.8.jar:6.2.8]
	at java.base/java.lang.Iterable.forEach(Iterable.java:75) ~[na:na]
	at org.springframework.context.support.DefaultLifecycleProcessor.startBeans(DefaultLifecycleProcessor.java:364) ~[spring-context-6.2.8.jar:6.2.8]
	at org.springframework.context.support.DefaultLifecycleProcessor.onRefresh(DefaultLifecycleProcessor.java:310) ~[spring-context-6.2.8.jar:6.2.8]
	at org.springframework.context.support.AbstractApplicationContext.finishRefresh(AbstractApplicationContext.java:1006) ~[spring-context-6.2.8.jar:6.2.8]
	at org.springframework.context.support.AbstractApplicationContext.refresh(AbstractApplicationContext.java:630) ~[spring-context-6.2.8.jar:6.2.8]
	at org.springframework.boot.web.servlet.context.ServletWebServerApplicationContext.refresh(ServletWebServerApplicationContext.java:146) ~[spring-boot-3.5.3.jar:3.5.3]
	at org.springframework.boot.SpringApplication.refresh(SpringApplication.java:752) ~[spring-boot-3.5.3.jar:3.5.3]
	at org.springframework.boot.SpringApplication.refreshContext(SpringApplication.java:439) ~[spring-boot-3.5.3.jar:3.5.3]
	at org.springframework.boot.SpringApplication.run(SpringApplication.java:318) ~[spring-boot-3.5.3.jar:3.5.3]
	at org.springframework.boot.SpringApplication.run(SpringApplication.java:1361) ~[spring-boot-3.5.3.jar:3.5.3]
	at org.springframework.boot.SpringApplication.run(SpringApplication.java:1350) ~[spring-boot-3.5.3.jar:3.5.3]
	at com.example.demo.Demo10Application.main(Demo10Application.java:13) ~[classes/:na]
Caused by: java.lang.IllegalArgumentException: standardService.connector.startFailed
	at org.apache.catalina.core.StandardService.addConnector(StandardService.java:222) ~[tomcat-embed-core-10.1.42.jar:10.1.42]
	at org.springframework.boot.web.embedded.tomcat.TomcatWebServer.addPreviouslyRemovedConnectors(TomcatWebServer.java:310) ~[spring-boot-3.5.3.jar:3.5.3]
	at org.springframework.boot.web.embedded.tomcat.TomcatWebServer.start(TomcatWebServer.java:236) ~[spring-boot-3.5.3.jar:3.5.3]
	... 16 common frames omitted
Caused by: org.apache.catalina.LifecycleException: Protocol handler start failed
	at org.apache.catalina.connector.Connector.startInternal(Connector.java:1106) ~[tomcat-embed-core-10.1.42.jar:10.1.42]
	at org.apache.catalina.util.LifecycleBase.start(LifecycleBase.java:164) ~[tomcat-embed-core-10.1.42.jar:10.1.42]
	at org.apache.catalina.core.StandardService.addConnector(StandardService.java:219) ~[tomcat-embed-core-10.1.42.jar:10.1.42]
	... 18 common frames omitted
Caused by: java.net.BindException: Address already in use
	at java.base/sun.nio.ch.Net.bind0(Native Method) ~[na:na]
	at java.base/sun.nio.ch.Net.bind(Net.java:555) ~[na:na]
	at java.base/sun.nio.ch.ServerSocketChannelImpl.netBind(ServerSocketChannelImpl.java:344) ~[na:na]
	at java.base/sun.nio.ch.ServerSocketChannelImpl.bind(ServerSocketChannelImpl.java:301) ~[na:na]
	at org.apache.tomcat.util.net.NioEndpoint.initServerSocket(NioEndpoint.java:266) ~[tomcat-embed-core-10.1.42.jar:10.1.42]
	at org.apache.tomcat.util.net.NioEndpoint.bind(NioEndpoint.java:221) ~[tomcat-embed-core-10.1.42.jar:10.1.42]
	at org.apache.tomcat.util.net.AbstractEndpoint.bindWithCleanup(AbstractEndpoint.java:1399) ~[tomcat-embed-core-10.1.42.jar:10.1.42]
	at org.apache.tomcat.util.net.AbstractEndpoint.start(AbstractEndpoint.java:1482) ~[tomcat-embed-core-10.1.42.jar:10.1.42]
	at org.apache.coyote.AbstractProtocol.start(AbstractProtocol.java:644) ~[tomcat-embed-core-10.1.42.jar:10.1.42]
	at org.apache.catalina.connector.Connector.startInternal(Connector.java:1103) ~[tomcat-embed-core-10.1.42.jar:10.1.42]
	... 20 common frames omitted

2025-09-06T11:58:42.298+02:00 ERROR 6906 --- [demo10] [           main] o.s.b.d.LoggingFailureAnalysisReporter   : 

***************************
APPLICATION FAILED TO START
***************************

Description:

Web server failed to start. Port 8088 was already in use.

Action:

Identify and stop the process that's listening on port 8088 or configure this application to listen on another port.

[INFO] ------------------------------------------------------------------------
[INFO] BUILD FAILURE
[INFO] ------------------------------------------------------------------------
[INFO] Total time:  3.779 s
[INFO] Finished at: 2025-09-06T11:58:42+02:00
[INFO] ------------------------------------------------------------------------
[ERROR] Failed to execute goal org.springframework.boot:spring-boot-maven-plugin:3.5.3:run (default-cli) on project demo10: Process terminated with exit code: 1 -> [Help 1]
[ERROR] 
[ERROR] To see the full stack trace of the errors, re-run Maven with the -e switch.
[ERROR] Re-run Maven using the -X switch to enable full debug logging.
[ERROR] 
[ERROR] For more information about the errors and possible solutions, please read the following articles:
[ERROR] [Help 1] http://cwiki.apache.org/confluence/display/MAVEN/MojoExecutionException
                                                                                                                                                                                                                                                                                                                                                                                                                                                                                                                                                                                                                                                                                                                                                                                                                                                                                                                                                                                                                                                                                                                                                                                                                                                                                                                                                                                                                                                                                                                                                                                                                                                                                                                                                                                                                                                                                                                                                                                                                                                                                                                                                                                                                                                                                                                                                                                                                                                                                                                                                                                                                                                                                                                                                                                                                                                                                                                                                                                                                                                                                                                                                                                                                                                                                                                                                                                                                                                                                                                                                                                                                                                                                                                                                                                                                                                                                                                                                                                                                                                                                                                                                                                                                                                                                                                                                                                                                                                                                                                                                                                                                                                                                                                                                                                                                                                                                                                                                                                                                                                                                                                                                                                                                                                                                                                                                                                                                                                                                                                                                                                                                                                                                                                                                                                                                                                                                                                                                                                                                                                                                                                                                                                                                                                                                                                                                                                                                                                                                                                                                                                                                                                                                                                                                                                                                                                                                                                                                                                                                                                                                                                                                                                                                                                                                                                                                                                                                                                                                                                                                                                                                                                                                                                                                                                                                                                                                                                                                                                                                                                                                                                                                                                                                                                                                                                                                                                                                                                                                                                                                                                                                                                                                                                                                                                                                                                                                                                                                                                                                                                                                                                                                                                                                                                                                                                                                                                                                                                                                                                                                                                                                                                                                                                                                                                                                                                                                                                                                                                                                                                                                                                                                                                                                                                                                                                                                                                                                                                                                                                                                                                                                                                                                                                                                                                                                                                                                                                                                                                                                                                                                                                                                                                                                                                                                                                                                                                                                                                                                                                                                                                                                                                                                                                                                                                                                                                                                                                                                                                                                                                                                                                                                                                                                                                                                                                                                                                                                                                                                                                                                                                                                                                                                                                                                                                                                                                                                                                                                                                                                                                                                                                                                                                                                                                                                                                                                                                                                                                                                                                                                                                                                                                                                                                                                                                                                                                                                                                                                                                                                                                                                                                                                                                                                                                                                                                                                                                                                                                                                                                                                                                                                                                                                                                                                                                                                                                                                                                                                                                                                                                                                                                                                                                                                                                                                                                                                                                                                                                                                                                                                                                                                                                                                                                                                                                                                                                                                                                                                                                                                                                                                                                                                                                                                                                                                                                                                                                                                                                                                                                                                                                                                                                                                                                                                                                                                                                                                                                                                                                                                                                                                                                                                                                                                                                                                                                                                                                                                                                                                                                                                                                                                                                                                                                                                                                                                                                                                                                                                                                                                                                                                                                                                                                                                                                                                                                                                                                                                                                                                                                                                                                                                                                                                                                                                                                                                                                                                                                                                                                                                                                                                                                                                                                                                                                                                                                                                                                                                                                                                                                                                                                                                                                                                                                                                                                                                                                                                                                                                                                                                                                                                                                                                                                                                                                                                                                                                                                                                                                                                                                                                                                                                                                                                                                                                                                                                                                                                                                                                                                                                                                                                                                                                                                                                                                                                                                                                                                                                                                                                                                                                                                                                                                                                                                                                                                                                                                                                                                                                                                                                                                                                                                                                                                                                                                                                                                                                                                                                                                                                                                                                                                                                                                                                                                                                                                                                                                                                                                                                                                                                                                                                                                                                                                                                                                                                                                                                                                                                                                                                                                                                                                                                                                                                                                                                                                                                                                                                                                                                                                                                                                                                                                                                                                                                                                                                                                                                                                                                                                                                                                                                                                                                                                                                                                                                                                                                                                                                                                                                                                                                                                                                                                                                                                                                                                                                                                                                                                                                                                                                                                                                                                                                                                                                                                                                                                                                                                                                                                                                                                                                                                                                                                                                                                                                                                                                                                                                                                                                                                                                                                                                                                                                                                                                                                                                                                                                                                                                                                                                                                                                                                                                                                                                                                                                                                                                                                                                                                                                                                                                                                                                                                                                                                                                                                                                                                                                                                                                                                                                                                                                                                                                                                                                                                                                                                                                                                                                                                                                                                                                                                                                                                                                                                                                                                                                                                                                                                                                                                                                                                                                                                                                                                                                                                                                                                                                                                                                                                                                                                                                                                                                                                                                                                                                                                                                                                                                                                                                                                                                                                                                                                                                                                                                                                                                                                                                                                                                                                                                                                                                                                                                                                                                                                                                                                                                                                                                                                                                                                                                                                                                                                                                                                                                                                                                                                                                                                                                                                                                                                                                                                                                                                                                                                                                                                                                                                                                                                                                                                                                                                                                                                                                                                                                                                                                                                                                                                                                                                                                                                                                                                                                                                                                                                                                                                                                                                                                                                                                                                                                                                                                                                                                                                                                                                                                                                                                                                                                                                                                                                                                                                                                                                                                                                                                                                                                                                                                                                                                                                                                                                                                                                                                                                                                                                                                                                                                                                                                                                                                                                                                                                                                                                                                                                                                                                                                                                                                                                                                                                                                                                                                                                                                                                                                                                                                                                                                                                                                                                                                                                                                                                                                                                                                                                                                                                                                                                                                                                                                                                                                                                                                                                                                                                                                                                                                                                                                                                                                                                                                                                                                                                                                                                                                                                                                                                                                                                                                                                                                                                                                                                                                                                                                                                                                                                                                                                                                                                                                                                                                                                                                                                                                                                                                                                                                                                                                                                                                                                                                                                                                                                                                                                                                                                                                                                                                                                                                                                                                                                                                                                                                                                                                                                                                                                                                                                                                                                                                                                                                                                                                                                                                                                                                                                                                                                                                                                                                                                                                                                                                                                                                                                                                                                                                                                                                                                                                                                                                                                                                                                                                                                                                                                                                                                                                                                                                                                                                                                                                                                                                                                                                                                                                                                                                                                                                                                                                                                                                                                                                                                                                                                                                                                                                                                                                                                                                                                                                                                                                                                                                                                                                                                                                                                                                                                                                                                                                                                                                                                                                                                                                                                                                                                                                                                                                                                                                                                                                                                                                                                                                                                                                                                                                                                                                                                                                                                                                                                                                                                                                                                                                                                                                                                                                                                                                                                                                                                                                                                                                                                                                                                                                                                                                                                                                                                                                                                                                                                                                                                                                                                                                                                                                                                                                                                                                                                                                                                                                                                                                                                                                                                                                                                                                                                                                                                                                                                                                                                                                                                                                                                                                                                                                                                                                                                                                                                                                                                                                                                                                                                                                                                                                                                                                                                                                                                                                                                                                                                                                                                                                                                                                                                                                                                                                                                                                                                                                                                                                                                                                                                                                                                                                                                                                                                                                                                                                                                                                                                                                                                                                                                                                                                                                                                                                                                                                                                                                                                                                                                                                                                                                                                                                                                                                                                                                                                                                                                                                                                                                                                                                                                                                                                                                                                                                                                                                                                                                                                                                                                                                                                                                                                                                                                                                                                                                                                                                                                                                                                                                                                                                                                                                                                                                                                                                                                                                                                                                                                                                                                                                                                                                                                                                                                                                                                                                                                                                                                                                                                                                                                                                                                                                                                                                                                                                                                                                                                                                                                                                                                                                                                                                                                                                                                                                                                                                                                                                                                                                                                                                                                                                                                                                                                                                                                                                                                                                                                                                                                                                                                                                                                                                                                                                                                                                                                                                                                                                                                                                                                                                                                                                                                                                                                                                                                                                                                                                                                                                                                                                                                                                                                                                                                                                                                                                                                                                                                                                                                                                                                                                                                                                                                                                                                                                                                                                                                                                                                                                                                                                                                                                                                                                                                                                                                                                                                                                                                                                                                                                                                                                                                                                                                                                                                                                                                                                                                                                                                                                                                                                                                                                                                                                                                                                                                                                                                                                                                                                                                                                                                                                                                                                                                                                                                                                                                                                                                                                                                                                                                                                                                                                                                                                                                                                                                                                                                                                                                                                                                                                                                                                                                                                                                                                                                                                                                                                                                                                                                                                                                                                                                                                                                                                                                                                                                                                                                                                                                                                                                                                                                                                                                                                                                                                                                                                                                                                                                                                                                                                                                                                                                                                                                                                                                                                                                                                                                                                                                                                                                                                                                                                                                                                                                                                                                                                                                                                                                                                                                                                                                                                                                                                                                                                                                                                                                                                                                                                                                                                                                                                                                                                                                                                                                                                                                                                                                                                                                                                                                                                                                                                                                                                                                                                                                                                                                                                                                                                                                                                                                                                                                                                                                                                                                                                                                                                                                                                                                                                                                                                                                                                                                                                                                                                                                                                                                                                                                                                                                                                                                                                                                                                                                                                                                                                                                                                                                                                                                                                                                                                                                                                                                                                                                                                                                                                                                                                                                                                                                                                                                                                                                                                                                                                                                                                                                                                                                                                                                                                                                                                                                                                                                                                                                                                                                                                                                                                                                                                                                                                                                                                                                                                                                                                                                                                                                                                                                                                                                                                                                                                                                                                                                                                                                                                                                                                                                                                                                                                                                                                                                                                                                                                                                                                                                                                                                                                                                                                                                                                                                                                                                                                                                                                                                                                                                                                                                                                                                                                                                                                                                                                                                                                                                                                                                                                                                                                                                                                                                                                                                                                                                                                                                                                                                                                                                                                                                                                                                                                                                                                                                                                                                                                                                                                                                                                                                                                                                                                                                                                                                                                                                                                                                                                                                                                                                                                                                                                                                                                                                                                                                                                                                                                                                                                                                                                                                                                                                                                                                                                                                                                                                                                                                                                                                                                                                                                                                                                                                                                                                                                                                                                                                                                                                                                                                                                                                                                                                                                                                                                                                                                                                                                                                                                                                                                                                                                                                                                                                                                                                                                                                                                                                                                                                                                                                                                                                                                                                                                                                                                                                                                                                                                                                                                                                                                                                                                                                                                                                                                                                                                                                                                                                                                                                                                                                                                                                                                                                                                                                                                                                                                                                                                                                                                                                                                                                                                                                                                                                                                                                                                                                                                                                                                                                                                                                                                                                                                                                                                                                                                                                                                                                                                                                                                                                                                                                                                                                                                                                                                                                                                                                                                                                                                                                                                                                                                                                                                                                                                                                                                                                                                                                                                                                                                                                                                                                                                                                                                                                                                                                                                                                                                                                                                                                                                                                                                                                                                                                                                                                                                                                                                                                                                                                                                                                                                                                                                                                                                                                                                                                                                                                                                                                                                                                                                                                                                                                                                                                                                                                                                                                                                                                                                                                                                                                                                                                                                                                                                                                                                                                                                                                                                                                                                                                                                                                                                                                                                                                                                                                                                                                                                                                                                                                                                                                                                                                                                                                                                                                                                                                                                                                                                                                                                                                                                                                                                                                                                                                                                                                                                                                                                                                                                                                                                                                                                                                                                                                                                                                                                                                                                                                                                                                                                                                                                                                                                                                                                                                                                                                                                                                                                                                                                                                                                                                                                                                                                                                                                                                                                                                                                                                                                                                                                                                                                                                                                                                                                                                                                                                                                                                                                                                                                                                                                                                                                                                                                                                                                                                                                                                                                                                                                                                                                                                                                                                                                                                                                                                                                                                                                                                                                                                                                                                                                                                                                                                                                                                                                                                                                                                                                                                                                                                                                                                                                                                                                                                                                                                                                                                                                                                                                                                                                                                                                                                                                                                                                                                                                                                                                                                                                                                                                                                                                                                                                                                                                                                                                                                                                                                                                                                                                                                                                                                                                                                                                                                                                                                                                                                                                                                                                                                                                                                                                                                                                                                                                                                                                                                                                                                                                                                                                                                                                                                                                                                                                                                                                                                                                                                                                                                                                                                                                                                                                                                                                                                                                                                                                                                                                                                                                                                                                                                                                                                                                                                                                                                                                                                                                                                                                                                                                                                                                                                                                                                                                                                                                                                                                                                                                                                                                                                                                                                                                                                                                                                                                                                                                                                                                                                                                                                                                                                                                                                                                                                                                                                                                                                                                                                                                                                                                                                                                                                                                                                                                                                                                                                                                                                                                                                                                                                                                                                                                                                                                                                                                                                                                                                                                                                                                                                                                                                                                                                                                                                                                                                                                                                                                                                                                                                                                                                                                                                                                                                                                                                                                                                                                                                                                                                                                                                                                                                                                                                                                                                                                                                                                                                                                                                                                                                                                                                                                                                                                                                                                                                                                                                                                                                                                                                                                                                                                                                                                                                                                                                                                                                                                                                                                                                                                                                                                                                                                                                                                                                                                                                                                                                                                                                                                                                                                                                                                                                                                                                                                                                                                                                                                                                                                                                                                                                                                                                                                                                                                                                                                                                                                                                                                                                                                                                                                                                                                                                                                                                                                                                                                                                                                                                                                                                                                                                                                                                                                                                                                                                                                                                                                                                                                                                                                                                                                                                                                                                                                                                                                                                                                                                                                                                                                                                                                                                                                                                                                                                                                                                                                                                                                                                                                                                                                                                                                                                                                                                                                                                                                                                                                                                                                                                                                                                                                                                                                                                                                                                                                                                                                                                                                                                                                                                                                                                                                                                                                                                                                                                                                                                                                                                                                                                                                                                                                                                                                                                                                                                                                                                                                                                                                                                                                                                                                                                                                                                                                                                                                                                                                                                                                                                                                                                                                                                                                                                                                                                                                                                                                                                                                                                                                                                                                                                                                                                                                                                                                                                                                                                                                                                                                                                                                                                                                                                                                                                                                                                                                                                                                                                                                                                                                                                                                                                                                                                                                                                                                                                                                                                                                                                                                                                                                                                                                                                                                                                                                                                                                                                                                                                                                                                                                                                                                                                                                                                                                                                                                                                                                                                                                                                                                                                                                                                                                                                                                                                                                                                                                                                                                                                                                                                                                                                                                                                                                                                                                                                                                                                                                                                                                                                                                                                                                                                                                                                                                                                                                                                                                                                                                                                                                                                                                                                                                                                                                                                                                                                                                                                                                                                                                                                                                                                                                                                                                                                                                                                                                                                                                                                                                                                                                                                                                                                                                                                                                                                                                                                                                                                                                                                                                                                                                                                                                                                                                                                                                                                                                                                                                                                                                                                                                                                                                                                                                                                                                                                                                                                                                                                                                                                                                                                                                                                                                                                                                                                                                                                                                                                                                                                                                                                                                                                                                                                                                                                                                                                                                                                                                                                                                                                                                                                                                                                                                                                                                                                                                                                                                                                                                                                                                                                                                                                                                                                                                                                                                                                                                                                                                                                                                                                                                                                                                                                                                                                                                                                                                                                                                                                                                                                                                                                                                                                                                                                                                                                                                                                                                                                                                                                                                                                                                                                                                                                                                                                                                                                                                                                                                                                                                                                                                                                                                                                                                                                                                                                                                                                                                                                                                                                                                                                                                                                                                                                                                                                                                                                                                                                                                                                                                                                                                                                                                                                                                                                                                                                                                                                                                                                                                                                                                                                                                                                                                                                                                                                                                                                                                                                                                                                                                                                                                                                                                                                                                                                                                                                                                                                                                                                                                                                                                                                                                                                                                                                                                                                                                                                                                                                                                                                                                                                                                                                                                                                                                                                                                                                                                                                                                                                                                                                                                                                                                                                                                                                                                                                                                                                                                                                                                                                                                                                                                                                                                                                                                                                                                                                                                                                                                                                                                                                                                                                                                                                                                                                                                                                                                                                                                                                                                                                                                                                                                                                                                                                                                                                                                                                                                                                                                                                                                                                                                                                                                                                                                                                                                                                                                                                                                                                                                                                                                                                                                                                                                                                                                                                                                                                                                                                                                                                                                                                                                                                                                                                                                                                                                                                                                                                                                                                                                                                                                                                                                                                                                                                                                                                                                                                                                                                                                                                                                                                                                                                                                                                                                                                                                                                                                                                                                                                                                                                                                                                                                                                                                                                                                                                                                                                                                                                                                                                                                                                                                                                                                                                                                                                                                                                                                                                                                                                                                                                                                                                                                                                                                                                                                                                                                                                                                                                                                                                                                                                                                                                                                                                                                                                                                                                                                                                                                                                                                                                                                                                                                                                                                                                                                                                                                                                                                                                                                                                                                                                                                                                                                                                                                                                                                                                                                                                                                                                                                                                                                                                                                                                                                                                                                                                                                                                                                                                                                                                                                                                                                                                                                                                                                                                                                                                                                                                                                                                                                                                                                                                                                                                                                                                                                                                                                                                                                                                                                                                                                                                                                                                                                                                                                                                                                                                                                                                                                                                                                                                                                                                                                                                                                                                                                                                                                                                                                                                                                                                                                                                                                                                                                                                                                                                                                                                                                                                                                                                                                                                                                                                                                                                                                                                                                                                                                                                                                                                                                                                                                                                                                                                                                                                                                                                                                                                                                                                                                                                                                                                                                                                                                                                                                                                                                                                                                                                                                                                                                                                                                                                                                                                                                                                                                                                                                                                                                                                                                                                                                                                                                                                                                                                                                                                                                                                                                                                                                                                                                                                                                                                                                                                                                                                                                                                                                                                                                                                                                                                                                                                                                                                                                                                                                                                                                                                                                                                                                                                                                                                                                                                                                                                                                                                                                                                                                                                                                                                                                                                                                                                                                                                                                                                                                                                                                                                                                                                                                                                                                                                                                                                                                                                                                                                                                                                                                                                                                                                                                                                                                                                                                                                                                                                                                                                                                                                                                                                                                                                                                                                                                                                                                                                                                                                                                                                                                                                                                                                                                                                                                                                                                                                                                                                                                                                                                                                                                                                                                                                                                                                                                                                                                                                                                                                                                                                                                                                                                                                                                                                                                                                                                                                                                                                                                                                                                                                                                                                                                                                                                                                                                                                                                                                                                                                                                                                                                                                                                                                                                                                                                                                                                                                                                                                                                                                                                                                                                                                                                                                                                                                                                                                                                                                                                                                                                                                                                                                                                                                                                                                                                                                                                                                                                                                                                                                                                                                                                                                                                                                                                                                                                                                                                                                                                                                                                                                                                                                                                                                                                                                                                                                                                                                                                                                                                                                                                                                                                                                                                                                                                                                                                                                                                                                                                                                                                                                                                                                                                                                                                                                                                                                                                                                                                                                                                                                                                                                                                                                                                                                                                                                                                                                                                                                                                                                                                                                                                                                                                                                                                                                                                                                                                                                                                                                                                                                                                                                                                                                                                                                                                                                                                                                                                                                                                                                                                                                                                                                                                                                                                                                                                                                                                                                                                                                                                                                                                                                                                                                                                                                                                                                                                                                                                                                                                                                                                                                                                                                                                                                                                                                                                                                                                                                                                                                                                                                                                                                                                                                                                                                                                                                                                                                                                                                                                                                                                                                                                                                                                                                                                                                                                                                                                                                                                                                                                                                                                                                                                                                                                                                                                                                                                                                                                                                                                                                                                                                                                                                                                                                                                                                                                                                                                                                                                                                                                                                                                                                                                                                                                                                                                                                                                                                                                                                                                                                                                                                                                                                                                                                                                                                                                                                                                                                                                                                                                                                                                                                                                                                                                                                                                                                                                                                                                                                                                                                                                                                                                                                                                                                                                                                                                                                                                                                                                                                                                                                                                                                                                                                                                                                                                                                                                                                                                                                                                                                                                                                                                                                                                                                                                                                                                                                                                                                                                                                                                                                                                                                                                                                                                                                                                                                                                                                                                                                                                                                                                                                                                                                                                                                                                                                                                                                                                                                                                                                                                                                                                                                                                                                                                                                                                                                                                                                                                                                                                                                                                                                                                                                                                                                                                                                                                                                                                                                                                                                                                                                                                                                                                                                                                                                                                                                                                                                                                                                                                                                                                                                                                                                                                                                                                                                                                                                                                                                                                                                                                                                                                                                                                                                                                                                                                                                                                                                                                                                                                                                                                                                                                                                                                                                                                                                                                                                                                                                                                                                                                                                                                                                                                                                                                                                                                                                                                                                                                                                                                                                                                                                                                                                                                                                                                                                                                                                                                                                                                                                                                                                                                                                                                                                                                                                                                                                                                                                                                                                                                                                                                                                                                                                                                                                                                                                                                                                                                                                                                                                                                                                                                                                                                                                                                                                                                                                                                                                                                                                                                                                                                                                                                                                                                                                                                                                                                                                                                                                                                                                                                                                                                                                                                                                                                                                                                                                                                                                                                                                                                                                                                                                                                                                                                                                                                                                                                                                                                                                                                                                                                                                                                                                                                                                                                                                                                                                                                                                                                                                                                                                                                                                                                                                                                                                                                                                                                                                                                                                                                                                                                                                                                                                                                                                                                                                                                                                                                                                                                                                                                                                                                                                                                                                                                                                                                                                                                                                                                                                                                                                                                                                                                                                                                                                                                                                                                                                                                                                                                                                                                                                                                                                                                                                                                                                                                                                                                                                                                                                                                                                                                                                                                                                                                                                                                                                                                                                                                                                                                                                                                                                                                                                                                                                                                                                                                                                                                                                                                                                                                                                                                                                                                                                                                                                                                                                                                                                                                                                                                                                                                                                                                                                                                                                                                                                                                                                                                                                                                                                                                                                                                                                                                                                                                                                                                                                                                                                                                                                                                                                                                                                                                                                                                                                                                                                                                                                                                                                                                                                                                                                                                                                                                                                                                                                                                                                                                                                                                                                                                                                                                                                                                                                                                                                                                                                                                                                                                                                                                                                                                                                                                                                                                                                                                                                                                                                                                                                                                                                                                                                                                                                                                                                                                                                                                                                                                                                                                                                                                                                                                                                                                                                                                                                                                                                                                                                                                                                                                                                                                                                                                                                                                                                                                                                                                                                                                                                                                                                                                                                                                                                                                                                                                                                                                                                                                                                                                                                                                                                                                                                                                                                                                                                                                                                                                                                                                                                                                                                                                                                                                                                                                                                                                                                                                                                                                                                                                                                                                                                                                                                                                                                                                                                                                                                                                                                                                                                                                                                                                                                                                                                                                                                                                                                                                                                                                                                                                                                                                                                                                                                                                                                                                                                                                                                                                                                                                                                                                                                                                                                                                                                                                                                                                                                                                                                                                                                                                                                                                                                                                                                                                                                                                                                                                                                                                                                                                                                                                                                                                                                                                                                                                                                                                                                                                                                                                                                                                                                                                                                                                                                                                                                                                                                                                                                                                                                                                                                                                                                                                                                                                                                                                                                                                                                                                                                                                                                                                                                                                                                                                                                                                                                                                                                                                                                                                                                                                                                                                                                                                                                                                                                                                                                                                                                                                                                                                                                                                                                                                                                                                                                                                                                                                                                                                                                                                                                                                                                                                                                                                                                                                                                                                                                                                                                                                                                                                                                                                                                                                                                                                                                                                                                                                                                                                                                                                                                                                                                                                                                                                                                                                                                                                                                                                                                                                                                                                                                                                                                                                                                                                                                                                                                                                                                                                                                                                                                                                                                                                                                                                                                                                                                                                                                                                                                                                                                                                                                                                                                                                                                                                                                                                                                                                                                                                                                                                                                                                                                                                                                                                                                                                                                                                                                                                                                                                                                                                                                                                                                                                                                                                                                                                                                                                                                                                                                                                                                                                                                                                                                                                                                                                                                                                                                                                                                                                                                                                                                                                                                                                                                                                                                                                                                                                                                                                                                                                                                                                                                                                                                                                                                                                                                                                                                                                                                                                                                                                                                                                                                                                                                                                                                                                                                                                                                                                                                                                                                                                                                                                                                                                                                                                                                                                                                                                                                                                                                                                                                                                                                                                                                                                                                                                                                                                                                                                                                                                                                                                                                                                                                                                                                                                                                                                                                                                                                                                                                                                                                                                                                                                                                                                                                                                                                                                                                                                                                                                                                                                                                                                                                                                                                                                                                                                                                                                                                                                                                                                                                                                                                                                                                                                                                                                                                                                                                                                                                                                                                                                                                                                                                                                                                                                                                                                                                                                                                                                                                                                                                                                                                                                                                                                                                                                                                                                                                                                                                                                                                                                                                                                                                                                                                                                                                                                                                                                                                                                                                                                                                                                                                                                                                                                                                                                                                                                                                                                                                                                                                                                                                                                                                                                                                                                                                                                                                                                                                                                                                                                                                                                                                                                                                                                                                                                                                                                                                                                                                                                                                                                                                                                                                                                                                                                                                                                                                                                                                                                                                                                                                                                                                                                                                                                                                                                                                                                                                                                                                                                                                                                                                                                                                                                                                                                                                                                                                                                                                                                                                                                                                                                                                                                                                                                                                                                                                                                                                                                                                                                                                                                                                                                                                                                                                                                                                                                                                                                                                                                                                                                                                                                                                                                                                                                                                                                                                                                                                                                                                                                                                                                                                                                                                                                                                                                                                                                                                                                                                                                                                                                                                                                                                                                                                                                                                                                                                                                                                                                                                                                                                                                                                                                                                                                                                                                                                                                                                                                                                                                                                                                                                                                                                                                                                                                                                                                                                                                                                                                                                                                                                                                                                                                                                                                                                                                                                                                                                                                                                                                                                                                                                                                                                                                                                                                                                                                                                                                                                                                                                                                                                                                                                                                                                                                                                                                                                                                                                                                                                                                                                                                                                                                                                                                                                                                                                                                                                                                                                                                                                                                                                                                                                                                                                                                                                                                                                                                                                                                                                                                                                                                                                                                                                                                                                                                                                                                                                                                                                                                                                                                                                                                                                                                                                                                                                                                                                                                                                                                                                                                                                                                                                                                                                                                                                                                                                                                                                                                                                                                                                                                                                                                                                                                                                                                                                                                                                                                                                                                                                                                                                                                                                                                                                                                                                                                                                                                                                                                                                                                                                                                                                                                                                                                                                                                                                                                                                                                                                                                                                                                                                                                                                                                                                                                                                                                                                                                                                                                                                                                                                                                                                                                                                                                                                                                                                                                                                                                                                                                                                                                                                                                                                                                                                                                                                                                                                                                                                                                                                                                                                                                                                                                                                                                                                                                                                                                                                                                                                                                                                                                                                                                                                                                                                                                                                                                                                                                                                                                                                                                                                                                                                                                                                                                                                                                                                                                                                                                                                                                                                                                                                                                                                                                                                                                                                                                                                                                                                                                                                                                                                                                                                                                                                                                                                                                                                                                                                                                                                                                                                                                                                                                                                                                                                                                                                                                                                                                                                                                                                                                                                                                                                                                                                                                                                                                                                                                                                                                                                                                                                                                                                                                                                                                                                                                                                                                                                                                                                                                                                                                                                                                                                                                                                                                                                                                                                                                                                                                                                                                                                                                                                                                                                                                                                                                                                                                                                                                                                                                                                                                                                                                                                                                                                                                                                                                                                                                                                                                                                                                                                                                                                                                                                                                                                                                                                                                                                                                                                                                                                                                                                                                                                                                                                                                                                                                                                                                                                                                                                                                                                                                                                                                                                                                                                                                                                                                                                                                                                                                                                                                                                                                                                                                                                                                                                                                                                                                                                                                                                                                                                                                                                                                                                                                                                                                                                                                                                                                                                                                                                                                                                                                                                                                                                                                                                                                                                                                                                                                                                                                                                                                                                                                                                                                                                                                                                                                                                                                                                                                                                                                                                                                                                                                                                                                                                                                                                                                                                                                                                                                                                                                                                                                                                                                                                                                                                                                                                                                                                                                                                                                                                                                                                                                                                                                                                                                                                                                                                                                                                                                                                                                                                                                                                                                                                                                                                                                                                                                                                                                                                                                                                                                                                                                                                                                                                                                                                                                                                                                                                                                                                                                                                                                                                                                                                                                                                                                                                                                                                                                                                                                                                                                                                                                                                                                                                                                                                                                                                                                                                                                                                                                                                                                                                                                                                                                                                                                                                                                                                                                                                                                                                                                                                                                                                                                                                                                                                                                                                                                                                                                                                                                                                                                                                                                                                                                                                                                                                                                                                                                                                                                                                                                                                                                                                                                                                                                                                                                                                                                                                                                                                                                                                                                                                                                                                                                                                                                                                                                                                                                                                                                                                                                                                                                                                                                                                                                                                                                                                                                                                                                                                                                                                                                                                                                                                                                                                                                                                                                                                                                                                                                                                                                                                                                                                                                                                                                                                                                                                                                                                                                                                                                                                                                                                                                                                                                                                                                                                                                                                                                                                                                                                                                                                                                                                                                                                                                                                                                                                                                                                                                                                                                                                                                                                                                                                                                                                                                                                                                                                                                                                                                                                                                                                                                                                                                                                                                                                                                                                                                                                                                                                                                                                                                                                                                                                                                                                                                                                                                                                                                                                                                                                                                                                                                                                                                                                                                                                                                                                                                                                                                                                                                                                                                                                                                                                                                                                                                                                                                                                                                                                                                                                                                                                                                                                                                                                                                                                                                                                                                                                                                                                                                                                                                                                                                                                                                                                                                                                                                                                                                                                                                                                                                                                                                                                                                                                                                                                                                                                                                                                                                                                                                                                                                                                                                                                                                                                                                                                                                                                                                                                                                                                                                                                                                                                                                                                                                                                                                                                                                                                                                                                                                                                                                                                                                                                                                                                                                                                                                                                                                                                                                                                                                                                                                                                                                                                                                                                                                                                                                                                                                                                                                                                                                                                                                                                                                                                                                                                                                                                                                                                                                                                                                                                                                                                                                                                                                                                                                                                                                                                                                                                                                                                                                                                                                                                                                                                                                                                                                                                                                                                                                                                                                                                                                                                                                                                                                                                                                                                                                                                                                                                                                                                                                                                                                                                                                                                                                                                                                                                                                                                                                                                                                                                                                                                                                                                                                                                                                                                                                                                                                                                                                                                                                                                                                                                                                                                                                                                                                                                                                                                                                                                                                                                                                                                                                                                                                                                                                                                                                                                                                                                                                                                                                                                                                                                                                                                                                                                                                                                                                                                                                                                                                                                                                                                                                                                                                                                                                                                                                                                                                                                                                                                                                                                                                                                                                                                                                                                                                                                                                                                                                                                                                                                                                                                                                                                                                                                                                                                                                                                                                                                                                                                                                                                                                                                                                                                                                                                                                                                                                                                                                                                                                                                                                                                                                                                                                                                                                                                                                                                                                                                                                                                                                                                                                                                                                                                                                                                                                                                                                                                                                                                                                                                                                                                                                                                                                                                                                                                                                                                                                                                                                                                                                                                                                                                                                                                                                                                                                                                                                                                                                                                                                                                                                                                                                                                                                                                                                                                                                                                                                                                                                                                                                                                                                                                                                                                                                                                                                                                                                                                                                                                                                                                                                                                                                                                                                                                                                                                                                                                                                                                                                                                                                                                                                                                                                                                                                                                                                                                                                                                                                                                                                                                                                                                                                                                                                                                                                                                                                                                                                                                                                                                                                                                                                                                                                                                                                                                                                                                                                                                                                                                                                                                                                                                                                                                                                                                                                                                                                                                                                                                                                                                                                                                                                                                                                                                                                                                                                                                                                                                                                                                                                                                                                                                                                                                                                                                                                                                                                                                                                                                                                                                                                                                                                                                                                                                                                                                                                                                                                                                                                                                                                                                                                                                                                                                                                                                                                                                                                                                                                                                                                                                                                                                                                                                                                                                                                                                                                                                                                                                                                                                                                                                                                                                                                                                                                                                                                                                                                                                                                                                                                                                                                                                                                                                                                                                                                                                                                                                                                                                                                                                                                                                                                                                                                                                                                                                                                                                                                                                                                                                                                                                                                                                                                                                                                                                                                                                                                                                                                                                                                                                                                                                                                                                                                                                                                                                                                                                                                                                                                                                                                                                                                                                                                                                                                                                                                                                                                                                                                                                                                                                                                                                                                                                                                                                                                                                                                                                                                                                                                                                                                                                                                                                                                                                                                                                                                                                                                                                                                                                                                                                                                                                                                                                                                                                                                                                                                                                                                                                                                                                                                                                                                                                                                                                                                                                                                                                                                                                                                                                                                                                                                                                                                                                                                                                                                                                                                                                                                                                                                                                                                                                                                                                                                                                                                                                                                                                                                                                                                                                                                                                                                                                                                                                                                                                                                                                                                                                                                                                                                                                                                                                                                                                                                                                                                                                                                                                                                                                                                                                                                                                                                                                                                                                                                                                                                                                                                                                                                                                                                                                                                                                                                                                                                                                                                                                                                                                                                                                                                                                                                                                                                                                                                                                                                                                                                                                                                                                                                                                                                                                                                                                                                                                                                                                                                                                                                                                                                                                                                                                                                                                                                                                                                                                                                                                                                                                                                                                                                                                                                                                                                                                                                                                                                                                                                                                                                                                                                                                                                                                                                                                                                                                                                                                                                                                                                                                                                                                                                                                                                                                                                                                                                                                                                                                                                                                                                                                                                                                                                                                                                                                                                                                                                                                                                                                                                                                                                                                                                                                                                                                                                                                                                                                                                                                                                                                                                                                                                                                                                                                                                                                                                                                                                                                                                                                                                                                                                                                                                                                                                                                                                                                                                                                                                                                                                                                                                                                                                                                                                                                                                                                                                                                                                                                                                                                                                                                                                                                                                                                                                                                                                                                                                                                                                                                                                                                                                                                                                                                                                                                                                                                                                                                                                                                                                                                                                                                                                                                                                                                                                                                                                                                                                                                                                                                                                                                                                                                                                                                                                                                                                                                                                                                                                                                                                                                                                                                                                                                                                                                                                                                                                                                                                                                                                                                                                                                                                                                                                                                                                                                                                                                                                                                                                                                                                                                                                                                                                                                                                                                                                                                                                                                                                                                                                                                                                                                                                                                                                                                                                                                                                                                                                                                                                                                                                                                                                                                                                                                                                                                                                                                                                                                                                                                                                                                                                                                                                                                                                                                                                                                                                                                                                                                                                                                                                                                                                                                                                                                                                                                                                                                                                                                                                                                                                                                                                                                                                                                                                                                                                                                                                                                                                                                                                                                                                                                                                                                                                                                                                                                                                                                                                                                                                                                                                                                                                                                                                                                                                                                                                                                                                                                                                                                                                                                                                                                                                                                                                                                                                                                                                                                                                                                                                                                                                                                                                                                                                                                                                                                                                                                                                                                                                                                                                                                                                                                                                                                                                                                                                                                                                                                                                                                                                                                                                                                                                                                                                                                                                                                                                                                                                                                                                                                                                                                                                                                                                                                                                                                                                                                                                                                                                                                                                                                                                                                                                                                                                                                                                                                                                                                                                                                                                                                                                                                                                                                                                                                                                                                                                                                                                                                                                                                                                                                                                                                                                                                                                                                                                                                                                                                                                                                                                                                                                                                                                                                                                                                                                                                                                                                                                                                                                                                                                                                                                                                                                                                                                                                                                                                                                                                                                                                                                                                                                                                                                                                                                                                                                                                                                                                                                                                                                                                                                                                                                                                                                                                                                                                                                                                                                                                                                                                                                                                                                                                                                                                                                                                                                                                                                                                                                                                                                                                                                                                                                                                                                                                                                                                                                                                                                                                                                                                                                                                                                                                                                                                                                                                                                                                                                                                                                                                                                                                                                                                                                                                                                                                                                                                                                                                                                                                                                                                                                                                                                                                                                                                                                                                                                                                                                                                                                                                                                                                                                                                                                                                                                                                                                                                                                                                                                                                                                                                                                                                                                                                                                                                                                                                                                                                                                                                                                                                                                                                                                                                                                                                                                                                                                                                                                                                                                                                                                                                                                                                                                                                                                                                                                                                                                                                                                                                                                                                                                                                                                                                                                                                                                                                                                                                                                                                                                                                                                                                                                                                                                                                                                                                                                                                                                                                                                                                                                                                                                                                                                                                                                                                                                                                                                                                                                                                                                                                                                                                                                                                                                                                                                                                                                                                                                                                                                                                                                                                                                                                                                                                                                                                                                                                                                                                                                                                                                                                                                                                                                                                                                                                                                                                                                                                                                                                                                                                                                                                                                                                                                                                                                                                                                                                                                                                                                                                                                                                                                                                                                                                                                                                                                                                                                                                                                                                                                                                                                                                                                                                                                                                                                                                                                                                                                                                                                                                                                                                                                                                                                                                                                                                                                                                                                                                                                                                                                                                                                                                                                                                                                                                                                                                                                                                                                                                                                                                                                                                                                                                                                                                                                                                                                                                                                                                                                                                                                                                                                                                                                                                                                                                                                                                                                                                                                                                                                                                                                                                                                                                                                                                                                                                                                                                                                                                                                                                                                                                                                                                                                                                                                                                                                                                                                                                                                                                                                                                                                                                                                                                                                                                                                                                                                                                                                                                                                                                                                                                                                                                                                                                                                                                                                                                                                                                                                                                                                                                                                                                                                                                                                                                                                                                                                                                                                                                                                                                                                                                                                                                                                                                                                                                                                                                                                                                                                                                                                                                                                                                                                                                                                                                                                                                                                                                                                                                                                                                                                                                                                                                                                                                                                                                                                                                                                                                                                                                                                                                                                                                                                                                                                                                                                                                                                                                                                                                                                                                                                                                                                                                                                                                                                                                                                                                                                                                                                                                                                                                                                                                                                                                                                                                                                                                                                                                                                                                                                                                                                                                                                                                                                                                                                                                                                                                                                                                                                                                                                                                                                                                                                                                                                                                                                                                                                                                                                                                                                                                                                                                                                                                                                                                                                                                                                                                                                                                                                                                                                                                                                                                                                                                                                                                                                                                                                                                                                                                                                                                                                                                                                                                                                                                                                                                                                                                                                                                                                                                                                                                                                                                                                                                                                                                                                                                                                                                                                                                                                                                                                                                                                                                                                                                                                                                                                                                                                                                                                                                                                                                                                                                                                                                                                                                                                                                                                                                                                                                                                                                                                                                                                                                                                                                                                                                                                                                                                                                                                                                                                                                                                                                                                                                                                                                                                                                                                                                                                                                                                                                                                                                                                                                                                                                                                                                                                                                                                                                                                                                                                                                                                                                                                                                                                                                                                                                                                                                                                                                                                                                                                                                                                                                                                                                                                                                                                                                                                                                                                                                                                                                                                                                                                                                                                                                                                                                                                                                                                                                                                                                                                                                                                                                                                                                                                                                                                                                                                                                                                                                                                                                                                                                                                                                                                                                                                                                                                                                                                                                                                                                                                                                                                                                                                                                                                                                                                                                                                                                                                                                                                                                                                                                                                                                                                                                                                                                                                                                                                                                                                                                                                                                                                                                                                                                                                                                                                                                                                                                                                                                                                                                                                                                                                                                                                                                                                                                                                                                                                                                                                                                                                                                                                                                                                                                                                                                                                                                                                                                                                                                                                                                                                                                                                                                                                                                                                                                                                                                                                                                                                                                                                                                                                                                                                                                                                                                                                                                                                                                                                                                                                                                                                                                                                                                                                                                                                                                                                                                                                                                                                                                                                                                                                                                                                                                                                                                                                                                                                                                                                                                                                                                                                                                                                                                                                                                                                                                                                                                                                                                                                                                                                                                                                                                                                                                                                                                                                                                                                                                                                                                                                                                                                                                                                                                                                                                                                                                                                                                                                                                                                                                                                                                                                                                                                                                                                                                                                                                                                                                                                                                                                                                                                                                                                                                                                                                                                                                                                                                                                                                                                                                                                                                                                                                                                                                                                                                                                                                                                                                                                                                                                                                                                                                                                                                                                                                                                                                                                                                                                                                                                                                                                                                                                                                                                                                                                                                                                                                                                                                                                                                                                                                                                                                                                                                                                                                                                                                                                                                                                                                                                                                                                                                                                                                                                                                                                                                                                                                                                                                                                                                                                                                                                                                                                                                                                                                                                                                                                                                                                                                                                                                                                                                                                                                                                                                                                                                                                                                                                                                                                                                                                                                                                                                                                                                                                                                                                                                                                                                                                                                                                                                                                                                                                                                                                                                                                                                                                                                                                                                                                                                                                                                                                                                                                                                                                                                                                                                                                                                                                                                                                                                                                                                                                                                                                                                                                                                                                                                                                                                                                                                                                                                                                                                                                                                                                                                                                                                                                                                                                                                                                                                                                                                                                                                                                                                                                                                                                                                                                                                                                                                                                                                                                                                                                                                                                                                                                                                                                                                                                                                                                                                                                                                                                                                                                                                                                                                                                                                                                                                                                                                                                                                                                                                                                                                                                                                                                                                                                                                                                                                                                                                                                                                                                                                                                                                                                                                                                                                                                                                                                                                                                                                                                                                                                                                                                                                                                                                                                                                                                                                                                                                                                                                                                                                                                                                                                                                                                                                                                                                                                                                                                                                                                                                                                                                                                                                                                                                                                                                                                                                                                                                                                                                                                                                                                                                                                                                                                                                                                                                                                                                                                                                                                                                                                                                                                                                                                                                                                                                                                                                                                                                                                                                                                                                                                                                                                                                                                                                                                                                                                                                                                                                                                                                                                                                                                                                                                                                                                                                                                                                                                                                                                                                                                                                                                                                                                                                                                                                                                                                                                                                                                                                                                                                                                                                                                                                                                                                                                                                                                                                                                                                                                                                                                                                                                                                                                                                                                                                                                                                                                                                                                                                                                                                                                                                                                                                                                                                                                                                                                                                                                                                                                                                                                                                                                                                                                                                                                                                                                                                                                                                                                                                                                                                                                                                                                                                                                                                                                                                                                                                                                                                                                                                                                                                                                                                                                                                                                                                                                                                                                                                                                                                                                                                                                                                                                                                                                                                                                                                                                                                                                                                                                                                                                                                                                                                                                                                                                                                                                                                                                                                                                                                                                                                                                                                                                                                                                                                                                                                                                                                                                                                                                                                                                                                                                                                                                                                                                                                                                                                                                                                                                                                                                                                                                                                                                                                                                                                                                                                                                                                                                                                                                                                                                                                                                                                                                                                                                                                                                                                                                                                                                                                                                                                                                                                                                                                                                                                                                                                                                                                                                                                                                                                                                                                                                                                                                                                                                                                                                                                                                                                                                                                                                                                                                                                                                                                                                                                                                                                                                                                                                                                                                                                                                                                                                                                                                                                                                                                                                                                                                                                                                                                                                                                                                                                                                                                                                                                                                                                                                                                                                                                                                                                                                                                                                                                                                                                                                                                                                                                                                                                                                                                                                                                                                                                                                                                                                                                                                                                                                                                                                                                                                                                                                                                                                                                                                                                                                                                                                                                                                                                                                                                                                                                                                                                                                                                                                                                                                                                                                                                                                                                                                                                                                                                                                                                                                                                                                                                                                                                                                                                                                                                                                                                                                                                                                                                                                                                                                                                                                                                                                                                                                                                                                                                                                                                                                                                                                                                                                                                                                                                                                                                                                                                                                                                                                                                                                                                                                                                                                                                                                                                                                                                                                                                                                                                                                                                                                                                                                                                                                                                                                                                                                                                                                                                                                                                                                                                                                                                                                                                                                                                                                                                                                                                                                                                                                                                                                                                                                                                                                                                                                                                                                                                                                                                                                                                                                                                                                                                                                                                                                                                                                                                                                                                                                                                                                                                                                                                                                                                                                                                                                                                                                                                                                                                                                                                                                                                                                                                                                                                                                                                                                                                                                                                                                                                                                                                                                                                                                                                                                                                                                                                                                                                                                                                                                                                                                                                                                                                                                                                                                                                                                                                                                                                                                                                                                                                                                                                                                                                                                                                                                                                                                                                                                                                                                                                                                                                                                                                                                                                                                                                                                                                                                                                                                                                                                                                                                                              2025-09-06T11:58:56.163+02:00 DEBUG 84692 --- [demo10] [nio-8088-exec-9] o.s.web.servlet.DispatcherServlet        : GET "/api/maintenance", parameters={}
2025-09-06T11:58:56.163+02:00 DEBUG 84692 --- [demo10] [nio-8088-exec-9] o.s.w.s.handler.SimpleUrlHandlerMapping  : Mapped to ResourceHttpRequestHandler [classpath [META-INF/resources/], classpath [resources/], classpath [static/], classpath [public/], ServletContext [/]]
2025-09-06T11:58:56.163+02:00 DEBUG 84692 --- [demo10] [nio-8088-exec-9] o.j.s.OpenEntityManagerInViewInterceptor : Opening JPA EntityManager in OpenEntityManagerInViewInterceptor
2025-09-06T11:58:56.164+02:00 DEBUG 84692 --- [demo10] [nio-8088-exec-9] o.s.w.s.r.ResourceHttpRequestHandler     : Resource not found
2025-09-06T11:58:56.164+02:00 DEBUG 84692 --- [demo10] [nio-8088-exec-9] .m.m.a.ExceptionHandlerExceptionResolver : Using @ExceptionHandler com.example.demo.GlobalExceptionHandler#handleAllExceptions(Exception)
org.springframework.web.servlet.resource.NoResourceFoundException: No static resource api/maintenance.
	at org.springframework.web.servlet.resource.ResourceHttpRequestHandler.handleRequest(ResourceHttpRequestHandler.java:585)
	at org.springframework.web.servlet.mvc.HttpRequestHandlerAdapter.handle(HttpRequestHandlerAdapter.java:52)
	at org.springframework.web.servlet.DispatcherServlet.doDispatch(DispatcherServlet.java:1089)
	at org.springframework.web.servlet.DispatcherServlet.doService(DispatcherServlet.java:979)
	at org.springframework.web.servlet.FrameworkServlet.processRequest(FrameworkServlet.java:1014)
	at org.springframework.web.servlet.FrameworkServlet.doGet(FrameworkServlet.java:903)
	at jakarta.servlet.http.HttpServlet.service(HttpServlet.java:564)
	at org.springframework.web.servlet.FrameworkServlet.service(FrameworkServlet.java:885)
	at jakarta.servlet.http.HttpServlet.service(HttpServlet.java:658)
	at org.apache.catalina.core.ApplicationFilterChain.internalDoFilter(ApplicationFilterChain.java:195)
	at org.apache.catalina.core.ApplicationFilterChain.doFilter(ApplicationFilterChain.java:140)
	at org.apache.tomcat.websocket.server.WsFilter.doFilter(WsFilter.java:51)
	at org.apache.catalina.core.ApplicationFilterChain.internalDoFilter(ApplicationFilterChain.java:164)
	at org.apache.catalina.core.ApplicationFilterChain.doFilter(ApplicationFilterChain.java:140)
	at org.springframework.web.filter.RequestContextFilter.doFilterInternal(RequestContextFilter.java:100)
	at org.springframework.web.filter.OncePerRequestFilter.doFilter(OncePerRequestFilter.java:116)
	at org.apache.catalina.core.ApplicationFilterChain.internalDoFilter(ApplicationFilterChain.java:164)
	at org.apache.catalina.core.ApplicationFilterChain.doFilter(ApplicationFilterChain.java:140)
	at org.springframework.web.filter.FormContentFilter.doFilterInternal(FormContentFilter.java:93)
	at org.springframework.web.filter.OncePerRequestFilter.doFilter(OncePerRequestFilter.java:116)
	at org.apache.catalina.core.ApplicationFilterChain.internalDoFilter(ApplicationFilterChain.java:164)
	at org.apache.catalina.core.ApplicationFilterChain.doFilter(ApplicationFilterChain.java:140)
	at org.springframework.web.filter.CharacterEncodingFilter.doFilterInternal(CharacterEncodingFilter.java:201)
	at org.springframework.web.filter.OncePerRequestFilter.doFilter(OncePerRequestFilter.java:116)
	at org.apache.catalina.core.ApplicationFilterChain.internalDoFilter(ApplicationFilterChain.java:164)
	at org.apache.catalina.core.ApplicationFilterChain.doFilter(ApplicationFilterChain.java:140)
	at org.apache.catalina.core.StandardWrapperValve.invoke(StandardWrapperValve.java:167)
	at org.apache.catalina.core.StandardContextValve.invoke(StandardContextValve.java:90)
	at org.apache.catalina.authenticator.AuthenticatorBase.invoke(AuthenticatorBase.java:483)
	at org.apache.catalina.core.StandardHostValve.invoke(StandardHostValve.java:116)
	at org.apache.catalina.valves.ErrorReportValve.invoke(ErrorReportValve.java:93)
	at org.apache.catalina.core.StandardEngineValve.invoke(StandardEngineValve.java:74)
	at org.apache.catalina.connector.CoyoteAdapter.service(CoyoteAdapter.java:344)
	at org.apache.coyote.http11.Http11Processor.service(Http11Processor.java:398)
	at org.apache.coyote.AbstractProcessorLight.process(AbstractProcessorLight.java:63)
	at org.apache.coyote.AbstractProtocol$ConnectionHandler.process(AbstractProtocol.java:903)
	at org.apache.tomcat.util.net.NioEndpoint$SocketProcessor.doRun(NioEndpoint.java:1769)
	at org.apache.tomcat.util.net.SocketProcessorBase.run(SocketProcessorBase.java:52)
	at org.apache.tomcat.util.threads.ThreadPoolExecutor.runWorker(ThreadPoolExecutor.java:1189)
	at org.apache.tomcat.util.threads.ThreadPoolExecutor$Worker.run(ThreadPoolExecutor.java:658)
	at org.apache.tomcat.util.threads.TaskThread$WrappingRunnable.run(TaskThread.java:63)
	at java.base/java.lang.Thread.run(Thread.java:1589)
2025-09-06T11:58:56.164+02:00 DEBUG 84692 --- [demo10] [nio-8088-exec-9] o.s.w.s.m.m.a.HttpEntityMethodProcessor  : Using 'text/plain', given [*/*] and supported [text/plain, */*, application/json, application/*+json]
2025-09-06T11:58:56.165+02:00 DEBUG 84692 --- [demo10] [nio-8088-exec-9] o.s.w.s.m.m.a.HttpEntityMethodProcessor  : Writing ["Internal Server Error: No static resource api/maintenance."]
2025-09-06T11:58:56.165+02:00 DEBUG 84692 --- [demo10] [nio-8088-exec-9] .m.m.a.ExceptionHandlerExceptionResolver : Resolved [org.springframework.web.servlet.resource.NoResourceFoundException: No static resource api/maintenance.]
2025-09-06T11:58:56.165+02:00 DEBUG 84692 --- [demo10] [nio-8088-exec-9] o.j.s.OpenEntityManagerInViewInterceptor : Closing JPA EntityManager in OpenEntityManagerInViewInterceptor
2025-09-06T11:58:56.165+02:00 DEBUG 84692 --- [demo10] [nio-8088-exec-9] o.s.web.servlet.DispatcherServlet        : Completed 500 INTERNAL_SERVER_ERROR
2025-09-06T11:59:47.338+02:00 DEBUG 84692 --- [demo10] [nio-8088-exec-7] o.s.web.servlet.DispatcherServlet        : GET "/api/towers/47", parameters={}
2025-09-06T11:59:47.338+02:00 DEBUG 84692 --- [demo10] [nio-8088-exec-7] s.w.s.m.m.a.RequestMappingHandlerMapping : Mapped to com.example.demo.controller.TowerController#getTowerById(Long)
2025-09-06T11:59:47.338+02:00 DEBUG 84692 --- [demo10] [nio-8088-exec-7] o.j.s.OpenEntityManagerInViewInterceptor : Opening JPA EntityManager in OpenEntityManagerInViewInterceptor
2025-09-06T11:59:47.340+02:00 DEBUG 84692 --- [demo10] [nio-8088-exec-7] o.s.orm.jpa.JpaTransactionManager        : Found thread-bound EntityManager [SessionImpl(1775950583<open>)] for JPA transaction
2025-09-06T11:59:47.340+02:00 DEBUG 84692 --- [demo10] [nio-8088-exec-7] o.s.orm.jpa.JpaTransactionManager        : Creating new transaction with name [org.springframework.data.jpa.repository.support.SimpleJpaRepository.findById]: PROPAGATION_REQUIRED,ISOLATION_DEFAULT,readOnly
2025-09-06T11:59:47.340+02:00 DEBUG 84692 --- [demo10] [nio-8088-exec-7] o.s.jdbc.datasource.DataSourceUtils      : Setting JDBC Connection [HikariProxyConnection@555373015 wrapping org.postgresql.jdbc.PgConnection@762bf32d] read-only
2025-09-06T11:59:47.340+02:00 DEBUG 84692 --- [demo10] [nio-8088-exec-7] o.s.orm.jpa.JpaTransactionManager        : Exposing JPA transaction as JDBC [org.springframework.orm.jpa.vendor.HibernateJpaDialect$HibernateConnectionHandle@5a2beef7]
Hibernate: 
    select
        t1_0.tower_id,
        t1_0.api_endpoint_url,
        t1_0.api_key,
        t1_0.battery,
        t1_0.city,
        t1_0.created_at,
        t1_0.last_maintenance,
        t1_0.latitude,
        t1_0.longitude,
        t1_0.model_3d_path,
        t1_0.name,
        t1_0.network_load,
        t1_0.region,
        t1_0.status,
        t1_0.temperature,
        t1_0.updated_at,
        t1_0.uptime,
        t1_0.use_case 
    from
        towers t1_0 
    where
        t1_0.tower_id=?
2025-09-06T11:59:47.344+02:00 DEBUG 84692 --- [demo10] [nio-8088-exec-7] o.s.orm.jpa.JpaTransactionManager        : Initiating transaction commit
2025-09-06T11:59:47.344+02:00 DEBUG 84692 --- [demo10] [nio-8088-exec-7] o.s.orm.jpa.JpaTransactionManager        : Committing JPA transaction on EntityManager [SessionImpl(1775950583<open>)]
2025-09-06T11:59:47.344+02:00 DEBUG 84692 --- [demo10] [nio-8088-exec-7] o.s.jdbc.datasource.DataSourceUtils      : Resetting read-only flag of JDBC Connection [HikariProxyConnection@555373015 wrapping org.postgresql.jdbc.PgConnection@762bf32d]
2025-09-06T11:59:47.344+02:00 DEBUG 84692 --- [demo10] [nio-8088-exec-7] o.s.orm.jpa.JpaTransactionManager        : Not closing pre-bound JPA EntityManager after transaction
2025-09-06T11:59:47.344+02:00 DEBUG 84692 --- [demo10] [nio-8088-exec-7] o.s.w.s.m.m.a.HttpEntityMethodProcessor  : Using 'application/json', given [*/*] and supported [application/json, application/*+json]
2025-09-06T11:59:47.344+02:00 DEBUG 84692 --- [demo10] [nio-8088-exec-7] o.s.w.s.m.m.a.HttpEntityMethodProcessor  : Writing [TowerDTO(id=47, name=TESTTTT, status=online, latitude=11.222, longitude=11.332974, city=213, battery (truncated)...]
2025-09-06T11:59:47.345+02:00 DEBUG 84692 --- [demo10] [nio-8088-exec-7] o.j.s.OpenEntityManagerInViewInterceptor : Closing JPA EntityManager in OpenEntityManagerInViewInterceptor
2025-09-06T11:59:47.345+02:00 DEBUG 84692 --- [demo10] [nio-8088-exec-7] o.s.web.servlet.DispatcherServlet        : Completed 200 OK
2025-09-06T11:59:47.371+02:00 DEBUG 84692 --- [demo10] [nio-8088-exec-8] o.s.web.servlet.DispatcherServlet        : GET "/api/hardware/tower/47", parameters={}
2025-09-06T11:59:47.372+02:00 DEBUG 84692 --- [demo10] [nio-8088-exec-8] s.w.s.m.m.a.RequestMappingHandlerMapping : Mapped to com.example.demo.controller.HardwareController#getHardwareByTowerId(Long)
2025-09-06T11:59:47.372+02:00 DEBUG 84692 --- [demo10] [nio-8088-exec-8] o.j.s.OpenEntityManagerInViewInterceptor : Opening JPA EntityManager in OpenEntityManagerInViewInterceptor
Hibernate: 
    /* <criteria> */ select
        h1_0.hardware_id,
        h1_0.created_at,
        h1_0.install_date,
        h1_0.model,
        h1_0.name,
        h1_0.serial_number,
        h1_0.specifications,
        h1_0.status,
        h1_0.tower_id,
        h1_0.type,
        h1_0.updated_at,
        h1_0.vendor,
        h1_0.warranty_expiry 
    from
        hardware h1_0 
    left join
        towers t1_0 
            on t1_0.tower_id=h1_0.tower_id 
    where
        t1_0.tower_id=?
2025-09-06T11:59:47.376+02:00 DEBUG 84692 --- [demo10] [nio-8088-exec-8] o.s.w.s.m.m.a.HttpEntityMethodProcessor  : Using 'application/json', given [*/*] and supported [application/json, application/*+json]
2025-09-06T11:59:47.376+02:00 DEBUG 84692 --- [demo10] [nio-8088-exec-8] o.s.w.s.m.m.a.HttpEntityMethodProcessor  : Writing [[]]
2025-09-06T11:59:47.376+02:00 DEBUG 84692 --- [demo10] [nio-8088-exec-8] o.j.s.OpenEntityManagerInViewInterceptor : Closing JPA EntityManager in OpenEntityManagerInViewInterceptor
2025-09-06T11:59:47.376+02:00 DEBUG 84692 --- [demo10] [nio-8088-exec-8] o.s.web.servlet.DispatcherServlet        : Completed 200 OK
2025-09-06T11:59:47.400+02:00 DEBUG 84692 --- [demo10] [nio-8088-exec-1] o.s.web.servlet.DispatcherServlet        : GET "/api/thresholds/tower/47", parameters={}
2025-09-06T11:59:47.400+02:00 DEBUG 84692 --- [demo10] [nio-8088-exec-1] s.w.s.m.m.a.RequestMappingHandlerMapping : Mapped to com.example.demo.controller.ThresholdRuleController#getThresholdRulesByTowerId(Long)
2025-09-06T11:59:47.400+02:00 DEBUG 84692 --- [demo10] [nio-8088-exec-1] o.j.s.OpenEntityManagerInViewInterceptor : Opening JPA EntityManager in OpenEntityManagerInViewInterceptor
Hibernate: 
    /* <criteria> */ select
        tr1_0.rule_id,
        tr1_0.condition,
        tr1_0.created_at,
        tr1_0.description,
        tr1_0.enabled,
        tr1_0.metric,
        tr1_0.name,
        tr1_0.severity,
        tr1_0.tower_id,
        tr1_0.updated_at,
        tr1_0.value 
    from
        threshold_rules tr1_0 
    where
        tr1_0.tower_id=?
2025-09-06T11:59:47.402+02:00 DEBUG 84692 --- [demo10] [nio-8088-exec-1] o.s.w.s.m.m.a.HttpEntityMethodProcessor  : Using 'application/json', given [*/*] and supported [application/json, application/*+json]
2025-09-06T11:59:47.403+02:00 DEBUG 84692 --- [demo10] [nio-8088-exec-1] o.s.w.s.m.m.a.HttpEntityMethodProcessor  : Writing [[]]
2025-09-06T11:59:47.403+02:00 DEBUG 84692 --- [demo10] [nio-8088-exec-1] o.j.s.OpenEntityManagerInViewInterceptor : Closing JPA EntityManager in OpenEntityManagerInViewInterceptor
2025-09-06T11:59:47.403+02:00 DEBUG 84692 --- [demo10] [nio-8088-exec-1] o.s.web.servlet.DispatcherServlet        : Completed 200 OK
2025-09-06T11:59:47.417+02:00 DEBUG 84692 --- [demo10] [io-8088-exec-10] o.s.web.servlet.DispatcherServlet        : GET "/api/telemetry/tower/47", parameters={}
2025-09-06T11:59:47.417+02:00 DEBUG 84692 --- [demo10] [io-8088-exec-10] s.w.s.m.m.a.RequestMappingHandlerMapping : Mapped to com.example.demo.controller.TelemetryDataController#getTelemetryDataByTowerId(Long)
2025-09-06T11:59:47.417+02:00 DEBUG 84692 --- [demo10] [io-8088-exec-10] o.j.s.OpenEntityManagerInViewInterceptor : Opening JPA EntityManager in OpenEntityManagerInViewInterceptor
Hibernate: 
    /* <criteria> */ select
        td1_0.telemetry_id,
        td1_0.air_quality,
        td1_0.ambient_temperature,
        td1_0.bandwidth,
        td1_0.battery,
        td1_0.cpu_utilization,
        td1_0.disk_space,
        td1_0.error_rate,
        td1_0.humidity,
        td1_0.interference,
        td1_0.jitter,
        td1_0.latency,
        td1_0.memory_usage,
        td1_0.network_load,
        td1_0.packet_loss,
        td1_0.precipitation,
        td1_0.pressure,
        td1_0.response_time,
        td1_0.signal_strength,
        td1_0.status,
        td1_0.temperature,
        td1_0.throughput,
        td1_0.timestamp,
        td1_0.tower_id,
        td1_0.uptime,
        td1_0.uv_index,
        td1_0.vibration,
        td1_0.voltage,
        td1_0.wind_direction,
        td1_0.wind_speed 
    from
        telemetry_data td1_0 
    where
        td1_0.tower_id=? 
    order by
        td1_0.timestamp desc
2025-09-06T11:59:47.419+02:00 DEBUG 84692 --- [demo10] [io-8088-exec-10] o.s.w.s.m.m.a.HttpEntityMethodProcessor  : Using 'application/json', given [*/*] and supported [application/json, application/*+json]
2025-09-06T11:59:47.419+02:00 DEBUG 84692 --- [demo10] [io-8088-exec-10] o.s.w.s.m.m.a.HttpEntityMethodProcessor  : Writing [[]]
2025-09-06T11:59:47.419+02:00 DEBUG 84692 --- [demo10] [io-8088-exec-10] o.j.s.OpenEntityManagerInViewInterceptor : Closing JPA EntityManager in OpenEntityManagerInViewInterceptor
2025-09-06T11:59:47.419+02:00 DEBUG 84692 --- [demo10] [io-8088-exec-10] o.s.web.servlet.DispatcherServlet        : Completed 200 OK
2025-09-06T11:59:47.433+02:00 DEBUG 84692 --- [demo10] [nio-8088-exec-2] o.s.web.servlet.DispatcherServlet        : GET "/api/maintenance/tower/47", parameters={}
2025-09-06T11:59:47.433+02:00 DEBUG 84692 --- [demo10] [nio-8088-exec-2] o.s.w.s.handler.SimpleUrlHandlerMapping  : Mapped to ResourceHttpRequestHandler [classpath [META-INF/resources/], classpath [resources/], classpath [static/], classpath [public/], ServletContext [/]]
2025-09-06T11:59:47.433+02:00 DEBUG 84692 --- [demo10] [nio-8088-exec-2] o.j.s.OpenEntityManagerInViewInterceptor : Opening JPA EntityManager in OpenEntityManagerInViewInterceptor
2025-09-06T11:59:47.433+02:00 DEBUG 84692 --- [demo10] [nio-8088-exec-2] o.s.w.s.r.ResourceHttpRequestHandler     : Resource not found
2025-09-06T11:59:47.434+02:00 DEBUG 84692 --- [demo10] [nio-8088-exec-2] .m.m.a.ExceptionHandlerExceptionResolver : Using @ExceptionHandler com.example.demo.GlobalExceptionHandler#handleAllExceptions(Exception)
org.springframework.web.servlet.resource.NoResourceFoundException: No static resource api/maintenance/tower/47.
	at org.springframework.web.servlet.resource.ResourceHttpRequestHandler.handleRequest(ResourceHttpRequestHandler.java:585)
	at org.springframework.web.servlet.mvc.HttpRequestHandlerAdapter.handle(HttpRequestHandlerAdapter.java:52)
	at org.springframework.web.servlet.DispatcherServlet.doDispatch(DispatcherServlet.java:1089)
	at org.springframework.web.servlet.DispatcherServlet.doService(DispatcherServlet.java:979)
	at org.springframework.web.servlet.FrameworkServlet.processRequest(FrameworkServlet.java:1014)
	at org.springframework.web.servlet.FrameworkServlet.doGet(FrameworkServlet.java:903)
	at jakarta.servlet.http.HttpServlet.service(HttpServlet.java:564)
	at org.springframework.web.servlet.FrameworkServlet.service(FrameworkServlet.java:885)
	at jakarta.servlet.http.HttpServlet.service(HttpServlet.java:658)
	at org.apache.catalina.core.ApplicationFilterChain.internalDoFilter(ApplicationFilterChain.java:195)
	at org.apache.catalina.core.ApplicationFilterChain.doFilter(ApplicationFilterChain.java:140)
	at org.apache.tomcat.websocket.server.WsFilter.doFilter(WsFilter.java:51)
	at org.apache.catalina.core.ApplicationFilterChain.internalDoFilter(ApplicationFilterChain.java:164)
	at org.apache.catalina.core.ApplicationFilterChain.doFilter(ApplicationFilterChain.java:140)
	at org.springframework.web.filter.RequestContextFilter.doFilterInternal(RequestContextFilter.java:100)
	at org.springframework.web.filter.OncePerRequestFilter.doFilter(OncePerRequestFilter.java:116)
	at org.apache.catalina.core.ApplicationFilterChain.internalDoFilter(ApplicationFilterChain.java:164)
	at org.apache.catalina.core.ApplicationFilterChain.doFilter(ApplicationFilterChain.java:140)
	at org.springframework.web.filter.FormContentFilter.doFilterInternal(FormContentFilter.java:93)
	at org.springframework.web.filter.OncePerRequestFilter.doFilter(OncePerRequestFilter.java:116)
	at org.apache.catalina.core.ApplicationFilterChain.internalDoFilter(ApplicationFilterChain.java:164)
	at org.apache.catalina.core.ApplicationFilterChain.doFilter(ApplicationFilterChain.java:140)
	at org.springframework.web.filter.CharacterEncodingFilter.doFilterInternal(CharacterEncodingFilter.java:201)
	at org.springframework.web.filter.OncePerRequestFilter.doFilter(OncePerRequestFilter.java:116)
	at org.apache.catalina.core.ApplicationFilterChain.internalDoFilter(ApplicationFilterChain.java:164)
	at org.apache.catalina.core.ApplicationFilterChain.doFilter(ApplicationFilterChain.java:140)
	at org.apache.catalina.core.StandardWrapperValve.invoke(StandardWrapperValve.java:167)
	at org.apache.catalina.core.StandardContextValve.invoke(StandardContextValve.java:90)
	at org.apache.catalina.authenticator.AuthenticatorBase.invoke(AuthenticatorBase.java:483)
	at org.apache.catalina.core.StandardHostValve.invoke(StandardHostValve.java:116)
	at org.apache.catalina.valves.ErrorReportValve.invoke(ErrorReportValve.java:93)
	at org.apache.catalina.core.StandardEngineValve.invoke(StandardEngineValve.java:74)
	at org.apache.catalina.connector.CoyoteAdapter.service(CoyoteAdapter.java:344)
	at org.apache.coyote.http11.Http11Processor.service(Http11Processor.java:398)
	at org.apache.coyote.AbstractProcessorLight.process(AbstractProcessorLight.java:63)
	at org.apache.coyote.AbstractProtocol$ConnectionHandler.process(AbstractProtocol.java:903)
	at org.apache.tomcat.util.net.NioEndpoint$SocketProcessor.doRun(NioEndpoint.java:1769)
	at org.apache.tomcat.util.net.SocketProcessorBase.run(SocketProcessorBase.java:52)
	at org.apache.tomcat.util.threads.ThreadPoolExecutor.runWorker(ThreadPoolExecutor.java:1189)
	at org.apache.tomcat.util.threads.ThreadPoolExecutor$Worker.run(ThreadPoolExecutor.java:658)
	at org.apache.tomcat.util.threads.TaskThread$WrappingRunnable.run(TaskThread.java:63)
	at java.base/java.lang.Thread.run(Thread.java:1589)
2025-09-06T11:59:47.434+02:00 DEBUG 84692 --- [demo10] [nio-8088-exec-2] o.s.w.s.m.m.a.HttpEntityMethodProcessor  : Using 'text/plain', given [*/*] and supported [text/plain, */*, application/json, application/*+json]
2025-09-06T11:59:47.434+02:00 DEBUG 84692 --- [demo10] [nio-8088-exec-2] o.s.w.s.m.m.a.HttpEntityMethodProcessor  : Writing ["Internal Server Error: No static resource api/maintenance/tower/47."]
2025-09-06T11:59:47.434+02:00 DEBUG 84692 --- [demo10] [nio-8088-exec-2] .m.m.a.ExceptionHandlerExceptionResolver : Resolved [org.springframework.web.servlet.resource.NoResourceFoundException: No static resource api/maintenance/tower/47.]
2025-09-06T11:59:47.434+02:00 DEBUG 84692 --- [demo10] [nio-8088-exec-2] o.j.s.OpenEntityManagerInViewInterceptor : Closing JPA EntityManager in OpenEntityManagerInViewInterceptor
2025-09-06T11:59:47.434+02:00 DEBUG 84692 --- [demo10] [nio-8088-exec-2] o.s.web.servlet.DispatcherServlet        : Completed 500 INTERNAL_SERVER_ERROR
2025-09-06T12:00:49.324+02:00 DEBUG 84692 --- [demo10] [nio-8088-exec-3] o.s.web.servlet.DispatcherServlet        : OPTIONS "/api/towers/47", parameters={}
2025-09-06T12:00:49.325+02:00 DEBUG 84692 --- [demo10] [nio-8088-exec-3] s.w.s.m.m.a.RequestMappingHandlerMapping : Mapped to com.example.demo.controller.TowerController#getTowerById(Long)
2025-09-06T12:00:49.325+02:00 DEBUG 84692 --- [demo10] [nio-8088-exec-3] o.j.s.OpenEntityManagerInViewInterceptor : Opening JPA EntityManager in OpenEntityManagerInViewInterceptor
2025-09-06T12:00:49.325+02:00 DEBUG 84692 --- [demo10] [nio-8088-exec-3] o.j.s.OpenEntityManagerInViewInterceptor : Closing JPA EntityManager in OpenEntityManagerInViewInterceptor
2025-09-06T12:00:49.326+02:00 DEBUG 84692 --- [demo10] [nio-8088-exec-3] o.s.web.servlet.DispatcherServlet        : Completed 200 OK
2025-09-06T12:00:49.326+02:00 DEBUG 84692 --- [demo10] [nio-8088-exec-4] o.s.web.servlet.DispatcherServlet        : OPTIONS "/api/towers/47", parameters={}
2025-09-06T12:00:49.326+02:00 DEBUG 84692 --- [demo10] [nio-8088-exec-4] s.w.s.m.m.a.RequestMappingHandlerMapping : Mapped to com.example.demo.controller.TowerController#getTowerById(Long)
2025-09-06T12:00:49.326+02:00 DEBUG 84692 --- [demo10] [nio-8088-exec-4] o.j.s.OpenEntityManagerInViewInterceptor : Opening JPA EntityManager in OpenEntityManagerInViewInterceptor
2025-09-06T12:00:49.327+02:00 DEBUG 84692 --- [demo10] [nio-8088-exec-4] o.j.s.OpenEntityManagerInViewInterceptor : Closing JPA EntityManager in OpenEntityManagerInViewInterceptor
2025-09-06T12:00:49.327+02:00 DEBUG 84692 --- [demo10] [nio-8088-exec-4] o.s.web.servlet.DispatcherServlet        : Completed 200 OK
2025-09-06T12:00:49.327+02:00 DEBUG 84692 --- [demo10] [nio-8088-exec-5] o.s.web.servlet.DispatcherServlet        : GET "/api/towers/47", parameters={}
2025-09-06T12:00:49.327+02:00 DEBUG 84692 --- [demo10] [nio-8088-exec-5] s.w.s.m.m.a.RequestMappingHandlerMapping : Mapped to com.example.demo.controller.TowerController#getTowerById(Long)
2025-09-06T12:00:49.327+02:00 DEBUG 84692 --- [demo10] [nio-8088-exec-5] o.j.s.OpenEntityManagerInViewInterceptor : Opening JPA EntityManager in OpenEntityManagerInViewInterceptor
2025-09-06T12:00:49.327+02:00 DEBUG 84692 --- [demo10] [nio-8088-exec-6] o.s.web.servlet.DispatcherServlet        : GET "/api/towers/47", parameters={}
2025-09-06T12:00:49.327+02:00 DEBUG 84692 --- [demo10] [nio-8088-exec-6] s.w.s.m.m.a.RequestMappingHandlerMapping : Mapped to com.example.demo.controller.TowerController#getTowerById(Long)
2025-09-06T12:00:49.327+02:00 DEBUG 84692 --- [demo10] [nio-8088-exec-6] o.j.s.OpenEntityManagerInViewInterceptor : Opening JPA EntityManager in OpenEntityManagerInViewInterceptor
2025-09-06T12:00:49.328+02:00 DEBUG 84692 --- [demo10] [nio-8088-exec-5] o.s.orm.jpa.JpaTransactionManager        : Found thread-bound EntityManager [SessionImpl(914804817<open>)] for JPA transaction
2025-09-06T12:00:49.328+02:00 DEBUG 84692 --- [demo10] [nio-8088-exec-6] o.s.orm.jpa.JpaTransactionManager        : Found thread-bound EntityManager [SessionImpl(679032068<open>)] for JPA transaction
2025-09-06T12:00:49.328+02:00 DEBUG 84692 --- [demo10] [nio-8088-exec-5] o.s.orm.jpa.JpaTransactionManager        : Creating new transaction with name [org.springframework.data.jpa.repository.support.SimpleJpaRepository.findById]: PROPAGATION_REQUIRED,ISOLATION_DEFAULT,readOnly
2025-09-06T12:00:49.328+02:00 DEBUG 84692 --- [demo10] [nio-8088-exec-6] o.s.orm.jpa.JpaTransactionManager        : Creating new transaction with name [org.springframework.data.jpa.repository.support.SimpleJpaRepository.findById]: PROPAGATION_REQUIRED,ISOLATION_DEFAULT,readOnly
2025-09-06T12:00:49.328+02:00 DEBUG 84692 --- [demo10] [nio-8088-exec-5] o.s.jdbc.datasource.DataSourceUtils      : Setting JDBC Connection [HikariProxyConnection@837444715 wrapping org.postgresql.jdbc.PgConnection@762bf32d] read-only
2025-09-06T12:00:49.328+02:00 DEBUG 84692 --- [demo10] [nio-8088-exec-6] o.s.jdbc.datasource.DataSourceUtils      : Setting JDBC Connection [HikariProxyConnection@23856100 wrapping org.postgresql.jdbc.PgConnection@43519712] read-only
2025-09-06T12:00:49.328+02:00 DEBUG 84692 --- [demo10] [nio-8088-exec-5] o.s.orm.jpa.JpaTransactionManager        : Exposing JPA transaction as JDBC [org.springframework.orm.jpa.vendor.HibernateJpaDialect$HibernateConnectionHandle@ee1db73]
2025-09-06T12:00:49.328+02:00 DEBUG 84692 --- [demo10] [nio-8088-exec-6] o.s.orm.jpa.JpaTransactionManager        : Exposing JPA transaction as JDBC [org.springframework.orm.jpa.vendor.HibernateJpaDialect$HibernateConnectionHandle@7e15413b]
Hibernate: 
    select
        t1_0.tower_id,
        t1_0.api_endpoint_url,
        t1_0.api_key,
        t1_0.battery,
        t1_0.city,
        t1_0.created_at,
        t1_0.last_maintenance,
        t1_0.latitude,
        t1_0.longitude,
        t1_0.model_3d_path,
        t1_0.name,
        t1_0.network_load,
        t1_0.region,
        t1_0.status,
        t1_0.temperature,
        t1_0.updated_at,
        t1_0.uptime,
        t1_0.use_case 
    from
        towers t1_0 
    where
        t1_0.tower_id=?
Hibernate: 
    select
        t1_0.tower_id,
        t1_0.api_endpoint_url,
        t1_0.api_key,
        t1_0.battery,
        t1_0.city,
        t1_0.created_at,
        t1_0.last_maintenance,
        t1_0.latitude,
        t1_0.longitude,
        t1_0.model_3d_path,
        t1_0.name,
        t1_0.network_load,
        t1_0.region,
        t1_0.status,
        t1_0.temperature,
        t1_0.updated_at,
        t1_0.uptime,
        t1_0.use_case 
    from
        towers t1_0 
    where
        t1_0.tower_id=?
2025-09-06T12:00:49.329+02:00 DEBUG 84692 --- [demo10] [nio-8088-exec-5] o.s.orm.jpa.JpaTransactionManager        : Initiating transaction commit
2025-09-06T12:00:49.329+02:00 DEBUG 84692 --- [demo10] [nio-8088-exec-5] o.s.orm.jpa.JpaTransactionManager        : Committing JPA transaction on EntityManager [SessionImpl(914804817<open>)]
2025-09-06T12:00:49.329+02:00 DEBUG 84692 --- [demo10] [nio-8088-exec-5] o.s.jdbc.datasource.DataSourceUtils      : Resetting read-only flag of JDBC Connection [HikariProxyConnection@837444715 wrapping org.postgresql.jdbc.PgConnection@762bf32d]
2025-09-06T12:00:49.329+02:00 DEBUG 84692 --- [demo10] [nio-8088-exec-5] o.s.orm.jpa.JpaTransactionManager        : Not closing pre-bound JPA EntityManager after transaction
2025-09-06T12:00:49.329+02:00 DEBUG 84692 --- [demo10] [nio-8088-exec-6] o.s.orm.jpa.JpaTransactionManager        : Initiating transaction commit
2025-09-06T12:00:49.329+02:00 DEBUG 84692 --- [demo10] [nio-8088-exec-6] o.s.orm.jpa.JpaTransactionManager        : Committing JPA transaction on EntityManager [SessionImpl(679032068<open>)]
2025-09-06T12:00:49.329+02:00 DEBUG 84692 --- [demo10] [nio-8088-exec-6] o.s.jdbc.datasource.DataSourceUtils      : Resetting read-only flag of JDBC Connection [HikariProxyConnection@23856100 wrapping org.postgresql.jdbc.PgConnection@43519712]
2025-09-06T12:00:49.329+02:00 DEBUG 84692 --- [demo10] [nio-8088-exec-6] o.s.orm.jpa.JpaTransactionManager        : Not closing pre-bound JPA EntityManager after transaction
2025-09-06T12:00:49.329+02:00 DEBUG 84692 --- [demo10] [nio-8088-exec-5] o.s.w.s.m.m.a.HttpEntityMethodProcessor  : Using 'application/json', given [*/*] and supported [application/json, application/*+json]
2025-09-06T12:00:49.329+02:00 DEBUG 84692 --- [demo10] [nio-8088-exec-6] o.s.w.s.m.m.a.HttpEntityMethodProcessor  : Using 'application/json', given [*/*] and supported [application/json, application/*+json]
2025-09-06T12:00:49.329+02:00 DEBUG 84692 --- [demo10] [nio-8088-exec-5] o.s.w.s.m.m.a.HttpEntityMethodProcessor  : Writing [TowerDTO(id=47, name=TESTTTT, status=online, latitude=11.222, longitude=11.332974, city=213, battery (truncated)...]
2025-09-06T12:00:49.329+02:00 DEBUG 84692 --- [demo10] [nio-8088-exec-6] o.s.w.s.m.m.a.HttpEntityMethodProcessor  : Writing [TowerDTO(id=47, name=TESTTTT, status=online, latitude=11.222, longitude=11.332974, city=213, battery (truncated)...]
2025-09-06T12:00:49.330+02:00 DEBUG 84692 --- [demo10] [nio-8088-exec-5] o.j.s.OpenEntityManagerInViewInterceptor : Closing JPA EntityManager in OpenEntityManagerInViewInterceptor
2025-09-06T12:00:49.330+02:00 DEBUG 84692 --- [demo10] [nio-8088-exec-6] o.j.s.OpenEntityManagerInViewInterceptor : Closing JPA EntityManager in OpenEntityManagerInViewInterceptor
2025-09-06T12:00:49.330+02:00 DEBUG 84692 --- [demo10] [nio-8088-exec-6] o.s.web.servlet.DispatcherServlet        : Completed 200 OK
2025-09-06T12:00:49.330+02:00 DEBUG 84692 --- [demo10] [nio-8088-exec-5] o.s.web.servlet.DispatcherServlet        : Completed 200 OK
2025-09-06T12:00:49.336+02:00 DEBUG 84692 --- [demo10] [nio-8088-exec-9] o.s.web.servlet.DispatcherServlet        : OPTIONS "/api/hardware/tower/47", parameters={}
2025-09-06T12:00:49.336+02:00 DEBUG 84692 --- [demo10] [nio-8088-exec-9] s.w.s.m.m.a.RequestMappingHandlerMapping : Mapped to com.example.demo.controller.HardwareController#getHardwareByTowerId(Long)
2025-09-06T12:00:49.336+02:00 DEBUG 84692 --- [demo10] [nio-8088-exec-9] o.j.s.OpenEntityManagerInViewInterceptor : Opening JPA EntityManager in OpenEntityManagerInViewInterceptor
2025-09-06T12:00:49.336+02:00 DEBUG 84692 --- [demo10] [nio-8088-exec-9] o.j.s.OpenEntityManagerInViewInterceptor : Closing JPA EntityManager in OpenEntityManagerInViewInterceptor
2025-09-06T12:00:49.336+02:00 DEBUG 84692 --- [demo10] [nio-8088-exec-9] o.s.web.servlet.DispatcherServlet        : Completed 200 OK
2025-09-06T12:00:49.337+02:00 DEBUG 84692 --- [demo10] [nio-8088-exec-7] o.s.web.servlet.DispatcherServlet        : OPTIONS "/api/hardware/tower/47", parameters={}
2025-09-06T12:00:49.337+02:00 DEBUG 84692 --- [demo10] [nio-8088-exec-7] s.w.s.m.m.a.RequestMappingHandlerMapping : Mapped to com.example.demo.controller.HardwareController#getHardwareByTowerId(Long)
2025-09-06T12:00:49.337+02:00 DEBUG 84692 --- [demo10] [nio-8088-exec-7] o.j.s.OpenEntityManagerInViewInterceptor : Opening JPA EntityManager in OpenEntityManagerInViewInterceptor
2025-09-06T12:00:49.337+02:00 DEBUG 84692 --- [demo10] [nio-8088-exec-7] o.j.s.OpenEntityManagerInViewInterceptor : Closing JPA EntityManager in OpenEntityManagerInViewInterceptor
2025-09-06T12:00:49.337+02:00 DEBUG 84692 --- [demo10] [nio-8088-exec-7] o.s.web.servlet.DispatcherServlet        : Completed 200 OK
2025-09-06T12:00:49.337+02:00 DEBUG 84692 --- [demo10] [nio-8088-exec-8] o.s.web.servlet.DispatcherServlet        : GET "/api/hardware/tower/47", parameters={}
2025-09-06T12:00:49.338+02:00 DEBUG 84692 --- [demo10] [nio-8088-exec-8] s.w.s.m.m.a.RequestMappingHandlerMapping : Mapped to com.example.demo.controller.HardwareController#getHardwareByTowerId(Long)
2025-09-06T12:00:49.338+02:00 DEBUG 84692 --- [demo10] [nio-8088-exec-8] o.j.s.OpenEntityManagerInViewInterceptor : Opening JPA EntityManager in OpenEntityManagerInViewInterceptor
2025-09-06T12:00:49.338+02:00 DEBUG 84692 --- [demo10] [nio-8088-exec-1] o.s.web.servlet.DispatcherServlet        : GET "/api/hardware/tower/47", parameters={}
2025-09-06T12:00:49.338+02:00 DEBUG 84692 --- [demo10] [nio-8088-exec-1] s.w.s.m.m.a.RequestMappingHandlerMapping : Mapped to com.example.demo.controller.HardwareController#getHardwareByTowerId(Long)
2025-09-06T12:00:49.338+02:00 DEBUG 84692 --- [demo10] [nio-8088-exec-1] o.j.s.OpenEntityManagerInViewInterceptor : Opening JPA EntityManager in OpenEntityManagerInViewInterceptor
Hibernate: 
    /* <criteria> */ select
        h1_0.hardware_id,
        h1_0.created_at,
        h1_0.install_date,
        h1_0.model,
        h1_0.name,
        h1_0.serial_number,
        h1_0.specifications,
        h1_0.status,
        h1_0.tower_id,
        h1_0.type,
        h1_0.updated_at,
        h1_0.vendor,
        h1_0.warranty_expiry 
    from
        hardware h1_0 
    left join
        towers t1_0 
            on t1_0.tower_id=h1_0.tower_id 
    where
        t1_0.tower_id=?
Hibernate: 
    /* <criteria> */ select
        h1_0.hardware_id,
        h1_0.created_at,
        h1_0.install_date,
        h1_0.model,
        h1_0.name,
        h1_0.serial_number,
        h1_0.specifications,
        h1_0.status,
        h1_0.tower_id,
        h1_0.type,
        h1_0.updated_at,
        h1_0.vendor,
        h1_0.warranty_expiry 
    from
        hardware h1_0 
    left join
        towers t1_0 
            on t1_0.tower_id=h1_0.tower_id 
    where
        t1_0.tower_id=?
2025-09-06T12:00:49.339+02:00 DEBUG 84692 --- [demo10] [nio-8088-exec-8] o.s.w.s.m.m.a.HttpEntityMethodProcessor  : Using 'application/json', given [*/*] and supported [application/json, application/*+json]
2025-09-06T12:00:49.339+02:00 DEBUG 84692 --- [demo10] [nio-8088-exec-1] o.s.w.s.m.m.a.HttpEntityMethodProcessor  : Using 'application/json', given [*/*] and supported [application/json, application/*+json]
2025-09-06T12:00:49.340+02:00 DEBUG 84692 --- [demo10] [nio-8088-exec-8] o.s.w.s.m.m.a.HttpEntityMethodProcessor  : Writing [[]]
2025-09-06T12:00:49.340+02:00 DEBUG 84692 --- [demo10] [nio-8088-exec-1] o.s.w.s.m.m.a.HttpEntityMethodProcessor  : Writing [[]]
2025-09-06T12:00:49.340+02:00 DEBUG 84692 --- [demo10] [nio-8088-exec-1] o.j.s.OpenEntityManagerInViewInterceptor : Closing JPA EntityManager in OpenEntityManagerInViewInterceptor
2025-09-06T12:00:49.340+02:00 DEBUG 84692 --- [demo10] [nio-8088-exec-8] o.j.s.OpenEntityManagerInViewInterceptor : Closing JPA EntityManager in OpenEntityManagerInViewInterceptor
2025-09-06T12:00:49.340+02:00 DEBUG 84692 --- [demo10] [nio-8088-exec-8] o.s.web.servlet.DispatcherServlet        : Completed 200 OK
2025-09-06T12:00:49.340+02:00 DEBUG 84692 --- [demo10] [nio-8088-exec-1] o.s.web.servlet.DispatcherServlet        : Completed 200 OK
2025-09-06T12:00:49.348+02:00 DEBUG 84692 --- [demo10] [io-8088-exec-10] o.s.web.servlet.DispatcherServlet        : OPTIONS "/api/thresholds/tower/47", parameters={}
2025-09-06T12:00:49.349+02:00 DEBUG 84692 --- [demo10] [io-8088-exec-10] s.w.s.m.m.a.RequestMappingHandlerMapping : Mapped to com.example.demo.controller.ThresholdRuleController#getThresholdRulesByTowerId(Long)
2025-09-06T12:00:49.349+02:00 DEBUG 84692 --- [demo10] [io-8088-exec-10] o.j.s.OpenEntityManagerInViewInterceptor : Opening JPA EntityManager in OpenEntityManagerInViewInterceptor
2025-09-06T12:00:49.349+02:00 DEBUG 84692 --- [demo10] [io-8088-exec-10] o.j.s.OpenEntityManagerInViewInterceptor : Closing JPA EntityManager in OpenEntityManagerInViewInterceptor
2025-09-06T12:00:49.349+02:00 DEBUG 84692 --- [demo10] [io-8088-exec-10] o.s.web.servlet.DispatcherServlet        : Completed 200 OK
2025-09-06T12:00:49.349+02:00 DEBUG 84692 --- [demo10] [nio-8088-exec-2] o.s.web.servlet.DispatcherServlet        : OPTIONS "/api/thresholds/tower/47", parameters={}
2025-09-06T12:00:49.350+02:00 DEBUG 84692 --- [demo10] [nio-8088-exec-2] s.w.s.m.m.a.RequestMappingHandlerMapping : Mapped to com.example.demo.controller.ThresholdRuleController#getThresholdRulesByTowerId(Long)
2025-09-06T12:00:49.350+02:00 DEBUG 84692 --- [demo10] [nio-8088-exec-2] o.j.s.OpenEntityManagerInViewInterceptor : Opening JPA EntityManager in OpenEntityManagerInViewInterceptor
2025-09-06T12:00:49.350+02:00 DEBUG 84692 --- [demo10] [nio-8088-exec-2] o.j.s.OpenEntityManagerInViewInterceptor : Closing JPA EntityManager in OpenEntityManagerInViewInterceptor
2025-09-06T12:00:49.350+02:00 DEBUG 84692 --- [demo10] [nio-8088-exec-2] o.s.web.servlet.DispatcherServlet        : Completed 200 OK
2025-09-06T12:00:49.350+02:00 DEBUG 84692 --- [demo10] [nio-8088-exec-3] o.s.web.servlet.DispatcherServlet        : GET "/api/thresholds/tower/47", parameters={}
2025-09-06T12:00:49.350+02:00 DEBUG 84692 --- [demo10] [nio-8088-exec-3] s.w.s.m.m.a.RequestMappingHandlerMapping : Mapped to com.example.demo.controller.ThresholdRuleController#getThresholdRulesByTowerId(Long)
2025-09-06T12:00:49.351+02:00 DEBUG 84692 --- [demo10] [nio-8088-exec-3] o.j.s.OpenEntityManagerInViewInterceptor : Opening JPA EntityManager in OpenEntityManagerInViewInterceptor
2025-09-06T12:00:49.351+02:00 DEBUG 84692 --- [demo10] [nio-8088-exec-4] o.s.web.servlet.DispatcherServlet        : GET "/api/thresholds/tower/47", parameters={}
2025-09-06T12:00:49.351+02:00 DEBUG 84692 --- [demo10] [nio-8088-exec-4] s.w.s.m.m.a.RequestMappingHandlerMapping : Mapped to com.example.demo.controller.ThresholdRuleController#getThresholdRulesByTowerId(Long)
2025-09-06T12:00:49.351+02:00 DEBUG 84692 --- [demo10] [nio-8088-exec-4] o.j.s.OpenEntityManagerInViewInterceptor : Opening JPA EntityManager in OpenEntityManagerInViewInterceptor
Hibernate: 
    /* <criteria> */ select
        tr1_0.rule_id,
        tr1_0.condition,
        tr1_0.created_at,
        tr1_0.description,
        tr1_0.enabled,
        tr1_0.metric,
        tr1_0.name,
        tr1_0.severity,
        tr1_0.tower_id,
        tr1_0.updated_at,
        tr1_0.value 
    from
        threshold_rules tr1_0 
    where
        tr1_0.tower_id=?
Hibernate: 
    /* <criteria> */ select
        tr1_0.rule_id,
        tr1_0.condition,
        tr1_0.created_at,
        tr1_0.description,
        tr1_0.enabled,
        tr1_0.metric,
        tr1_0.name,
        tr1_0.severity,
        tr1_0.tower_id,
        tr1_0.updated_at,
        tr1_0.value 
    from
        threshold_rules tr1_0 
    where
        tr1_0.tower_id=?
2025-09-06T12:00:49.352+02:00 DEBUG 84692 --- [demo10] [nio-8088-exec-3] o.s.w.s.m.m.a.HttpEntityMethodProcessor  : Using 'application/json', given [*/*] and supported [application/json, application/*+json]
2025-09-06T12:00:49.352+02:00 DEBUG 84692 --- [demo10] [nio-8088-exec-4] o.s.w.s.m.m.a.HttpEntityMethodProcessor  : Using 'application/json', given [*/*] and supported [application/json, application/*+json]
2025-09-06T12:00:49.352+02:00 DEBUG 84692 --- [demo10] [nio-8088-exec-4] o.s.w.s.m.m.a.HttpEntityMethodProcessor  : Writing [[]]
2025-09-06T12:00:49.352+02:00 DEBUG 84692 --- [demo10] [nio-8088-exec-3] o.s.w.s.m.m.a.HttpEntityMethodProcessor  : Writing [[]]
2025-09-06T12:00:49.353+02:00 DEBUG 84692 --- [demo10] [nio-8088-exec-4] o.j.s.OpenEntityManagerInViewInterceptor : Closing JPA EntityManager in OpenEntityManagerInViewInterceptor
2025-09-06T12:00:49.353+02:00 DEBUG 84692 --- [demo10] [nio-8088-exec-3] o.j.s.OpenEntityManagerInViewInterceptor : Closing JPA EntityManager in OpenEntityManagerInViewInterceptor
2025-09-06T12:00:49.353+02:00 DEBUG 84692 --- [demo10] [nio-8088-exec-4] o.s.web.servlet.DispatcherServlet        : Completed 200 OK
2025-09-06T12:00:49.353+02:00 DEBUG 84692 --- [demo10] [nio-8088-exec-3] o.s.web.servlet.DispatcherServlet        : Completed 200 OK
2025-09-06T12:00:49.356+02:00 DEBUG 84692 --- [demo10] [nio-8088-exec-6] o.s.web.servlet.DispatcherServlet        : OPTIONS "/api/telemetry/tower/47", parameters={}
2025-09-06T12:00:49.356+02:00 DEBUG 84692 --- [demo10] [nio-8088-exec-6] s.w.s.m.m.a.RequestMappingHandlerMapping : Mapped to com.example.demo.controller.TelemetryDataController#getTelemetryDataByTowerId(Long)
2025-09-06T12:00:49.356+02:00 DEBUG 84692 --- [demo10] [nio-8088-exec-6] o.j.s.OpenEntityManagerInViewInterceptor : Opening JPA EntityManager in OpenEntityManagerInViewInterceptor
2025-09-06T12:00:49.357+02:00 DEBUG 84692 --- [demo10] [nio-8088-exec-6] o.j.s.OpenEntityManagerInViewInterceptor : Closing JPA EntityManager in OpenEntityManagerInViewInterceptor
2025-09-06T12:00:49.357+02:00 DEBUG 84692 --- [demo10] [nio-8088-exec-6] o.s.web.servlet.DispatcherServlet        : Completed 200 OK
2025-09-06T12:00:49.357+02:00 DEBUG 84692 --- [demo10] [nio-8088-exec-5] o.s.web.servlet.DispatcherServlet        : OPTIONS "/api/telemetry/tower/47", parameters={}
2025-09-06T12:00:49.357+02:00 DEBUG 84692 --- [demo10] [nio-8088-exec-5] s.w.s.m.m.a.RequestMappingHandlerMapping : Mapped to com.example.demo.controller.TelemetryDataController#getTelemetryDataByTowerId(Long)
2025-09-06T12:00:49.357+02:00 DEBUG 84692 --- [demo10] [nio-8088-exec-5] o.j.s.OpenEntityManagerInViewInterceptor : Opening JPA EntityManager in OpenEntityManagerInViewInterceptor
2025-09-06T12:00:49.357+02:00 DEBUG 84692 --- [demo10] [nio-8088-exec-5] o.j.s.OpenEntityManagerInViewInterceptor : Closing JPA EntityManager in OpenEntityManagerInViewInterceptor
2025-09-06T12:00:49.357+02:00 DEBUG 84692 --- [demo10] [nio-8088-exec-5] o.s.web.servlet.DispatcherServlet        : Completed 200 OK
2025-09-06T12:00:49.358+02:00 DEBUG 84692 --- [demo10] [nio-8088-exec-9] o.s.web.servlet.DispatcherServlet        : GET "/api/telemetry/tower/47", parameters={}
2025-09-06T12:00:49.358+02:00 DEBUG 84692 --- [demo10] [nio-8088-exec-7] o.s.web.servlet.DispatcherServlet        : GET "/api/telemetry/tower/47", parameters={}
2025-09-06T12:00:49.358+02:00 DEBUG 84692 --- [demo10] [nio-8088-exec-9] s.w.s.m.m.a.RequestMappingHandlerMapping : Mapped to com.example.demo.controller.TelemetryDataController#getTelemetryDataByTowerId(Long)
2025-09-06T12:00:49.358+02:00 DEBUG 84692 --- [demo10] [nio-8088-exec-7] s.w.s.m.m.a.RequestMappingHandlerMapping : Mapped to com.example.demo.controller.TelemetryDataController#getTelemetryDataByTowerId(Long)
2025-09-06T12:00:49.358+02:00 DEBUG 84692 --- [demo10] [nio-8088-exec-7] o.j.s.OpenEntityManagerInViewInterceptor : Opening JPA EntityManager in OpenEntityManagerInViewInterceptor
2025-09-06T12:00:49.358+02:00 DEBUG 84692 --- [demo10] [nio-8088-exec-9] o.j.s.OpenEntityManagerInViewInterceptor : Opening JPA EntityManager in OpenEntityManagerInViewInterceptor
Hibernate: 
    /* <criteria> */ select
        td1_0.telemetry_id,
        td1_0.air_quality,
        td1_0.ambient_temperature,
        td1_0.bandwidth,
        td1_0.battery,
        td1_0.cpu_utilization,
        td1_0.disk_space,
        td1_0.error_rate,
        td1_0.humidity,
        td1_0.interference,
        td1_0.jitter,
        td1_0.latency,
        td1_0.memory_usage,
        td1_0.network_load,
        td1_0.packet_loss,
        td1_0.precipitation,
        td1_0.pressure,
        td1_0.response_time,
        td1_0.signal_strength,
        td1_0.status,
        td1_0.temperature,
        td1_0.throughput,
        td1_0.timestamp,
        td1_0.tower_id,
        td1_0.uptime,
        td1_0.uv_index,
        td1_0.vibration,
        td1_0.voltage,
        td1_0.wind_direction,
        td1_0.wind_speed 
    from
        telemetry_data td1_0 
    where
        td1_0.tower_id=? 
    order by
        td1_0.timestamp desc
Hibernate: 
    /* <criteria> */ select
        td1_0.telemetry_id,
        td1_0.air_quality,
        td1_0.ambient_temperature,
        td1_0.bandwidth,
        td1_0.battery,
        td1_0.cpu_utilization,
        td1_0.disk_space,
        td1_0.error_rate,
        td1_0.humidity,
        td1_0.interference,
        td1_0.jitter,
        td1_0.latency,
        td1_0.memory_usage,
        td1_0.network_load,
        td1_0.packet_loss,
        td1_0.precipitation,
        td1_0.pressure,
        td1_0.response_time,
        td1_0.signal_strength,
        td1_0.status,
        td1_0.temperature,
        td1_0.throughput,
        td1_0.timestamp,
        td1_0.tower_id,
        td1_0.uptime,
        td1_0.uv_index,
        td1_0.vibration,
        td1_0.voltage,
        td1_0.wind_direction,
        td1_0.wind_speed 
    from
        telemetry_data td1_0 
    where
        td1_0.tower_id=? 
    order by
        td1_0.timestamp desc
2025-09-06T12:00:49.361+02:00 DEBUG 84692 --- [demo10] [nio-8088-exec-9] o.s.w.s.m.m.a.HttpEntityMethodProcessor  : Using 'application/json', given [*/*] and supported [application/json, application/*+json]
2025-09-06T12:00:49.361+02:00 DEBUG 84692 --- [demo10] [nio-8088-exec-7] o.s.w.s.m.m.a.HttpEntityMethodProcessor  : Using 'application/json', given [*/*] and supported [application/json, application/*+json]
2025-09-06T12:00:49.361+02:00 DEBUG 84692 --- [demo10] [nio-8088-exec-7] o.s.w.s.m.m.a.HttpEntityMethodProcessor  : Writing [[]]
2025-09-06T12:00:49.361+02:00 DEBUG 84692 --- [demo10] [nio-8088-exec-9] o.s.w.s.m.m.a.HttpEntityMethodProcessor  : Writing [[]]
2025-09-06T12:00:49.361+02:00 DEBUG 84692 --- [demo10] [nio-8088-exec-9] o.j.s.OpenEntityManagerInViewInterceptor : Closing JPA EntityManager in OpenEntityManagerInViewInterceptor
2025-09-06T12:00:49.361+02:00 DEBUG 84692 --- [demo10] [nio-8088-exec-7] o.j.s.OpenEntityManagerInViewInterceptor : Closing JPA EntityManager in OpenEntityManagerInViewInterceptor
2025-09-06T12:00:49.361+02:00 DEBUG 84692 --- [demo10] [nio-8088-exec-9] o.s.web.servlet.DispatcherServlet        : Completed 200 OK
2025-09-06T12:00:49.361+02:00 DEBUG 84692 --- [demo10] [nio-8088-exec-7] o.s.web.servlet.DispatcherServlet        : Completed 200 OK
2025-09-06T12:00:49.364+02:00 DEBUG 84692 --- [demo10] [nio-8088-exec-8] o.s.web.servlet.DispatcherServlet        : GET "/api/maintenance/tower/47", parameters={}
2025-09-06T12:00:49.365+02:00 DEBUG 84692 --- [demo10] [nio-8088-exec-8] o.s.w.s.handler.SimpleUrlHandlerMapping  : Mapped to ResourceHttpRequestHandler [classpath [META-INF/resources/], classpath [resources/], classpath [static/], classpath [public/], ServletContext [/]]
2025-09-06T12:00:49.365+02:00 DEBUG 84692 --- [demo10] [nio-8088-exec-8] o.j.s.OpenEntityManagerInViewInterceptor : Opening JPA EntityManager in OpenEntityManagerInViewInterceptor
2025-09-06T12:00:49.366+02:00 DEBUG 84692 --- [demo10] [nio-8088-exec-1] o.s.web.servlet.DispatcherServlet        : GET "/api/maintenance/tower/47", parameters={}
2025-09-06T12:00:49.366+02:00 DEBUG 84692 --- [demo10] [nio-8088-exec-8] o.s.w.s.r.ResourceHttpRequestHandler     : Resource not found
2025-09-06T12:00:49.366+02:00 DEBUG 84692 --- [demo10] [nio-8088-exec-1] o.s.w.s.handler.SimpleUrlHandlerMapping  : Mapped to ResourceHttpRequestHandler [classpath [META-INF/resources/], classpath [resources/], classpath [static/], classpath [public/], ServletContext [/]]
2025-09-06T12:00:49.366+02:00 DEBUG 84692 --- [demo10] [nio-8088-exec-1] o.j.s.OpenEntityManagerInViewInterceptor : Opening JPA EntityManager in OpenEntityManagerInViewInterceptor
2025-09-06T12:00:49.366+02:00 DEBUG 84692 --- [demo10] [nio-8088-exec-8] .m.m.a.ExceptionHandlerExceptionResolver : Using @ExceptionHandler com.example.demo.GlobalExceptionHandler#handleAllExceptions(Exception)
org.springframework.web.servlet.resource.NoResourceFoundException: No static resource api/maintenance/tower/47.
2025-09-06T12:00:49.366+02:00 DEBUG 84692 --- [demo10] [nio-8088-exec-1] o.s.w.s.r.ResourceHttpRequestHandler     : Resource not found
	at org.springframework.web.servlet.resource.ResourceHttpRequestHandler.handleRequest(ResourceHttpRequestHandler.java:585)
2025-09-06T12:00:49.366+02:00 DEBUG 84692 --- [demo10] [nio-8088-exec-1] .m.m.a.ExceptionHandlerExceptionResolver : Using @ExceptionHandler com.example.demo.GlobalExceptionHandler#handleAllExceptions(Exception)
	at org.springframework.web.servlet.mvc.HttpRequestHandlerAdapter.handle(HttpRequestHandlerAdapter.java:52)
	at org.springframework.web.servlet.DispatcherServlet.doDispatch(DispatcherServlet.java:1089)
	at org.springframework.web.servlet.DispatcherServlet.doService(DispatcherServlet.java:979)
	at org.springframework.web.servlet.FrameworkServlet.processRequest(FrameworkServlet.java:1014)
	at org.springframework.web.servlet.FrameworkServlet.doGet(FrameworkServlet.java:903)
	at jakarta.servlet.http.HttpServlet.service(HttpServlet.java:564)
	at org.springframework.web.servlet.FrameworkServlet.service(FrameworkServlet.java:885)
	at jakarta.servlet.http.HttpServlet.service(HttpServlet.java:658)
	at org.apache.catalina.core.ApplicationFilterChain.internalDoFilter(ApplicationFilterChain.java:195)
	at org.apache.catalina.core.ApplicationFilterChain.doFilter(ApplicationFilterChain.java:140)
	at org.apache.tomcat.websocket.server.WsFilter.doFilter(WsFilter.java:51)
	at org.apache.catalina.core.ApplicationFilterChain.internalDoFilter(ApplicationFilterChain.java:164)
	at org.apache.catalina.core.ApplicationFilterChain.doFilter(ApplicationFilterChain.java:140)
	at org.springframework.web.filter.RequestContextFilter.doFilterInternal(RequestContextFilter.java:100)
	at org.springframework.web.filter.OncePerRequestFilter.doFilter(OncePerRequestFilter.java:116)
	at org.apache.catalina.core.ApplicationFilterChain.internalDoFilter(ApplicationFilterChain.java:164)
	at org.apache.catalina.core.ApplicationFilterChain.doFilter(ApplicationFilterChain.java:140)
	at org.springframework.web.filter.FormContentFilter.doFilterInternal(FormContentFilter.java:93)
	at org.springframework.web.filter.OncePerRequestFilter.doFilter(OncePerRequestFilter.java:116)
	at org.apache.catalina.core.ApplicationFilterChain.internalDoFilter(ApplicationFilterChain.java:164)
	at org.apache.catalina.core.ApplicationFilterChain.doFilter(ApplicationFilterChain.java:140)
	at org.springframework.web.filter.CharacterEncodingFilter.doFilterInternal(CharacterEncodingFilter.java:201)
	at org.springframework.web.filter.OncePerRequestFilter.doFilter(OncePerRequestFilter.java:116)
	at org.apache.catalina.core.ApplicationFilterChain.internalDoFilter(ApplicationFilterChain.java:164)
	at org.apache.catalina.core.ApplicationFilterChain.doFilter(ApplicationFilterChain.java:140)
	at org.apache.catalina.core.StandardWrapperValve.invoke(StandardWrapperValve.java:167)
	at org.apache.catalina.core.StandardContextValve.invoke(StandardContextValve.java:90)
	at org.apache.catalina.authenticator.AuthenticatorBase.invoke(AuthenticatorBase.java:483)
	at org.apache.catalina.core.StandardHostValve.invoke(StandardHostValve.java:116)
	at org.apache.catalina.valves.ErrorReportValve.invoke(ErrorReportValve.java:93)
	at org.apache.catalina.core.StandardEngineValve.invoke(StandardEngineValve.java:74)
	at org.apache.catalina.connector.CoyoteAdapter.service(CoyoteAdapter.java:344)
	at org.apache.coyote.http11.Http11Processor.service(Http11Processor.java:398)
	at org.apache.coyote.AbstractProcessorLight.process(AbstractProcessorLight.java:63)
	at org.apache.coyote.AbstractProtocol$ConnectionHandler.process(AbstractProtocol.java:903)
	at org.apache.tomcat.util.net.NioEndpoint$SocketProcessor.doRun(NioEndpoint.java:1769)
	at org.apache.tomcat.util.net.SocketProcessorBase.run(SocketProcessorBase.java:52)
	at org.apache.tomcat.util.threads.ThreadPoolExecutor.runWorker(ThreadPoolExecutor.java:1189)
	at org.apache.tomcat.util.threads.ThreadPoolExecutor$Worker.run(ThreadPoolExecutor.java:658)
	at org.apache.tomcat.util.threads.TaskThread$WrappingRunnable.run(TaskThread.java:63)
	at java.base/java.lang.Thread.run(Thread.java:1589)
org.springframework.web.servlet.resource.NoResourceFoundException: No static resource api/maintenance/tower/47.
	at org.springframework.web.servlet.resource.ResourceHttpRequestHandler.handleRequest(ResourceHttpRequestHandler.java:585)
	at org.springframework.web.servlet.mvc.HttpRequestHandlerAdapter.handle(HttpRequestHandlerAdapter.java:52)
	at org.springframework.web.servlet.DispatcherServlet.doDispatch(DispatcherServlet.java:1089)
	at org.springframework.web.servlet.DispatcherServlet.doService(DispatcherServlet.java:979)
	at org.springframework.web.servlet.FrameworkServlet.processRequest(FrameworkServlet.java:1014)
	at org.springframework.web.servlet.FrameworkServlet.doGet(FrameworkServlet.java:903)
	at jakarta.servlet.http.HttpServlet.service(HttpServlet.java:564)
	at org.springframework.web.servlet.FrameworkServlet.service(FrameworkServlet.java:885)
	at jakarta.servlet.http.HttpServlet.service(HttpServlet.java:658)
	at org.apache.catalina.core.ApplicationFilterChain.internalDoFilter(ApplicationFilterChain.java:195)
	at org.apache.catalina.core.ApplicationFilterChain.doFilter(ApplicationFilterChain.java:140)
	at org.apache.tomcat.websocket.server.WsFilter.doFilter(WsFilter.java:51)
	at org.apache.catalina.core.ApplicationFilterChain.internalDoFilter(ApplicationFilterChain.java:164)
	at org.apache.catalina.core.ApplicationFilterChain.doFilter(ApplicationFilterChain.java:140)
	at org.springframework.web.filter.RequestContextFilter.doFilterInternal(RequestContextFilter.java:100)
	at org.springframework.web.filter.OncePerRequestFilter.doFilter(OncePerRequestFilter.java:116)
	at org.apache.catalina.core.ApplicationFilterChain.internalDoFilter(ApplicationFilterChain.java:164)
	at org.apache.catalina.core.ApplicationFilterChain.doFilter(ApplicationFilterChain.java:140)
	at org.springframework.web.filter.FormContentFilter.doFilterInternal(FormContentFilter.java:93)
	at org.springframework.web.filter.OncePerRequestFilter.doFilter(OncePerRequestFilter.java:116)
	at org.apache.catalina.core.ApplicationFilterChain.internalDoFilter(ApplicationFilterChain.java:164)
	at org.apache.catalina.core.ApplicationFilterChain.doFilter(ApplicationFilterChain.java:140)
	at org.springframework.web.filter.CharacterEncodingFilter.doFilterInternal(CharacterEncodingFilter.java:201)
	at org.springframework.web.filter.OncePerRequestFilter.doFilter(OncePerRequestFilter.java:116)
	at org.apache.catalina.core.ApplicationFilterChain.internalDoFilter(ApplicationFilterChain.java:164)
	at org.apache.catalina.core.ApplicationFilterChain.doFilter(ApplicationFilterChain.java:140)
	at org.apache.catalina.core.StandardWrapperValve.invoke(StandardWrapperValve.java:167)
	at org.apache.catalina.core.StandardContextValve.invoke(StandardContextValve.java:90)
	at org.apache.catalina.authenticator.AuthenticatorBase.invoke(AuthenticatorBase.java:483)
	at org.apache.catalina.core.StandardHostValve.invoke(StandardHostValve.java:116)
	at org.apache.catalina.valves.ErrorReportValve.invoke(ErrorReportValve.java:93)
	at org.apache.catalina.core.StandardEngineValve.invoke(StandardEngineValve.java:74)
2025-09-06T12:00:49.367+02:00 DEBUG 84692 --- [demo10] [nio-8088-exec-8] o.s.w.s.m.m.a.HttpEntityMethodProcessor  : Using 'text/plain', given [*/*] and supported [text/plain, */*, application/json, application/*+json]
	at org.apache.catalina.connector.CoyoteAdapter.service(CoyoteAdapter.java:344)
	at org.apache.coyote.http11.Http11Processor.service(Http11Processor.java:398)
	at org.apache.coyote.AbstractProcessorLight.process(AbstractProcessorLight.java:63)
	at org.apache.coyote.AbstractProtocol$ConnectionHandler.process(AbstractProtocol.java:903)
	at org.apache.tomcat.util.net.NioEndpoint$SocketProcessor.doRun(NioEndpoint.java:1769)
2025-09-06T12:00:49.367+02:00 DEBUG 84692 --- [demo10] [nio-8088-exec-8] o.s.w.s.m.m.a.HttpEntityMethodProcessor  : Writing ["Internal Server Error: No static resource api/maintenance/tower/47."]
	at org.apache.tomcat.util.net.SocketProcessorBase.run(SocketProcessorBase.java:52)
	at org.apache.tomcat.util.threads.ThreadPoolExecutor.runWorker(ThreadPoolExecutor.java:1189)
	at org.apache.tomcat.util.threads.ThreadPoolExecutor$Worker.run(ThreadPoolExecutor.java:658)
	at org.apache.tomcat.util.threads.TaskThread$WrappingRunnable.run(TaskThread.java:63)
	at java.base/java.lang.Thread.run(Thread.java:1589)
2025-09-06T12:00:49.367+02:00 DEBUG 84692 --- [demo10] [nio-8088-exec-1] o.s.w.s.m.m.a.HttpEntityMethodProcessor  : Using 'text/plain', given [*/*] and supported [text/plain, */*, application/json, application/*+json]
2025-09-06T12:00:49.367+02:00 DEBUG 84692 --- [demo10] [nio-8088-exec-1] o.s.w.s.m.m.a.HttpEntityMethodProcessor  : Writing ["Internal Server Error: No static resource api/maintenance/tower/47."]
2025-09-06T12:00:49.367+02:00 DEBUG 84692 --- [demo10] [nio-8088-exec-1] .m.m.a.ExceptionHandlerExceptionResolver : Resolved [org.springframework.web.servlet.resource.NoResourceFoundException: No static resource api/maintenance/tower/47.]
2025-09-06T12:00:49.367+02:00 DEBUG 84692 --- [demo10] [nio-8088-exec-1] o.j.s.OpenEntityManagerInViewInterceptor : Closing JPA EntityManager in OpenEntityManagerInViewInterceptor
2025-09-06T12:00:49.367+02:00 DEBUG 84692 --- [demo10] [nio-8088-exec-8] .m.m.a.ExceptionHandlerExceptionResolver : Resolved [org.springframework.web.servlet.resource.NoResourceFoundException: No static resource api/maintenance/tower/47.]
2025-09-06T12:00:49.367+02:00 DEBUG 84692 --- [demo10] [nio-8088-exec-1] o.s.web.servlet.DispatcherServlet        : Completed 500 INTERNAL_SERVER_ERROR
2025-09-06T12:00:49.367+02:00 DEBUG 84692 --- [demo10] [nio-8088-exec-8] o.j.s.OpenEntityManagerInViewInterceptor : Closing JPA EntityManager in OpenEntityManagerInViewInterceptor
2025-09-06T12:00:49.367+02:00 DEBUG 84692 --- [demo10] [nio-8088-exec-8] o.s.web.servlet.DispatcherServlet        : Completed 500 INTERNAL_SERVER_ERROR
2025-09-06T12:05:44.679+02:00 DEBUG 84692 --- [demo10] [io-8088-exec-10] o.s.web.servlet.DispatcherServlet        : GET "/api/towers/47", parameters={}
2025-09-06T12:05:44.683+02:00 DEBUG 84692 --- [demo10] [io-8088-exec-10] s.w.s.m.m.a.RequestMappingHandlerMapping : Mapped to com.example.demo.controller.TowerController#getTowerById(Long)
2025-09-06T12:05:44.684+02:00 DEBUG 84692 --- [demo10] [io-8088-exec-10] o.j.s.OpenEntityManagerInViewInterceptor : Opening JPA EntityManager in OpenEntityManagerInViewInterceptor
2025-09-06T12:05:44.692+02:00 DEBUG 84692 --- [demo10] [io-8088-exec-10] o.s.orm.jpa.JpaTransactionManager        : Found thread-bound EntityManager [SessionImpl(119202594<open>)] for JPA transaction
2025-09-06T12:05:44.692+02:00 DEBUG 84692 --- [demo10] [io-8088-exec-10] o.s.orm.jpa.JpaTransactionManager        : Creating new transaction with name [org.springframework.data.jpa.repository.support.SimpleJpaRepository.findById]: PROPAGATION_REQUIRED,ISOLATION_DEFAULT,readOnly
2025-09-06T12:05:44.695+02:00 DEBUG 84692 --- [demo10] [io-8088-exec-10] o.s.jdbc.datasource.DataSourceUtils      : Setting JDBC Connection [HikariProxyConnection@144533574 wrapping org.postgresql.jdbc.PgConnection@762bf32d] read-only
2025-09-06T12:05:44.695+02:00 DEBUG 84692 --- [demo10] [io-8088-exec-10] o.s.orm.jpa.JpaTransactionManager        : Exposing JPA transaction as JDBC [org.springframework.orm.jpa.vendor.HibernateJpaDialect$HibernateConnectionHandle@d73f1db]
Hibernate: 
    select
        t1_0.tower_id,
        t1_0.api_endpoint_url,
        t1_0.api_key,
        t1_0.battery,
        t1_0.city,
        t1_0.created_at,
        t1_0.last_maintenance,
        t1_0.latitude,
        t1_0.longitude,
        t1_0.model_3d_path,
        t1_0.name,
        t1_0.network_load,
        t1_0.region,
        t1_0.status,
        t1_0.temperature,
        t1_0.updated_at,
        t1_0.uptime,
        t1_0.use_case 
    from
        towers t1_0 
    where
        t1_0.tower_id=?
2025-09-06T12:05:44.700+02:00 DEBUG 84692 --- [demo10] [io-8088-exec-10] o.s.orm.jpa.JpaTransactionManager        : Initiating transaction commit
2025-09-06T12:05:44.700+02:00 DEBUG 84692 --- [demo10] [io-8088-exec-10] o.s.orm.jpa.JpaTransactionManager        : Committing JPA transaction on EntityManager [SessionImpl(119202594<open>)]
2025-09-06T12:05:44.701+02:00 DEBUG 84692 --- [demo10] [io-8088-exec-10] o.s.jdbc.datasource.DataSourceUtils      : Resetting read-only flag of JDBC Connection [HikariProxyConnection@144533574 wrapping org.postgresql.jdbc.PgConnection@762bf32d]
2025-09-06T12:05:44.701+02:00 DEBUG 84692 --- [demo10] [io-8088-exec-10] o.s.orm.jpa.JpaTransactionManager        : Not closing pre-bound JPA EntityManager after transaction
2025-09-06T12:05:44.701+02:00 DEBUG 84692 --- [demo10] [io-8088-exec-10] o.s.w.s.m.m.a.HttpEntityMethodProcessor  : Using 'application/json', given [*/*] and supported [application/json, application/*+json]
2025-09-06T12:05:44.702+02:00 DEBUG 84692 --- [demo10] [io-8088-exec-10] o.s.w.s.m.m.a.HttpEntityMethodProcessor  : Writing [TowerDTO(id=47, name=TESTTTT, status=online, latitude=11.222, longitude=11.332974, city=213, battery (truncated)...]
2025-09-06T12:05:44.702+02:00 DEBUG 84692 --- [demo10] [io-8088-exec-10] o.j.s.OpenEntityManagerInViewInterceptor : Closing JPA EntityManager in OpenEntityManagerInViewInterceptor
2025-09-06T12:05:44.703+02:00 DEBUG 84692 --- [demo10] [io-8088-exec-10] o.s.web.servlet.DispatcherServlet        : Completed 200 OK
2025-09-06T12:05:44.719+02:00 DEBUG 84692 --- [demo10] [nio-8088-exec-2] o.s.web.servlet.DispatcherServlet        : GET "/api/hardware/tower/47", parameters={}
2025-09-06T12:05:44.719+02:00 DEBUG 84692 --- [demo10] [nio-8088-exec-2] s.w.s.m.m.a.RequestMappingHandlerMapping : Mapped to com.example.demo.controller.HardwareController#getHardwareByTowerId(Long)
2025-09-06T12:05:44.720+02:00 DEBUG 84692 --- [demo10] [nio-8088-exec-2] o.j.s.OpenEntityManagerInViewInterceptor : Opening JPA EntityManager in OpenEntityManagerInViewInterceptor
Hibernate: 
    /* <criteria> */ select
        h1_0.hardware_id,
        h1_0.created_at,
        h1_0.install_date,
        h1_0.model,
        h1_0.name,
        h1_0.serial_number,
        h1_0.specifications,
        h1_0.status,
        h1_0.tower_id,
        h1_0.type,
        h1_0.updated_at,
        h1_0.vendor,
        h1_0.warranty_expiry 
    from
        hardware h1_0 
    left join
        towers t1_0 
            on t1_0.tower_id=h1_0.tower_id 
    where
        t1_0.tower_id=?
2025-09-06T12:05:44.723+02:00 DEBUG 84692 --- [demo10] [nio-8088-exec-2] o.s.w.s.m.m.a.HttpEntityMethodProcessor  : Using 'application/json', given [*/*] and supported [application/json, application/*+json]
2025-09-06T12:05:44.723+02:00 DEBUG 84692 --- [demo10] [nio-8088-exec-2] o.s.w.s.m.m.a.HttpEntityMethodProcessor  : Writing [[]]
2025-09-06T12:05:44.723+02:00 DEBUG 84692 --- [demo10] [nio-8088-exec-2] o.j.s.OpenEntityManagerInViewInterceptor : Closing JPA EntityManager in OpenEntityManagerInViewInterceptor
2025-09-06T12:05:44.724+02:00 DEBUG 84692 --- [demo10] [nio-8088-exec-2] o.s.web.servlet.DispatcherServlet        : Completed 200 OK
2025-09-06T12:05:44.779+02:00 DEBUG 84692 --- [demo10] [nio-8088-exec-3] o.s.web.servlet.DispatcherServlet        : GET "/api/thresholds/tower/47", parameters={}
2025-09-06T12:05:44.779+02:00 DEBUG 84692 --- [demo10] [nio-8088-exec-3] s.w.s.m.m.a.RequestMappingHandlerMapping : Mapped to com.example.demo.controller.ThresholdRuleController#getThresholdRulesByTowerId(Long)
2025-09-06T12:05:44.779+02:00 DEBUG 84692 --- [demo10] [nio-8088-exec-3] o.j.s.OpenEntityManagerInViewInterceptor : Opening JPA EntityManager in OpenEntityManagerInViewInterceptor
Hibernate: 
    /* <criteria> */ select
        tr1_0.rule_id,
        tr1_0.condition,
        tr1_0.created_at,
        tr1_0.description,
        tr1_0.enabled,
        tr1_0.metric,
        tr1_0.name,
        tr1_0.severity,
        tr1_0.tower_id,
        tr1_0.updated_at,
        tr1_0.value 
    from
        threshold_rules tr1_0 
    where
        tr1_0.tower_id=?
2025-09-06T12:05:44.783+02:00 DEBUG 84692 --- [demo10] [nio-8088-exec-3] o.s.w.s.m.m.a.HttpEntityMethodProcessor  : Using 'application/json', given [*/*] and supported [application/json, application/*+json]
2025-09-06T12:05:44.783+02:00 DEBUG 84692 --- [demo10] [nio-8088-exec-3] o.s.w.s.m.m.a.HttpEntityMethodProcessor  : Writing [[]]
2025-09-06T12:05:44.784+02:00 DEBUG 84692 --- [demo10] [nio-8088-exec-3] o.j.s.OpenEntityManagerInViewInterceptor : Closing JPA EntityManager in OpenEntityManagerInViewInterceptor
2025-09-06T12:05:44.784+02:00 DEBUG 84692 --- [demo10] [nio-8088-exec-3] o.s.web.servlet.DispatcherServlet        : Completed 200 OK
2025-09-06T12:05:44.865+02:00 DEBUG 84692 --- [demo10] [nio-8088-exec-4] o.s.web.servlet.DispatcherServlet        : GET "/api/telemetry/tower/47", parameters={}
2025-09-06T12:05:44.866+02:00 DEBUG 84692 --- [demo10] [nio-8088-exec-4] s.w.s.m.m.a.RequestMappingHandlerMapping : Mapped to com.example.demo.controller.TelemetryDataController#getTelemetryDataByTowerId(Long)
2025-09-06T12:05:44.866+02:00 DEBUG 84692 --- [demo10] [nio-8088-exec-4] o.j.s.OpenEntityManagerInViewInterceptor : Opening JPA EntityManager in OpenEntityManagerInViewInterceptor
Hibernate: 
    /* <criteria> */ select
        td1_0.telemetry_id,
        td1_0.air_quality,
        td1_0.ambient_temperature,
        td1_0.bandwidth,
        td1_0.battery,
        td1_0.cpu_utilization,
        td1_0.disk_space,
        td1_0.error_rate,
        td1_0.humidity,
        td1_0.interference,
        td1_0.jitter,
        td1_0.latency,
        td1_0.memory_usage,
        td1_0.network_load,
        td1_0.packet_loss,
        td1_0.precipitation,
        td1_0.pressure,
        td1_0.response_time,
        td1_0.signal_strength,
        td1_0.status,
        td1_0.temperature,
        td1_0.throughput,
        td1_0.timestamp,
        td1_0.tower_id,
        td1_0.uptime,
        td1_0.uv_index,
        td1_0.vibration,
        td1_0.voltage,
        td1_0.wind_direction,
        td1_0.wind_speed 
    from
        telemetry_data td1_0 
    where
        td1_0.tower_id=? 
    order by
        td1_0.timestamp desc
2025-09-06T12:05:44.871+02:00 DEBUG 84692 --- [demo10] [nio-8088-exec-4] o.s.w.s.m.m.a.HttpEntityMethodProcessor  : Using 'application/json', given [*/*] and supported [application/json, application/*+json]
2025-09-06T12:05:44.871+02:00 DEBUG 84692 --- [demo10] [nio-8088-exec-4] o.s.w.s.m.m.a.HttpEntityMethodProcessor  : Writing [[]]
2025-09-06T12:05:44.871+02:00 DEBUG 84692 --- [demo10] [nio-8088-exec-4] o.j.s.OpenEntityManagerInViewInterceptor : Closing JPA EntityManager in OpenEntityManagerInViewInterceptor
2025-09-06T12:05:44.871+02:00 DEBUG 84692 --- [demo10] [nio-8088-exec-4] o.s.web.servlet.DispatcherServlet        : Completed 200 OK
2025-09-06T12:05:48.190+02:00 DEBUG 84692 --- [demo10] [nio-8088-exec-6] o.s.web.servlet.DispatcherServlet        : GET "/api/towers/47", parameters={}
2025-09-06T12:05:48.191+02:00 DEBUG 84692 --- [demo10] [nio-8088-exec-6] s.w.s.m.m.a.RequestMappingHandlerMapping : Mapped to com.example.demo.controller.TowerController#getTowerById(Long)
2025-09-06T12:05:48.192+02:00 DEBUG 84692 --- [demo10] [nio-8088-exec-6] o.j.s.OpenEntityManagerInViewInterceptor : Opening JPA EntityManager in OpenEntityManagerInViewInterceptor
2025-09-06T12:05:48.193+02:00 DEBUG 84692 --- [demo10] [nio-8088-exec-6] o.s.orm.jpa.JpaTransactionManager        : Found thread-bound EntityManager [SessionImpl(672015592<open>)] for JPA transaction
2025-09-06T12:05:48.193+02:00 DEBUG 84692 --- [demo10] [nio-8088-exec-6] o.s.orm.jpa.JpaTransactionManager        : Creating new transaction with name [org.springframework.data.jpa.repository.support.SimpleJpaRepository.findById]: PROPAGATION_REQUIRED,ISOLATION_DEFAULT,readOnly
2025-09-06T12:05:48.194+02:00 DEBUG 84692 --- [demo10] [nio-8088-exec-6] o.s.jdbc.datasource.DataSourceUtils      : Setting JDBC Connection [HikariProxyConnection@625273417 wrapping org.postgresql.jdbc.PgConnection@762bf32d] read-only
2025-09-06T12:05:48.194+02:00 DEBUG 84692 --- [demo10] [nio-8088-exec-6] o.s.orm.jpa.JpaTransactionManager        : Exposing JPA transaction as JDBC [org.springframework.orm.jpa.vendor.HibernateJpaDialect$HibernateConnectionHandle@668ed104]
Hibernate: 
    select
        t1_0.tower_id,
        t1_0.api_endpoint_url,
        t1_0.api_key,
        t1_0.battery,
        t1_0.city,
        t1_0.created_at,
        t1_0.last_maintenance,
        t1_0.latitude,
        t1_0.longitude,
        t1_0.model_3d_path,
        t1_0.name,
        t1_0.network_load,
        t1_0.region,
        t1_0.status,
        t1_0.temperature,
        t1_0.updated_at,
        t1_0.uptime,
        t1_0.use_case 
    from
        towers t1_0 
    where
        t1_0.tower_id=?
2025-09-06T12:05:48.195+02:00 DEBUG 84692 --- [demo10] [nio-8088-exec-5] o.s.web.servlet.DispatcherServlet        : GET "/api/towers/47", parameters={}
2025-09-06T12:05:48.195+02:00 DEBUG 84692 --- [demo10] [nio-8088-exec-5] s.w.s.m.m.a.RequestMappingHandlerMapping : Mapped to com.example.demo.controller.TowerController#getTowerById(Long)
2025-09-06T12:05:48.195+02:00 DEBUG 84692 --- [demo10] [nio-8088-exec-5] o.j.s.OpenEntityManagerInViewInterceptor : Opening JPA EntityManager in OpenEntityManagerInViewInterceptor
2025-09-06T12:05:48.195+02:00 DEBUG 84692 --- [demo10] [nio-8088-exec-6] o.s.orm.jpa.JpaTransactionManager        : Initiating transaction commit
2025-09-06T12:05:48.195+02:00 DEBUG 84692 --- [demo10] [nio-8088-exec-6] o.s.orm.jpa.JpaTransactionManager        : Committing JPA transaction on EntityManager [SessionImpl(672015592<open>)]
2025-09-06T12:05:48.195+02:00 DEBUG 84692 --- [demo10] [nio-8088-exec-5] o.s.orm.jpa.JpaTransactionManager        : Found thread-bound EntityManager [SessionImpl(1299405032<open>)] for JPA transaction
2025-09-06T12:05:48.195+02:00 DEBUG 84692 --- [demo10] [nio-8088-exec-5] o.s.orm.jpa.JpaTransactionManager        : Creating new transaction with name [org.springframework.data.jpa.repository.support.SimpleJpaRepository.findById]: PROPAGATION_REQUIRED,ISOLATION_DEFAULT,readOnly
2025-09-06T12:05:48.195+02:00 DEBUG 84692 --- [demo10] [nio-8088-exec-6] o.s.jdbc.datasource.DataSourceUtils      : Resetting read-only flag of JDBC Connection [HikariProxyConnection@625273417 wrapping org.postgresql.jdbc.PgConnection@762bf32d]
2025-09-06T12:05:48.195+02:00 DEBUG 84692 --- [demo10] [nio-8088-exec-6] o.s.orm.jpa.JpaTransactionManager        : Not closing pre-bound JPA EntityManager after transaction
2025-09-06T12:05:48.195+02:00 DEBUG 84692 --- [demo10] [nio-8088-exec-5] o.s.jdbc.datasource.DataSourceUtils      : Setting JDBC Connection [HikariProxyConnection@281440907 wrapping org.postgresql.jdbc.PgConnection@62edcc71] read-only
2025-09-06T12:05:48.195+02:00 DEBUG 84692 --- [demo10] [nio-8088-exec-5] o.s.orm.jpa.JpaTransactionManager        : Exposing JPA transaction as JDBC [org.springframework.orm.jpa.vendor.HibernateJpaDialect$HibernateConnectionHandle@2038149c]
2025-09-06T12:05:48.196+02:00 DEBUG 84692 --- [demo10] [nio-8088-exec-6] o.s.w.s.m.m.a.HttpEntityMethodProcessor  : Using 'application/json', given [*/*] and supported [application/json, application/*+json]
2025-09-06T12:05:48.196+02:00 DEBUG 84692 --- [demo10] [nio-8088-exec-6] o.s.w.s.m.m.a.HttpEntityMethodProcessor  : Writing [TowerDTO(id=47, name=TESTTTT, status=online, latitude=11.222, longitude=11.332974, city=213, battery (truncated)...]
Hibernate: 
    select
        t1_0.tower_id,
        t1_0.api_endpoint_url,
        t1_0.api_key,
        t1_0.battery,
        t1_0.city,
        t1_0.created_at,
        t1_0.last_maintenance,
        t1_0.latitude,
        t1_0.longitude,
        t1_0.model_3d_path,
        t1_0.name,
        t1_0.network_load,
        t1_0.region,
        t1_0.status,
        t1_0.temperature,
        t1_0.updated_at,
        t1_0.uptime,
        t1_0.use_case 
    from
        towers t1_0 
    where
        t1_0.tower_id=?
2025-09-06T12:05:48.196+02:00 DEBUG 84692 --- [demo10] [nio-8088-exec-6] o.j.s.OpenEntityManagerInViewInterceptor : Closing JPA EntityManager in OpenEntityManagerInViewInterceptor
2025-09-06T12:05:48.196+02:00 DEBUG 84692 --- [demo10] [nio-8088-exec-6] o.s.web.servlet.DispatcherServlet        : Completed 200 OK
2025-09-06T12:05:48.198+02:00 DEBUG 84692 --- [demo10] [nio-8088-exec-5] o.s.orm.jpa.JpaTransactionManager        : Initiating transaction commit
2025-09-06T12:05:48.198+02:00 DEBUG 84692 --- [demo10] [nio-8088-exec-5] o.s.orm.jpa.JpaTransactionManager        : Committing JPA transaction on EntityManager [SessionImpl(1299405032<open>)]
2025-09-06T12:05:48.198+02:00 DEBUG 84692 --- [demo10] [nio-8088-exec-5] o.s.jdbc.datasource.DataSourceUtils      : Resetting read-only flag of JDBC Connection [HikariProxyConnection@281440907 wrapping org.postgresql.jdbc.PgConnection@62edcc71]
2025-09-06T12:05:48.198+02:00 DEBUG 84692 --- [demo10] [nio-8088-exec-5] o.s.orm.jpa.JpaTransactionManager        : Not closing pre-bound JPA EntityManager after transaction
2025-09-06T12:05:48.198+02:00 DEBUG 84692 --- [demo10] [nio-8088-exec-5] o.s.w.s.m.m.a.HttpEntityMethodProcessor  : Using 'application/json', given [*/*] and supported [application/json, application/*+json]
2025-09-06T12:05:48.198+02:00 DEBUG 84692 --- [demo10] [nio-8088-exec-5] o.s.w.s.m.m.a.HttpEntityMethodProcessor  : Writing [TowerDTO(id=47, name=TESTTTT, status=online, latitude=11.222, longitude=11.332974, city=213, battery (truncated)...]
2025-09-06T12:05:48.198+02:00 DEBUG 84692 --- [demo10] [nio-8088-exec-5] o.j.s.OpenEntityManagerInViewInterceptor : Closing JPA EntityManager in OpenEntityManagerInViewInterceptor
2025-09-06T12:05:48.198+02:00 DEBUG 84692 --- [demo10] [nio-8088-exec-5] o.s.web.servlet.DispatcherServlet        : Completed 200 OK
2025-09-06T12:05:48.211+02:00 DEBUG 84692 --- [demo10] [nio-8088-exec-9] o.s.web.servlet.DispatcherServlet        : GET "/api/hardware/tower/47", parameters={}
2025-09-06T12:05:48.211+02:00 DEBUG 84692 --- [demo10] [nio-8088-exec-9] s.w.s.m.m.a.RequestMappingHandlerMapping : Mapped to com.example.demo.controller.HardwareController#getHardwareByTowerId(Long)
2025-09-06T12:05:48.211+02:00 DEBUG 84692 --- [demo10] [nio-8088-exec-9] o.j.s.OpenEntityManagerInViewInterceptor : Opening JPA EntityManager in OpenEntityManagerInViewInterceptor
2025-09-06T12:05:48.211+02:00 DEBUG 84692 --- [demo10] [nio-8088-exec-7] o.s.web.servlet.DispatcherServlet        : GET "/api/hardware/tower/47", parameters={}
2025-09-06T12:05:48.211+02:00 DEBUG 84692 --- [demo10] [nio-8088-exec-7] s.w.s.m.m.a.RequestMappingHandlerMapping : Mapped to com.example.demo.controller.HardwareController#getHardwareByTowerId(Long)
2025-09-06T12:05:48.211+02:00 DEBUG 84692 --- [demo10] [nio-8088-exec-7] o.j.s.OpenEntityManagerInViewInterceptor : Opening JPA EntityManager in OpenEntityManagerInViewInterceptor
Hibernate: 
    /* <criteria> */ select
        h1_0.hardware_id,
        h1_0.created_at,
        h1_0.install_date,
        h1_0.model,
        h1_0.name,
        h1_0.serial_number,
        h1_0.specifications,
        h1_0.status,
        h1_0.tower_id,
        h1_0.type,
        h1_0.updated_at,
        h1_0.vendor,
        h1_0.warranty_expiry 
    from
        hardware h1_0 
    left join
        towers t1_0 
            on t1_0.tower_id=h1_0.tower_id 
    where
        t1_0.tower_id=?
Hibernate: 
    /* <criteria> */ select
        h1_0.hardware_id,
        h1_0.created_at,
        h1_0.install_date,
        h1_0.model,
        h1_0.name,
        h1_0.serial_number,
        h1_0.specifications,
        h1_0.status,
        h1_0.tower_id,
        h1_0.type,
        h1_0.updated_at,
        h1_0.vendor,
        h1_0.warranty_expiry 
    from
        hardware h1_0 
    left join
        towers t1_0 
            on t1_0.tower_id=h1_0.tower_id 
    where
        t1_0.tower_id=?
2025-09-06T12:05:48.213+02:00 DEBUG 84692 --- [demo10] [nio-8088-exec-9] o.s.w.s.m.m.a.HttpEntityMethodProcessor  : Using 'application/json', given [*/*] and supported [application/json, application/*+json]
2025-09-06T12:05:48.213+02:00 DEBUG 84692 --- [demo10] [nio-8088-exec-7] o.s.w.s.m.m.a.HttpEntityMethodProcessor  : Using 'application/json', given [*/*] and supported [application/json, application/*+json]
2025-09-06T12:05:48.213+02:00 DEBUG 84692 --- [demo10] [nio-8088-exec-7] o.s.w.s.m.m.a.HttpEntityMethodProcessor  : Writing [[]]
2025-09-06T12:05:48.213+02:00 DEBUG 84692 --- [demo10] [nio-8088-exec-9] o.s.w.s.m.m.a.HttpEntityMethodProcessor  : Writing [[]]
2025-09-06T12:05:48.213+02:00 DEBUG 84692 --- [demo10] [nio-8088-exec-7] o.j.s.OpenEntityManagerInViewInterceptor : Closing JPA EntityManager in OpenEntityManagerInViewInterceptor
2025-09-06T12:05:48.213+02:00 DEBUG 84692 --- [demo10] [nio-8088-exec-9] o.j.s.OpenEntityManagerInViewInterceptor : Closing JPA EntityManager in OpenEntityManagerInViewInterceptor
2025-09-06T12:05:48.213+02:00 DEBUG 84692 --- [demo10] [nio-8088-exec-9] o.s.web.servlet.DispatcherServlet        : Completed 200 OK
2025-09-06T12:05:48.213+02:00 DEBUG 84692 --- [demo10] [nio-8088-exec-7] o.s.web.servlet.DispatcherServlet        : Completed 200 OK
2025-09-06T12:05:48.227+02:00 DEBUG 84692 --- [demo10] [nio-8088-exec-8] o.s.web.servlet.DispatcherServlet        : GET "/api/thresholds/tower/47", parameters={}
2025-09-06T12:05:48.228+02:00 DEBUG 84692 --- [demo10] [nio-8088-exec-8] s.w.s.m.m.a.RequestMappingHandlerMapping : Mapped to com.example.demo.controller.ThresholdRuleController#getThresholdRulesByTowerId(Long)
2025-09-06T12:05:48.228+02:00 DEBUG 84692 --- [demo10] [nio-8088-exec-8] o.j.s.OpenEntityManagerInViewInterceptor : Opening JPA EntityManager in OpenEntityManagerInViewInterceptor
2025-09-06T12:05:48.228+02:00 DEBUG 84692 --- [demo10] [nio-8088-exec-1] o.s.web.servlet.DispatcherServlet        : GET "/api/thresholds/tower/47", parameters={}
2025-09-06T12:05:48.229+02:00 DEBUG 84692 --- [demo10] [nio-8088-exec-1] s.w.s.m.m.a.RequestMappingHandlerMapping : Mapped to com.example.demo.controller.ThresholdRuleController#getThresholdRulesByTowerId(Long)
2025-09-06T12:05:48.229+02:00 DEBUG 84692 --- [demo10] [nio-8088-exec-1] o.j.s.OpenEntityManagerInViewInterceptor : Opening JPA EntityManager in OpenEntityManagerInViewInterceptor
Hibernate: 
    /* <criteria> */ select
        tr1_0.rule_id,
        tr1_0.condition,
        tr1_0.created_at,
        tr1_0.description,
        tr1_0.enabled,
        tr1_0.metric,
        tr1_0.name,
        tr1_0.severity,
        tr1_0.tower_id,
        tr1_0.updated_at,
        tr1_0.value 
    from
        threshold_rules tr1_0 
    where
        tr1_0.tower_id=?
Hibernate: 
    /* <criteria> */ select
        tr1_0.rule_id,
        tr1_0.condition,
        tr1_0.created_at,
        tr1_0.description,
        tr1_0.enabled,
        tr1_0.metric,
        tr1_0.name,
        tr1_0.severity,
        tr1_0.tower_id,
        tr1_0.updated_at,
        tr1_0.value 
    from
        threshold_rules tr1_0 
    where
        tr1_0.tower_id=?
2025-09-06T12:05:48.230+02:00 DEBUG 84692 --- [demo10] [nio-8088-exec-8] o.s.w.s.m.m.a.HttpEntityMethodProcessor  : Using 'application/json', given [*/*] and supported [application/json, application/*+json]
2025-09-06T12:05:48.230+02:00 DEBUG 84692 --- [demo10] [nio-8088-exec-8] o.s.w.s.m.m.a.HttpEntityMethodProcessor  : Writing [[]]
2025-09-06T12:05:48.230+02:00 DEBUG 84692 --- [demo10] [nio-8088-exec-8] o.j.s.OpenEntityManagerInViewInterceptor : Closing JPA EntityManager in OpenEntityManagerInViewInterceptor
2025-09-06T12:05:48.230+02:00 DEBUG 84692 --- [demo10] [nio-8088-exec-8] o.s.web.servlet.DispatcherServlet        : Completed 200 OK
2025-09-06T12:05:48.231+02:00 DEBUG 84692 --- [demo10] [nio-8088-exec-1] o.s.w.s.m.m.a.HttpEntityMethodProcessor  : Using 'application/json', given [*/*] and supported [application/json, application/*+json]
2025-09-06T12:05:48.231+02:00 DEBUG 84692 --- [demo10] [nio-8088-exec-1] o.s.w.s.m.m.a.HttpEntityMethodProcessor  : Writing [[]]
2025-09-06T12:05:48.232+02:00 DEBUG 84692 --- [demo10] [nio-8088-exec-1] o.j.s.OpenEntityManagerInViewInterceptor : Closing JPA EntityManager in OpenEntityManagerInViewInterceptor
2025-09-06T12:05:48.232+02:00 DEBUG 84692 --- [demo10] [nio-8088-exec-1] o.s.web.servlet.DispatcherServlet        : Completed 200 OK
2025-09-06T12:05:48.236+02:00 DEBUG 84692 --- [demo10] [io-8088-exec-10] o.s.web.servlet.DispatcherServlet        : GET "/api/telemetry/tower/47", parameters={}
2025-09-06T12:05:48.236+02:00 DEBUG 84692 --- [demo10] [io-8088-exec-10] s.w.s.m.m.a.RequestMappingHandlerMapping : Mapped to com.example.demo.controller.TelemetryDataController#getTelemetryDataByTowerId(Long)
2025-09-06T12:05:48.237+02:00 DEBUG 84692 --- [demo10] [io-8088-exec-10] o.j.s.OpenEntityManagerInViewInterceptor : Opening JPA EntityManager in OpenEntityManagerInViewInterceptor
2025-09-06T12:05:48.237+02:00 DEBUG 84692 --- [demo10] [nio-8088-exec-2] o.s.web.servlet.DispatcherServlet        : GET "/api/telemetry/tower/47", parameters={}
2025-09-06T12:05:48.237+02:00 DEBUG 84692 --- [demo10] [nio-8088-exec-2] s.w.s.m.m.a.RequestMappingHandlerMapping : Mapped to com.example.demo.controller.TelemetryDataController#getTelemetryDataByTowerId(Long)
2025-09-06T12:05:48.237+02:00 DEBUG 84692 --- [demo10] [nio-8088-exec-2] o.j.s.OpenEntityManagerInViewInterceptor : Opening JPA EntityManager in OpenEntityManagerInViewInterceptor
Hibernate: 
    /* <criteria> */ select
        td1_0.telemetry_id,
        td1_0.air_quality,
        td1_0.ambient_temperature,
        td1_0.bandwidth,
        td1_0.battery,
        td1_0.cpu_utilization,
        td1_0.disk_space,
        td1_0.error_rate,
        td1_0.humidity,
        td1_0.interference,
        td1_0.jitter,
        td1_0.latency,
        td1_0.memory_usage,
        td1_0.network_load,
        td1_0.packet_loss,
        td1_0.precipitation,
        td1_0.pressure,
        td1_0.response_time,
        td1_0.signal_strength,
        td1_0.status,
        td1_0.temperature,
        td1_0.throughput,
        td1_0.timestamp,
        td1_0.tower_id,
        td1_0.uptime,
        td1_0.uv_index,
        td1_0.vibration,
        td1_0.voltage,
        td1_0.wind_direction,
        td1_0.wind_speed 
    from
        telemetry_data td1_0 
    where
        td1_0.tower_id=? 
    order by
        td1_0.timestamp desc
Hibernate: 
    /* <criteria> */ select
        td1_0.telemetry_id,
        td1_0.air_quality,
        td1_0.ambient_temperature,
        td1_0.bandwidth,
        td1_0.battery,
        td1_0.cpu_utilization,
        td1_0.disk_space,
        td1_0.error_rate,
        td1_0.humidity,
        td1_0.interference,
        td1_0.jitter,
        td1_0.latency,
        td1_0.memory_usage,
        td1_0.network_load,
        td1_0.packet_loss,
        td1_0.precipitation,
        td1_0.pressure,
        td1_0.response_time,
        td1_0.signal_strength,
        td1_0.status,
        td1_0.temperature,
        td1_0.throughput,
        td1_0.timestamp,
        td1_0.tower_id,
        td1_0.uptime,
        td1_0.uv_index,
        td1_0.vibration,
        td1_0.voltage,
        td1_0.wind_direction,
        td1_0.wind_speed 
    from
        telemetry_data td1_0 
    where
        td1_0.tower_id=? 
    order by
        td1_0.timestamp desc
2025-09-06T12:05:48.239+02:00 DEBUG 84692 --- [demo10] [io-8088-exec-10] o.s.w.s.m.m.a.HttpEntityMethodProcessor  : Using 'application/json', given [*/*] and supported [application/json, application/*+json]
2025-09-06T12:05:48.239+02:00 DEBUG 84692 --- [demo10] [io-8088-exec-10] o.s.w.s.m.m.a.HttpEntityMethodProcessor  : Writing [[]]
2025-09-06T12:05:48.239+02:00 DEBUG 84692 --- [demo10] [io-8088-exec-10] o.j.s.OpenEntityManagerInViewInterceptor : Closing JPA EntityManager in OpenEntityManagerInViewInterceptor
2025-09-06T12:05:48.239+02:00 DEBUG 84692 --- [demo10] [io-8088-exec-10] o.s.web.servlet.DispatcherServlet        : Completed 200 OK
2025-09-06T12:05:48.240+02:00 DEBUG 84692 --- [demo10] [nio-8088-exec-2] o.s.w.s.m.m.a.HttpEntityMethodProcessor  : Using 'application/json', given [*/*] and supported [application/json, application/*+json]
2025-09-06T12:05:48.240+02:00 DEBUG 84692 --- [demo10] [nio-8088-exec-2] o.s.w.s.m.m.a.HttpEntityMethodProcessor  : Writing [[]]
2025-09-06T12:05:48.240+02:00 DEBUG 84692 --- [demo10] [nio-8088-exec-2] o.j.s.OpenEntityManagerInViewInterceptor : Closing JPA EntityManager in OpenEntityManagerInViewInterceptor
2025-09-06T12:05:48.240+02:00 DEBUG 84692 --- [demo10] [nio-8088-exec-2] o.s.web.servlet.DispatcherServlet        : Completed 200 OK
2025-09-06T12:06:44.166+02:00 DEBUG 84692 --- [demo10] [nio-8088-exec-6] o.s.web.servlet.DispatcherServlet        : GET "/api/towers/47", parameters={}
2025-09-06T12:06:44.167+02:00 DEBUG 84692 --- [demo10] [nio-8088-exec-5] o.s.web.servlet.DispatcherServlet        : GET "/api/towers/47", parameters={}
2025-09-06T12:06:44.168+02:00 DEBUG 84692 --- [demo10] [nio-8088-exec-6] s.w.s.m.m.a.RequestMappingHandlerMapping : Mapped to com.example.demo.controller.TowerController#getTowerById(Long)
2025-09-06T12:06:44.168+02:00 DEBUG 84692 --- [demo10] [nio-8088-exec-5] s.w.s.m.m.a.RequestMappingHandlerMapping : Mapped to com.example.demo.controller.TowerController#getTowerById(Long)
2025-09-06T12:06:44.169+02:00 DEBUG 84692 --- [demo10] [nio-8088-exec-5] o.j.s.OpenEntityManagerInViewInterceptor : Opening JPA EntityManager in OpenEntityManagerInViewInterceptor
2025-09-06T12:06:44.169+02:00 DEBUG 84692 --- [demo10] [nio-8088-exec-6] o.j.s.OpenEntityManagerInViewInterceptor : Opening JPA EntityManager in OpenEntityManagerInViewInterceptor
2025-09-06T12:06:44.173+02:00 DEBUG 84692 --- [demo10] [nio-8088-exec-6] o.s.orm.jpa.JpaTransactionManager        : Found thread-bound EntityManager [SessionImpl(2125576845<open>)] for JPA transaction
2025-09-06T12:06:44.173+02:00 DEBUG 84692 --- [demo10] [nio-8088-exec-5] o.s.orm.jpa.JpaTransactionManager        : Found thread-bound EntityManager [SessionImpl(185993867<open>)] for JPA transaction
2025-09-06T12:06:44.173+02:00 DEBUG 84692 --- [demo10] [nio-8088-exec-5] o.s.orm.jpa.JpaTransactionManager        : Creating new transaction with name [org.springframework.data.jpa.repository.support.SimpleJpaRepository.findById]: PROPAGATION_REQUIRED,ISOLATION_DEFAULT,readOnly
2025-09-06T12:06:44.173+02:00 DEBUG 84692 --- [demo10] [nio-8088-exec-6] o.s.orm.jpa.JpaTransactionManager        : Creating new transaction with name [org.springframework.data.jpa.repository.support.SimpleJpaRepository.findById]: PROPAGATION_REQUIRED,ISOLATION_DEFAULT,readOnly
2025-09-06T12:06:44.174+02:00 DEBUG 84692 --- [demo10] [nio-8088-exec-6] o.s.jdbc.datasource.DataSourceUtils      : Setting JDBC Connection [HikariProxyConnection@1302505132 wrapping org.postgresql.jdbc.PgConnection@762bf32d] read-only
2025-09-06T12:06:44.174+02:00 DEBUG 84692 --- [demo10] [nio-8088-exec-5] o.s.jdbc.datasource.DataSourceUtils      : Setting JDBC Connection [HikariProxyConnection@1194350583 wrapping org.postgresql.jdbc.PgConnection@62edcc71] read-only
2025-09-06T12:06:44.174+02:00 DEBUG 84692 --- [demo10] [nio-8088-exec-6] o.s.orm.jpa.JpaTransactionManager        : Exposing JPA transaction as JDBC [org.springframework.orm.jpa.vendor.HibernateJpaDialect$HibernateConnectionHandle@7a74e0a3]
2025-09-06T12:06:44.174+02:00 DEBUG 84692 --- [demo10] [nio-8088-exec-5] o.s.orm.jpa.JpaTransactionManager        : Exposing JPA transaction as JDBC [org.springframework.orm.jpa.vendor.HibernateJpaDialect$HibernateConnectionHandle@3939e38a]
Hibernate: 
    select
        t1_0.tower_id,
        t1_0.api_endpoint_url,
        t1_0.api_key,
        t1_0.battery,
        t1_0.city,
        t1_0.created_at,
        t1_0.last_maintenance,
        t1_0.latitude,
        t1_0.longitude,
        t1_0.model_3d_path,
        t1_0.name,
        t1_0.network_load,
        t1_0.region,
        t1_0.status,
        t1_0.temperature,
        t1_0.updated_at,
        t1_0.uptime,
        t1_0.use_case 
    from
        towers t1_0 
    where
        t1_0.tower_id=?
Hibernate: 
    select
        t1_0.tower_id,
        t1_0.api_endpoint_url,
        t1_0.api_key,
        t1_0.battery,
        t1_0.city,
        t1_0.created_at,
        t1_0.last_maintenance,
        t1_0.latitude,
        t1_0.longitude,
        t1_0.model_3d_path,
        t1_0.name,
        t1_0.network_load,
        t1_0.region,
        t1_0.status,
        t1_0.temperature,
        t1_0.updated_at,
        t1_0.uptime,
        t1_0.use_case 
    from
        towers t1_0 
    where
        t1_0.tower_id=?
2025-09-06T12:06:44.177+02:00 DEBUG 84692 --- [demo10] [nio-8088-exec-5] o.s.orm.jpa.JpaTransactionManager        : Initiating transaction commit
2025-09-06T12:06:44.177+02:00 DEBUG 84692 --- [demo10] [nio-8088-exec-6] o.s.orm.jpa.JpaTransactionManager        : Initiating transaction commit
2025-09-06T12:06:44.177+02:00 DEBUG 84692 --- [demo10] [nio-8088-exec-5] o.s.orm.jpa.JpaTransactionManager        : Committing JPA transaction on EntityManager [SessionImpl(185993867<open>)]
2025-09-06T12:06:44.177+02:00 DEBUG 84692 --- [demo10] [nio-8088-exec-6] o.s.orm.jpa.JpaTransactionManager        : Committing JPA transaction on EntityManager [SessionImpl(2125576845<open>)]
2025-09-06T12:06:44.177+02:00 DEBUG 84692 --- [demo10] [nio-8088-exec-5] o.s.jdbc.datasource.DataSourceUtils      : Resetting read-only flag of JDBC Connection [HikariProxyConnection@1194350583 wrapping org.postgresql.jdbc.PgConnection@62edcc71]
2025-09-06T12:06:44.177+02:00 DEBUG 84692 --- [demo10] [nio-8088-exec-6] o.s.jdbc.datasource.DataSourceUtils      : Resetting read-only flag of JDBC Connection [HikariProxyConnection@1302505132 wrapping org.postgresql.jdbc.PgConnection@762bf32d]
2025-09-06T12:06:44.177+02:00 DEBUG 84692 --- [demo10] [nio-8088-exec-5] o.s.orm.jpa.JpaTransactionManager        : Not closing pre-bound JPA EntityManager after transaction
2025-09-06T12:06:44.177+02:00 DEBUG 84692 --- [demo10] [nio-8088-exec-6] o.s.orm.jpa.JpaTransactionManager        : Not closing pre-bound JPA EntityManager after transaction
2025-09-06T12:06:44.178+02:00 DEBUG 84692 --- [demo10] [nio-8088-exec-6] o.s.w.s.m.m.a.HttpEntityMethodProcessor  : Using 'application/json', given [*/*] and supported [application/json, application/*+json]
2025-09-06T12:06:44.178+02:00 DEBUG 84692 --- [demo10] [nio-8088-exec-5] o.s.w.s.m.m.a.HttpEntityMethodProcessor  : Using 'application/json', given [*/*] and supported [application/json, application/*+json]
2025-09-06T12:06:44.179+02:00 DEBUG 84692 --- [demo10] [nio-8088-exec-6] o.s.w.s.m.m.a.HttpEntityMethodProcessor  : Writing [TowerDTO(id=47, name=TESTTTT, status=online, latitude=11.222, longitude=11.332974, city=213, battery (truncated)...]
2025-09-06T12:06:44.179+02:00 DEBUG 84692 --- [demo10] [nio-8088-exec-5] o.s.w.s.m.m.a.HttpEntityMethodProcessor  : Writing [TowerDTO(id=47, name=TESTTTT, status=online, latitude=11.222, longitude=11.332974, city=213, battery (truncated)...]
2025-09-06T12:06:44.180+02:00 DEBUG 84692 --- [demo10] [nio-8088-exec-5] o.j.s.OpenEntityManagerInViewInterceptor : Closing JPA EntityManager in OpenEntityManagerInViewInterceptor
2025-09-06T12:06:44.180+02:00 DEBUG 84692 --- [demo10] [nio-8088-exec-6] o.j.s.OpenEntityManagerInViewInterceptor : Closing JPA EntityManager in OpenEntityManagerInViewInterceptor
2025-09-06T12:06:44.180+02:00 DEBUG 84692 --- [demo10] [nio-8088-exec-6] o.s.web.servlet.DispatcherServlet        : Completed 200 OK
2025-09-06T12:06:44.180+02:00 DEBUG 84692 --- [demo10] [nio-8088-exec-5] o.s.web.servlet.DispatcherServlet        : Completed 200 OK
2025-09-06T12:06:44.198+02:00 DEBUG 84692 --- [demo10] [nio-8088-exec-9] o.s.web.servlet.DispatcherServlet        : GET "/api/hardware/tower/47", parameters={}
2025-09-06T12:06:44.198+02:00 DEBUG 84692 --- [demo10] [nio-8088-exec-9] s.w.s.m.m.a.RequestMappingHandlerMapping : Mapped to com.example.demo.controller.HardwareController#getHardwareByTowerId(Long)
2025-09-06T12:06:44.199+02:00 DEBUG 84692 --- [demo10] [nio-8088-exec-9] o.j.s.OpenEntityManagerInViewInterceptor : Opening JPA EntityManager in OpenEntityManagerInViewInterceptor
2025-09-06T12:06:44.199+02:00 DEBUG 84692 --- [demo10] [nio-8088-exec-7] o.s.web.servlet.DispatcherServlet        : GET "/api/hardware/tower/47", parameters={}
2025-09-06T12:06:44.200+02:00 DEBUG 84692 --- [demo10] [nio-8088-exec-7] s.w.s.m.m.a.RequestMappingHandlerMapping : Mapped to com.example.demo.controller.HardwareController#getHardwareByTowerId(Long)
2025-09-06T12:06:44.201+02:00 DEBUG 84692 --- [demo10] [nio-8088-exec-7] o.j.s.OpenEntityManagerInViewInterceptor : Opening JPA EntityManager in OpenEntityManagerInViewInterceptor
Hibernate: 
    /* <criteria> */ select
        h1_0.hardware_id,
        h1_0.created_at,
        h1_0.install_date,
        h1_0.model,
        h1_0.name,
        h1_0.serial_number,
        h1_0.specifications,
        h1_0.status,
        h1_0.tower_id,
        h1_0.type,
        h1_0.updated_at,
        h1_0.vendor,
        h1_0.warranty_expiry 
    from
        hardware h1_0 
    left join
        towers t1_0 
            on t1_0.tower_id=h1_0.tower_id 
    where
        t1_0.tower_id=?
Hibernate: 
    /* <criteria> */ select
        h1_0.hardware_id,
        h1_0.created_at,
        h1_0.install_date,
        h1_0.model,
        h1_0.name,
        h1_0.serial_number,
        h1_0.specifications,
        h1_0.status,
        h1_0.tower_id,
        h1_0.type,
        h1_0.updated_at,
        h1_0.vendor,
        h1_0.warranty_expiry 
    from
        hardware h1_0 
    left join
        towers t1_0 
            on t1_0.tower_id=h1_0.tower_id 
    where
        t1_0.tower_id=?
2025-09-06T12:06:44.241+02:00 DEBUG 84692 --- [demo10] [nio-8088-exec-9] o.s.w.s.m.m.a.HttpEntityMethodProcessor  : Using 'application/json', given [*/*] and supported [application/json, application/*+json]
2025-09-06T12:06:44.241+02:00 DEBUG 84692 --- [demo10] [nio-8088-exec-7] o.s.w.s.m.m.a.HttpEntityMethodProcessor  : Using 'application/json', given [*/*] and supported [application/json, application/*+json]
2025-09-06T12:06:44.241+02:00 DEBUG 84692 --- [demo10] [nio-8088-exec-7] o.s.w.s.m.m.a.HttpEntityMethodProcessor  : Writing [[]]
2025-09-06T12:06:44.241+02:00 DEBUG 84692 --- [demo10] [nio-8088-exec-9] o.s.w.s.m.m.a.HttpEntityMethodProcessor  : Writing [[]]
2025-09-06T12:06:44.242+02:00 DEBUG 84692 --- [demo10] [nio-8088-exec-9] o.j.s.OpenEntityManagerInViewInterceptor : Closing JPA EntityManager in OpenEntityManagerInViewInterceptor
2025-09-06T12:06:44.242+02:00 DEBUG 84692 --- [demo10] [nio-8088-exec-7] o.j.s.OpenEntityManagerInViewInterceptor : Closing JPA EntityManager in OpenEntityManagerInViewInterceptor
2025-09-06T12:06:44.242+02:00 DEBUG 84692 --- [demo10] [nio-8088-exec-9] o.s.web.servlet.DispatcherServlet        : Completed 200 OK
2025-09-06T12:06:44.242+02:00 DEBUG 84692 --- [demo10] [nio-8088-exec-7] o.s.web.servlet.DispatcherServlet        : Completed 200 OK
2025-09-06T12:06:44.246+02:00 DEBUG 84692 --- [demo10] [nio-8088-exec-8] o.s.web.servlet.DispatcherServlet        : GET "/api/thresholds/tower/47", parameters={}
2025-09-06T12:06:44.246+02:00 DEBUG 84692 --- [demo10] [nio-8088-exec-8] s.w.s.m.m.a.RequestMappingHandlerMapping : Mapped to com.example.demo.controller.ThresholdRuleController#getThresholdRulesByTowerId(Long)
2025-09-06T12:06:44.246+02:00 DEBUG 84692 --- [demo10] [nio-8088-exec-8] o.j.s.OpenEntityManagerInViewInterceptor : Opening JPA EntityManager in OpenEntityManagerInViewInterceptor
2025-09-06T12:06:44.247+02:00 DEBUG 84692 --- [demo10] [nio-8088-exec-1] o.s.web.servlet.DispatcherServlet        : GET "/api/thresholds/tower/47", parameters={}
2025-09-06T12:06:44.247+02:00 DEBUG 84692 --- [demo10] [nio-8088-exec-1] s.w.s.m.m.a.RequestMappingHandlerMapping : Mapped to com.example.demo.controller.ThresholdRuleController#getThresholdRulesByTowerId(Long)
2025-09-06T12:06:44.248+02:00 DEBUG 84692 --- [demo10] [nio-8088-exec-1] o.j.s.OpenEntityManagerInViewInterceptor : Opening JPA EntityManager in OpenEntityManagerInViewInterceptor
Hibernate: 
    /* <criteria> */ select
        tr1_0.rule_id,
        tr1_0.condition,
        tr1_0.created_at,
        tr1_0.description,
        tr1_0.enabled,
        tr1_0.metric,
        tr1_0.name,
        tr1_0.severity,
        tr1_0.tower_id,
        tr1_0.updated_at,
        tr1_0.value 
    from
        threshold_rules tr1_0 
    where
        tr1_0.tower_id=?
Hibernate: 
    /* <criteria> */ select
        tr1_0.rule_id,
        tr1_0.condition,
        tr1_0.created_at,
        tr1_0.description,
        tr1_0.enabled,
        tr1_0.metric,
        tr1_0.name,
        tr1_0.severity,
        tr1_0.tower_id,
        tr1_0.updated_at,
        tr1_0.value 
    from
        threshold_rules tr1_0 
    where
        tr1_0.tower_id=?
2025-09-06T12:06:44.250+02:00 DEBUG 84692 --- [demo10] [nio-8088-exec-1] o.s.w.s.m.m.a.HttpEntityMethodProcessor  : Using 'application/json', given [*/*] and supported [application/json, application/*+json]
2025-09-06T12:06:44.250+02:00 DEBUG 84692 --- [demo10] [nio-8088-exec-8] o.s.w.s.m.m.a.HttpEntityMethodProcessor  : Using 'application/json', given [*/*] and supported [application/json, application/*+json]
2025-09-06T12:06:44.250+02:00 DEBUG 84692 --- [demo10] [nio-8088-exec-1] o.s.w.s.m.m.a.HttpEntityMethodProcessor  : Writing [[]]
2025-09-06T12:06:44.250+02:00 DEBUG 84692 --- [demo10] [nio-8088-exec-8] o.s.w.s.m.m.a.HttpEntityMethodProcessor  : Writing [[]]
2025-09-06T12:06:44.251+02:00 DEBUG 84692 --- [demo10] [nio-8088-exec-8] o.j.s.OpenEntityManagerInViewInterceptor : Closing JPA EntityManager in OpenEntityManagerInViewInterceptor
2025-09-06T12:06:44.251+02:00 DEBUG 84692 --- [demo10] [nio-8088-exec-1] o.j.s.OpenEntityManagerInViewInterceptor : Closing JPA EntityManager in OpenEntityManagerInViewInterceptor
2025-09-06T12:06:44.251+02:00 DEBUG 84692 --- [demo10] [nio-8088-exec-1] o.s.web.servlet.DispatcherServlet        : Completed 200 OK
2025-09-06T12:06:44.251+02:00 DEBUG 84692 --- [demo10] [nio-8088-exec-8] o.s.web.servlet.DispatcherServlet        : Completed 200 OK
2025-09-06T12:06:44.256+02:00 DEBUG 84692 --- [demo10] [io-8088-exec-10] o.s.web.servlet.DispatcherServlet        : GET "/api/telemetry/tower/47", parameters={}
2025-09-06T12:06:44.256+02:00 DEBUG 84692 --- [demo10] [nio-8088-exec-2] o.s.web.servlet.DispatcherServlet        : GET "/api/telemetry/tower/47", parameters={}
2025-09-06T12:06:44.256+02:00 DEBUG 84692 --- [demo10] [io-8088-exec-10] s.w.s.m.m.a.RequestMappingHandlerMapping : Mapped to com.example.demo.controller.TelemetryDataController#getTelemetryDataByTowerId(Long)
2025-09-06T12:06:44.256+02:00 DEBUG 84692 --- [demo10] [nio-8088-exec-2] s.w.s.m.m.a.RequestMappingHandlerMapping : Mapped to com.example.demo.controller.TelemetryDataController#getTelemetryDataByTowerId(Long)
2025-09-06T12:06:44.256+02:00 DEBUG 84692 --- [demo10] [io-8088-exec-10] o.j.s.OpenEntityManagerInViewInterceptor : Opening JPA EntityManager in OpenEntityManagerInViewInterceptor
2025-09-06T12:06:44.256+02:00 DEBUG 84692 --- [demo10] [nio-8088-exec-2] o.j.s.OpenEntityManagerInViewInterceptor : Opening JPA EntityManager in OpenEntityManagerInViewInterceptor
Hibernate: 
    /* <criteria> */ select
        td1_0.telemetry_id,
        td1_0.air_quality,
        td1_0.ambient_temperature,
        td1_0.bandwidth,
        td1_0.battery,
        td1_0.cpu_utilization,
        td1_0.disk_space,
        td1_0.error_rate,
        td1_0.humidity,
        td1_0.interference,
        td1_0.jitter,
        td1_0.latency,
        td1_0.memory_usage,
        td1_0.network_load,
        td1_0.packet_loss,
        td1_0.precipitation,
        td1_0.pressure,
        td1_0.response_time,
        td1_0.signal_strength,
        td1_0.status,
        td1_0.temperature,
        td1_0.throughput,
        td1_0.timestamp,
        td1_0.tower_id,
        td1_0.uptime,
        td1_0.uv_index,
        td1_0.vibration,
        td1_0.voltage,
        td1_0.wind_direction,
        td1_0.wind_speed 
    from
        telemetry_data td1_0 
    where
        td1_0.tower_id=? 
    order by
        td1_0.timestamp desc
Hibernate: 
    /* <criteria> */ select
        td1_0.telemetry_id,
        td1_0.air_quality,
        td1_0.ambient_temperature,
        td1_0.bandwidth,
        td1_0.battery,
        td1_0.cpu_utilization,
        td1_0.disk_space,
        td1_0.error_rate,
        td1_0.humidity,
        td1_0.interference,
        td1_0.jitter,
        td1_0.latency,
        td1_0.memory_usage,
        td1_0.network_load,
        td1_0.packet_loss,
        td1_0.precipitation,
        td1_0.pressure,
        td1_0.response_time,
        td1_0.signal_strength,
        td1_0.status,
        td1_0.temperature,
        td1_0.throughput,
        td1_0.timestamp,
        td1_0.tower_id,
        td1_0.uptime,
        td1_0.uv_index,
        td1_0.vibration,
        td1_0.voltage,
        td1_0.wind_direction,
        td1_0.wind_speed 
    from
        telemetry_data td1_0 
    where
        td1_0.tower_id=? 
    order by
        td1_0.timestamp desc
2025-09-06T12:06:44.258+02:00 DEBUG 84692 --- [demo10] [nio-8088-exec-2] o.s.w.s.m.m.a.HttpEntityMethodProcessor  : Using 'application/json', given [*/*] and supported [application/json, application/*+json]
2025-09-06T12:06:44.258+02:00 DEBUG 84692 --- [demo10] [io-8088-exec-10] o.s.w.s.m.m.a.HttpEntityMethodProcessor  : Using 'application/json', given [*/*] and supported [application/json, application/*+json]
2025-09-06T12:06:44.258+02:00 DEBUG 84692 --- [demo10] [nio-8088-exec-2] o.s.w.s.m.m.a.HttpEntityMethodProcessor  : Writing [[]]
2025-09-06T12:06:44.258+02:00 DEBUG 84692 --- [demo10] [io-8088-exec-10] o.s.w.s.m.m.a.HttpEntityMethodProcessor  : Writing [[]]
2025-09-06T12:06:44.258+02:00 DEBUG 84692 --- [demo10] [nio-8088-exec-2] o.j.s.OpenEntityManagerInViewInterceptor : Closing JPA EntityManager in OpenEntityManagerInViewInterceptor
2025-09-06T12:06:44.258+02:00 DEBUG 84692 --- [demo10] [io-8088-exec-10] o.j.s.OpenEntityManagerInViewInterceptor : Closing JPA EntityManager in OpenEntityManagerInViewInterceptor
2025-09-06T12:06:44.258+02:00 DEBUG 84692 --- [demo10] [nio-8088-exec-2] o.s.web.servlet.DispatcherServlet        : Completed 200 OK
2025-09-06T12:06:44.258+02:00 DEBUG 84692 --- [demo10] [io-8088-exec-10] o.s.web.servlet.DispatcherServlet        : Completed 200 OK
2025-09-06T12:06:54.566+02:00 DEBUG 84692 --- [demo10] [nio-8088-exec-3] o.s.web.servlet.DispatcherServlet        : GET "/api/towers/47", parameters={}
2025-09-06T12:06:54.568+02:00 DEBUG 84692 --- [demo10] [nio-8088-exec-3] s.w.s.m.m.a.RequestMappingHandlerMapping : Mapped to com.example.demo.controller.TowerController#getTowerById(Long)
2025-09-06T12:06:54.569+02:00 DEBUG 84692 --- [demo10] [nio-8088-exec-3] o.j.s.OpenEntityManagerInViewInterceptor : Opening JPA EntityManager in OpenEntityManagerInViewInterceptor
2025-09-06T12:06:54.571+02:00 DEBUG 84692 --- [demo10] [nio-8088-exec-3] o.s.orm.jpa.JpaTransactionManager        : Found thread-bound EntityManager [SessionImpl(1469137986<open>)] for JPA transaction
2025-09-06T12:06:54.571+02:00 DEBUG 84692 --- [demo10] [nio-8088-exec-3] o.s.orm.jpa.JpaTransactionManager        : Creating new transaction with name [org.springframework.data.jpa.repository.support.SimpleJpaRepository.findById]: PROPAGATION_REQUIRED,ISOLATION_DEFAULT,readOnly
2025-09-06T12:06:54.572+02:00 DEBUG 84692 --- [demo10] [nio-8088-exec-3] o.s.jdbc.datasource.DataSourceUtils      : Setting JDBC Connection [HikariProxyConnection@1880165101 wrapping org.postgresql.jdbc.PgConnection@762bf32d] read-only
2025-09-06T12:06:54.572+02:00 DEBUG 84692 --- [demo10] [nio-8088-exec-3] o.s.orm.jpa.JpaTransactionManager        : Exposing JPA transaction as JDBC [org.springframework.orm.jpa.vendor.HibernateJpaDialect$HibernateConnectionHandle@14ceb941]
Hibernate: 
    select
        t1_0.tower_id,
        t1_0.api_endpoint_url,
        t1_0.api_key,
        t1_0.battery,
        t1_0.city,
        t1_0.created_at,
        t1_0.last_maintenance,
        t1_0.latitude,
        t1_0.longitude,
        t1_0.model_3d_path,
        t1_0.name,
        t1_0.network_load,
        t1_0.region,
        t1_0.status,
        t1_0.temperature,
        t1_0.updated_at,
        t1_0.uptime,
        t1_0.use_case 
    from
        towers t1_0 
    where
        t1_0.tower_id=?
2025-09-06T12:06:54.573+02:00 DEBUG 84692 --- [demo10] [nio-8088-exec-3] o.s.orm.jpa.JpaTransactionManager        : Initiating transaction commit
2025-09-06T12:06:54.574+02:00 DEBUG 84692 --- [demo10] [nio-8088-exec-3] o.s.orm.jpa.JpaTransactionManager        : Committing JPA transaction on EntityManager [SessionImpl(1469137986<open>)]
2025-09-06T12:06:54.574+02:00 DEBUG 84692 --- [demo10] [nio-8088-exec-3] o.s.jdbc.datasource.DataSourceUtils      : Resetting read-only flag of JDBC Connection [HikariProxyConnection@1880165101 wrapping org.postgresql.jdbc.PgConnection@762bf32d]
2025-09-06T12:06:54.574+02:00 DEBUG 84692 --- [demo10] [nio-8088-exec-3] o.s.orm.jpa.JpaTransactionManager        : Not closing pre-bound JPA EntityManager after transaction
2025-09-06T12:06:54.574+02:00 DEBUG 84692 --- [demo10] [nio-8088-exec-4] o.s.web.servlet.DispatcherServlet        : GET "/api/towers/47", parameters={}
2025-09-06T12:06:54.574+02:00 DEBUG 84692 --- [demo10] [nio-8088-exec-3] o.s.w.s.m.m.a.HttpEntityMethodProcessor  : Using 'application/json', given [*/*] and supported [application/json, application/*+json]
2025-09-06T12:06:54.574+02:00 DEBUG 84692 --- [demo10] [nio-8088-exec-4] s.w.s.m.m.a.RequestMappingHandlerMapping : Mapped to com.example.demo.controller.TowerController#getTowerById(Long)
2025-09-06T12:06:54.575+02:00 DEBUG 84692 --- [demo10] [nio-8088-exec-3] o.s.w.s.m.m.a.HttpEntityMethodProcessor  : Writing [TowerDTO(id=47, name=TESTTTT, status=online, latitude=11.222, longitude=11.332974, city=213, battery (truncated)...]
2025-09-06T12:06:54.575+02:00 DEBUG 84692 --- [demo10] [nio-8088-exec-4] o.j.s.OpenEntityManagerInViewInterceptor : Opening JPA EntityManager in OpenEntityManagerInViewInterceptor
2025-09-06T12:06:54.575+02:00 DEBUG 84692 --- [demo10] [nio-8088-exec-4] o.s.orm.jpa.JpaTransactionManager        : Found thread-bound EntityManager [SessionImpl(2053905732<open>)] for JPA transaction
2025-09-06T12:06:54.575+02:00 DEBUG 84692 --- [demo10] [nio-8088-exec-4] o.s.orm.jpa.JpaTransactionManager        : Creating new transaction with name [org.springframework.data.jpa.repository.support.SimpleJpaRepository.findById]: PROPAGATION_REQUIRED,ISOLATION_DEFAULT,readOnly
2025-09-06T12:06:54.575+02:00 DEBUG 84692 --- [demo10] [nio-8088-exec-3] o.j.s.OpenEntityManagerInViewInterceptor : Closing JPA EntityManager in OpenEntityManagerInViewInterceptor
2025-09-06T12:06:54.575+02:00 DEBUG 84692 --- [demo10] [nio-8088-exec-3] o.s.web.servlet.DispatcherServlet        : Completed 200 OK
2025-09-06T12:06:54.575+02:00 DEBUG 84692 --- [demo10] [nio-8088-exec-4] o.s.jdbc.datasource.DataSourceUtils      : Setting JDBC Connection [HikariProxyConnection@718040344 wrapping org.postgresql.jdbc.PgConnection@62edcc71] read-only
2025-09-06T12:06:54.575+02:00 DEBUG 84692 --- [demo10] [nio-8088-exec-4] o.s.orm.jpa.JpaTransactionManager        : Exposing JPA transaction as JDBC [org.springframework.orm.jpa.vendor.HibernateJpaDialect$HibernateConnectionHandle@51857ad6]
Hibernate: 
    select
        t1_0.tower_id,
        t1_0.api_endpoint_url,
        t1_0.api_key,
        t1_0.battery,
        t1_0.city,
        t1_0.created_at,
        t1_0.last_maintenance,
        t1_0.latitude,
        t1_0.longitude,
        t1_0.model_3d_path,
        t1_0.name,
        t1_0.network_load,
        t1_0.region,
        t1_0.status,
        t1_0.temperature,
        t1_0.updated_at,
        t1_0.uptime,
        t1_0.use_case 
    from
        towers t1_0 
    where
        t1_0.tower_id=?
2025-09-06T12:06:54.576+02:00 DEBUG 84692 --- [demo10] [nio-8088-exec-4] o.s.orm.jpa.JpaTransactionManager        : Initiating transaction commit
2025-09-06T12:06:54.576+02:00 DEBUG 84692 --- [demo10] [nio-8088-exec-4] o.s.orm.jpa.JpaTransactionManager        : Committing JPA transaction on EntityManager [SessionImpl(2053905732<open>)]
2025-09-06T12:06:54.576+02:00 DEBUG 84692 --- [demo10] [nio-8088-exec-4] o.s.jdbc.datasource.DataSourceUtils      : Resetting read-only flag of JDBC Connection [HikariProxyConnection@718040344 wrapping org.postgresql.jdbc.PgConnection@62edcc71]
2025-09-06T12:06:54.576+02:00 DEBUG 84692 --- [demo10] [nio-8088-exec-4] o.s.orm.jpa.JpaTransactionManager        : Not closing pre-bound JPA EntityManager after transaction
2025-09-06T12:06:54.576+02:00 DEBUG 84692 --- [demo10] [nio-8088-exec-4] o.s.w.s.m.m.a.HttpEntityMethodProcessor  : Using 'application/json', given [*/*] and supported [application/json, application/*+json]
2025-09-06T12:06:54.576+02:00 DEBUG 84692 --- [demo10] [nio-8088-exec-4] o.s.w.s.m.m.a.HttpEntityMethodProcessor  : Writing [TowerDTO(id=47, name=TESTTTT, status=online, latitude=11.222, longitude=11.332974, city=213, battery (truncated)...]
2025-09-06T12:06:54.576+02:00 DEBUG 84692 --- [demo10] [nio-8088-exec-4] o.j.s.OpenEntityManagerInViewInterceptor : Closing JPA EntityManager in OpenEntityManagerInViewInterceptor
2025-09-06T12:06:54.577+02:00 DEBUG 84692 --- [demo10] [nio-8088-exec-4] o.s.web.servlet.DispatcherServlet        : Completed 200 OK
2025-09-06T12:06:54.637+02:00 DEBUG 84692 --- [demo10] [nio-8088-exec-5] o.s.web.servlet.DispatcherServlet        : GET "/api/hardware/tower/47", parameters={}
2025-09-06T12:06:54.637+02:00 DEBUG 84692 --- [demo10] [nio-8088-exec-5] s.w.s.m.m.a.RequestMappingHandlerMapping : Mapped to com.example.demo.controller.HardwareController#getHardwareByTowerId(Long)
2025-09-06T12:06:54.637+02:00 DEBUG 84692 --- [demo10] [nio-8088-exec-5] o.j.s.OpenEntityManagerInViewInterceptor : Opening JPA EntityManager in OpenEntityManagerInViewInterceptor
2025-09-06T12:06:54.638+02:00 DEBUG 84692 --- [demo10] [nio-8088-exec-6] o.s.web.servlet.DispatcherServlet        : GET "/api/hardware/tower/47", parameters={}
2025-09-06T12:06:54.638+02:00 DEBUG 84692 --- [demo10] [nio-8088-exec-6] s.w.s.m.m.a.RequestMappingHandlerMapping : Mapped to com.example.demo.controller.HardwareController#getHardwareByTowerId(Long)
2025-09-06T12:06:54.638+02:00 DEBUG 84692 --- [demo10] [nio-8088-exec-6] o.j.s.OpenEntityManagerInViewInterceptor : Opening JPA EntityManager in OpenEntityManagerInViewInterceptor
Hibernate: 
    /* <criteria> */ select
        h1_0.hardware_id,
        h1_0.created_at,
        h1_0.install_date,
        h1_0.model,
        h1_0.name,
        h1_0.serial_number,
        h1_0.specifications,
        h1_0.status,
        h1_0.tower_id,
        h1_0.type,
        h1_0.updated_at,
        h1_0.vendor,
        h1_0.warranty_expiry 
    from
        hardware h1_0 
    left join
        towers t1_0 
            on t1_0.tower_id=h1_0.tower_id 
    where
        t1_0.tower_id=?
Hibernate: 
    /* <criteria> */ select
        h1_0.hardware_id,
        h1_0.created_at,
        h1_0.install_date,
        h1_0.model,
        h1_0.name,
        h1_0.serial_number,
        h1_0.specifications,
        h1_0.status,
        h1_0.tower_id,
        h1_0.type,
        h1_0.updated_at,
        h1_0.vendor,
        h1_0.warranty_expiry 
    from
        hardware h1_0 
    left join
        towers t1_0 
            on t1_0.tower_id=h1_0.tower_id 
    where
        t1_0.tower_id=?
2025-09-06T12:06:54.639+02:00 DEBUG 84692 --- [demo10] [nio-8088-exec-5] o.s.w.s.m.m.a.HttpEntityMethodProcessor  : Using 'application/json', given [*/*] and supported [application/json, application/*+json]
2025-09-06T12:06:54.639+02:00 DEBUG 84692 --- [demo10] [nio-8088-exec-6] o.s.w.s.m.m.a.HttpEntityMethodProcessor  : Using 'application/json', given [*/*] and supported [application/json, application/*+json]
2025-09-06T12:06:54.639+02:00 DEBUG 84692 --- [demo10] [nio-8088-exec-5] o.s.w.s.m.m.a.HttpEntityMethodProcessor  : Writing [[]]
2025-09-06T12:06:54.639+02:00 DEBUG 84692 --- [demo10] [nio-8088-exec-6] o.s.w.s.m.m.a.HttpEntityMethodProcessor  : Writing [[]]
2025-09-06T12:06:54.640+02:00 DEBUG 84692 --- [demo10] [nio-8088-exec-6] o.j.s.OpenEntityManagerInViewInterceptor : Closing JPA EntityManager in OpenEntityManagerInViewInterceptor
2025-09-06T12:06:54.640+02:00 DEBUG 84692 --- [demo10] [nio-8088-exec-5] o.j.s.OpenEntityManagerInViewInterceptor : Closing JPA EntityManager in OpenEntityManagerInViewInterceptor
2025-09-06T12:06:54.640+02:00 DEBUG 84692 --- [demo10] [nio-8088-exec-5] o.s.web.servlet.DispatcherServlet        : Completed 200 OK
2025-09-06T12:06:54.640+02:00 DEBUG 84692 --- [demo10] [nio-8088-exec-6] o.s.web.servlet.DispatcherServlet        : Completed 200 OK
2025-09-06T12:06:54.677+02:00 DEBUG 84692 --- [demo10] [nio-8088-exec-9] o.s.web.servlet.DispatcherServlet        : GET "/api/thresholds/tower/47", parameters={}
2025-09-06T12:06:54.677+02:00 DEBUG 84692 --- [demo10] [nio-8088-exec-9] s.w.s.m.m.a.RequestMappingHandlerMapping : Mapped to com.example.demo.controller.ThresholdRuleController#getThresholdRulesByTowerId(Long)
2025-09-06T12:06:54.677+02:00 DEBUG 84692 --- [demo10] [nio-8088-exec-9] o.j.s.OpenEntityManagerInViewInterceptor : Opening JPA EntityManager in OpenEntityManagerInViewInterceptor
Hibernate: 
    /* <criteria> */ select
        tr1_0.rule_id,
        tr1_0.condition,
        tr1_0.created_at,
        tr1_0.description,
        tr1_0.enabled,
        tr1_0.metric,
        tr1_0.name,
        tr1_0.severity,
        tr1_0.tower_id,
        tr1_0.updated_at,
        tr1_0.value 
    from
        threshold_rules tr1_0 
    where
        tr1_0.tower_id=?
2025-09-06T12:06:54.684+02:00 DEBUG 84692 --- [demo10] [nio-8088-exec-9] o.s.w.s.m.m.a.HttpEntityMethodProcessor  : Using 'application/json', given [*/*] and supported [application/json, application/*+json]
2025-09-06T12:06:54.684+02:00 DEBUG 84692 --- [demo10] [nio-8088-exec-9] o.s.w.s.m.m.a.HttpEntityMethodProcessor  : Writing [[]]
2025-09-06T12:06:54.684+02:00 DEBUG 84692 --- [demo10] [nio-8088-exec-9] o.j.s.OpenEntityManagerInViewInterceptor : Closing JPA EntityManager in OpenEntityManagerInViewInterceptor
2025-09-06T12:06:54.684+02:00 DEBUG 84692 --- [demo10] [nio-8088-exec-9] o.s.web.servlet.DispatcherServlet        : Completed 200 OK
2025-09-06T12:06:54.692+02:00 DEBUG 84692 --- [demo10] [nio-8088-exec-7] o.s.web.servlet.DispatcherServlet        : GET "/api/thresholds/tower/47", parameters={}
2025-09-06T12:06:54.692+02:00 DEBUG 84692 --- [demo10] [nio-8088-exec-7] s.w.s.m.m.a.RequestMappingHandlerMapping : Mapped to com.example.demo.controller.ThresholdRuleController#getThresholdRulesByTowerId(Long)
2025-09-06T12:06:54.692+02:00 DEBUG 84692 --- [demo10] [nio-8088-exec-7] o.j.s.OpenEntityManagerInViewInterceptor : Opening JPA EntityManager in OpenEntityManagerInViewInterceptor
Hibernate: 
    /* <criteria> */ select
        tr1_0.rule_id,
        tr1_0.condition,
        tr1_0.created_at,
        tr1_0.description,
        tr1_0.enabled,
        tr1_0.metric,
        tr1_0.name,
        tr1_0.severity,
        tr1_0.tower_id,
        tr1_0.updated_at,
        tr1_0.value 
    from
        threshold_rules tr1_0 
    where
        tr1_0.tower_id=?
2025-09-06T12:06:54.694+02:00 DEBUG 84692 --- [demo10] [nio-8088-exec-7] o.s.w.s.m.m.a.HttpEntityMethodProcessor  : Using 'application/json', given [*/*] and supported [application/json, application/*+json]
2025-09-06T12:06:54.694+02:00 DEBUG 84692 --- [demo10] [nio-8088-exec-7] o.s.w.s.m.m.a.HttpEntityMethodProcessor  : Writing [[]]
2025-09-06T12:06:54.695+02:00 DEBUG 84692 --- [demo10] [nio-8088-exec-7] o.j.s.OpenEntityManagerInViewInterceptor : Closing JPA EntityManager in OpenEntityManagerInViewInterceptor
2025-09-06T12:06:54.695+02:00 DEBUG 84692 --- [demo10] [nio-8088-exec-7] o.s.web.servlet.DispatcherServlet        : Completed 200 OK
2025-09-06T12:06:54.743+02:00 DEBUG 84692 --- [demo10] [nio-8088-exec-1] o.s.web.servlet.DispatcherServlet        : GET "/api/telemetry/tower/47", parameters={}
2025-09-06T12:06:54.743+02:00 DEBUG 84692 --- [demo10] [nio-8088-exec-1] s.w.s.m.m.a.RequestMappingHandlerMapping : Mapped to com.example.demo.controller.TelemetryDataController#getTelemetryDataByTowerId(Long)
2025-09-06T12:06:54.744+02:00 DEBUG 84692 --- [demo10] [nio-8088-exec-1] o.j.s.OpenEntityManagerInViewInterceptor : Opening JPA EntityManager in OpenEntityManagerInViewInterceptor
Hibernate: 
    /* <criteria> */ select
        td1_0.telemetry_id,
        td1_0.air_quality,
        td1_0.ambient_temperature,
        td1_0.bandwidth,
        td1_0.battery,
        td1_0.cpu_utilization,
        td1_0.disk_space,
        td1_0.error_rate,
        td1_0.humidity,
        td1_0.interference,
        td1_0.jitter,
        td1_0.latency,
        td1_0.memory_usage,
        td1_0.network_load,
        td1_0.packet_loss,
        td1_0.precipitation,
        td1_0.pressure,
        td1_0.response_time,
        td1_0.signal_strength,
        td1_0.status,
        td1_0.temperature,
        td1_0.throughput,
        td1_0.timestamp,
        td1_0.tower_id,
        td1_0.uptime,
        td1_0.uv_index,
        td1_0.vibration,
        td1_0.voltage,
        td1_0.wind_direction,
        td1_0.wind_speed 
    from
        telemetry_data td1_0 
    where
        td1_0.tower_id=? 
    order by
        td1_0.timestamp desc
2025-09-06T12:06:54.745+02:00 DEBUG 84692 --- [demo10] [nio-8088-exec-8] o.s.web.servlet.DispatcherServlet        : GET "/api/telemetry/tower/47", parameters={}
2025-09-06T12:06:54.745+02:00 DEBUG 84692 --- [demo10] [nio-8088-exec-8] s.w.s.m.m.a.RequestMappingHandlerMapping : Mapped to com.example.demo.controller.TelemetryDataController#getTelemetryDataByTowerId(Long)
2025-09-06T12:06:54.745+02:00 DEBUG 84692 --- [demo10] [nio-8088-exec-8] o.j.s.OpenEntityManagerInViewInterceptor : Opening JPA EntityManager in OpenEntityManagerInViewInterceptor
2025-09-06T12:06:54.745+02:00 DEBUG 84692 --- [demo10] [nio-8088-exec-1] o.s.w.s.m.m.a.HttpEntityMethodProcessor  : Using 'application/json', given [*/*] and supported [application/json, application/*+json]
2025-09-06T12:06:54.745+02:00 DEBUG 84692 --- [demo10] [nio-8088-exec-1] o.s.w.s.m.m.a.HttpEntityMethodProcessor  : Writing [[]]
2025-09-06T12:06:54.746+02:00 DEBUG 84692 --- [demo10] [nio-8088-exec-1] o.j.s.OpenEntityManagerInViewInterceptor : Closing JPA EntityManager in OpenEntityManagerInViewInterceptor
2025-09-06T12:06:54.746+02:00 DEBUG 84692 --- [demo10] [nio-8088-exec-1] o.s.web.servlet.DispatcherServlet        : Completed 200 OK
Hibernate: 
    /* <criteria> */ select
        td1_0.telemetry_id,
        td1_0.air_quality,
        td1_0.ambient_temperature,
        td1_0.bandwidth,
        td1_0.battery,
        td1_0.cpu_utilization,
        td1_0.disk_space,
        td1_0.error_rate,
        td1_0.humidity,
        td1_0.interference,
        td1_0.jitter,
        td1_0.latency,
        td1_0.memory_usage,
        td1_0.network_load,
        td1_0.packet_loss,
        td1_0.precipitation,
        td1_0.pressure,
        td1_0.response_time,
        td1_0.signal_strength,
        td1_0.status,
        td1_0.temperature,
        td1_0.throughput,
        td1_0.timestamp,
        td1_0.tower_id,
        td1_0.uptime,
        td1_0.uv_index,
        td1_0.vibration,
        td1_0.voltage,
        td1_0.wind_direction,
        td1_0.wind_speed 
    from
        telemetry_data td1_0 
    where
        td1_0.tower_id=? 
    order by
        td1_0.timestamp desc
2025-09-06T12:06:54.746+02:00 DEBUG 84692 --- [demo10] [nio-8088-exec-8] o.s.w.s.m.m.a.HttpEntityMethodProcessor  : Using 'application/json', given [*/*] and supported [application/json, application/*+json]
2025-09-06T12:06:54.746+02:00 DEBUG 84692 --- [demo10] [nio-8088-exec-8] o.s.w.s.m.m.a.HttpEntityMethodProcessor  : Writing [[]]
2025-09-06T12:06:54.746+02:00 DEBUG 84692 --- [demo10] [nio-8088-exec-8] o.j.s.OpenEntityManagerInViewInterceptor : Closing JPA EntityManager in OpenEntityManagerInViewInterceptor
2025-09-06T12:06:54.746+02:00 DEBUG 84692 --- [demo10] [nio-8088-exec-8] o.s.web.servlet.DispatcherServlet        : Completed 200 OK
2025-09-06T12:07:03.763+02:00 DEBUG 84692 --- [demo10] [nio-8088-exec-2] o.s.web.servlet.DispatcherServlet        : GET "/api/towers/47", parameters={}
2025-09-06T12:07:03.763+02:00 DEBUG 84692 --- [demo10] [nio-8088-exec-2] s.w.s.m.m.a.RequestMappingHandlerMapping : Mapped to com.example.demo.controller.TowerController#getTowerById(Long)
2025-09-06T12:07:03.763+02:00 DEBUG 84692 --- [demo10] [nio-8088-exec-2] o.j.s.OpenEntityManagerInViewInterceptor : Opening JPA EntityManager in OpenEntityManagerInViewInterceptor
2025-09-06T12:07:03.764+02:00 DEBUG 84692 --- [demo10] [nio-8088-exec-2] o.s.orm.jpa.JpaTransactionManager        : Found thread-bound EntityManager [SessionImpl(981227177<open>)] for JPA transaction
2025-09-06T12:07:03.764+02:00 DEBUG 84692 --- [demo10] [nio-8088-exec-2] o.s.orm.jpa.JpaTransactionManager        : Creating new transaction with name [org.springframework.data.jpa.repository.support.SimpleJpaRepository.findById]: PROPAGATION_REQUIRED,ISOLATION_DEFAULT,readOnly
2025-09-06T12:07:03.764+02:00 DEBUG 84692 --- [demo10] [nio-8088-exec-2] o.s.jdbc.datasource.DataSourceUtils      : Setting JDBC Connection [HikariProxyConnection@856748079 wrapping org.postgresql.jdbc.PgConnection@62edcc71] read-only
2025-09-06T12:07:03.764+02:00 DEBUG 84692 --- [demo10] [nio-8088-exec-2] o.s.orm.jpa.JpaTransactionManager        : Exposing JPA transaction as JDBC [org.springframework.orm.jpa.vendor.HibernateJpaDialect$HibernateConnectionHandle@4b38460f]
Hibernate: 
    select
        t1_0.tower_id,
        t1_0.api_endpoint_url,
        t1_0.api_key,
        t1_0.battery,
        t1_0.city,
        t1_0.created_at,
        t1_0.last_maintenance,
        t1_0.latitude,
        t1_0.longitude,
        t1_0.model_3d_path,
        t1_0.name,
        t1_0.network_load,
        t1_0.region,
        t1_0.status,
        t1_0.temperature,
        t1_0.updated_at,
        t1_0.uptime,
        t1_0.use_case 
    from
        towers t1_0 
    where
        t1_0.tower_id=?
2025-09-06T12:07:03.765+02:00 DEBUG 84692 --- [demo10] [nio-8088-exec-2] o.s.orm.jpa.JpaTransactionManager        : Initiating transaction commit
2025-09-06T12:07:03.765+02:00 DEBUG 84692 --- [demo10] [nio-8088-exec-2] o.s.orm.jpa.JpaTransactionManager        : Committing JPA transaction on EntityManager [SessionImpl(981227177<open>)]
2025-09-06T12:07:03.765+02:00 DEBUG 84692 --- [demo10] [nio-8088-exec-2] o.s.jdbc.datasource.DataSourceUtils      : Resetting read-only flag of JDBC Connection [HikariProxyConnection@856748079 wrapping org.postgresql.jdbc.PgConnection@62edcc71]
2025-09-06T12:07:03.765+02:00 DEBUG 84692 --- [demo10] [nio-8088-exec-2] o.s.orm.jpa.JpaTransactionManager        : Not closing pre-bound JPA EntityManager after transaction
2025-09-06T12:07:03.765+02:00 DEBUG 84692 --- [demo10] [nio-8088-exec-2] o.s.w.s.m.m.a.HttpEntityMethodProcessor  : Using 'application/json', given [*/*] and supported [application/json, application/*+json]
2025-09-06T12:07:03.765+02:00 DEBUG 84692 --- [demo10] [nio-8088-exec-2] o.s.w.s.m.m.a.HttpEntityMethodProcessor  : Writing [TowerDTO(id=47, name=TESTTTT, status=online, latitude=11.222, longitude=11.332974, city=213, battery (truncated)...]
2025-09-06T12:07:03.766+02:00 DEBUG 84692 --- [demo10] [nio-8088-exec-2] o.j.s.OpenEntityManagerInViewInterceptor : Closing JPA EntityManager in OpenEntityManagerInViewInterceptor
2025-09-06T12:07:03.766+02:00 DEBUG 84692 --- [demo10] [nio-8088-exec-2] o.s.web.servlet.DispatcherServlet        : Completed 200 OK
2025-09-06T12:07:03.808+02:00 DEBUG 84692 --- [demo10] [io-8088-exec-10] o.s.web.servlet.DispatcherServlet        : GET "/api/hardware/tower/47", parameters={}
2025-09-06T12:07:03.809+02:00 DEBUG 84692 --- [demo10] [io-8088-exec-10] s.w.s.m.m.a.RequestMappingHandlerMapping : Mapped to com.example.demo.controller.HardwareController#getHardwareByTowerId(Long)
2025-09-06T12:07:03.810+02:00 DEBUG 84692 --- [demo10] [io-8088-exec-10] o.j.s.OpenEntityManagerInViewInterceptor : Opening JPA EntityManager in OpenEntityManagerInViewInterceptor
Hibernate: 
    /* <criteria> */ select
        h1_0.hardware_id,
        h1_0.created_at,
        h1_0.install_date,
        h1_0.model,
        h1_0.name,
        h1_0.serial_number,
        h1_0.specifications,
        h1_0.status,
        h1_0.tower_id,
        h1_0.type,
        h1_0.updated_at,
        h1_0.vendor,
        h1_0.warranty_expiry 
    from
        hardware h1_0 
    left join
        towers t1_0 
            on t1_0.tower_id=h1_0.tower_id 
    where
        t1_0.tower_id=?
2025-09-06T12:07:03.812+02:00 DEBUG 84692 --- [demo10] [io-8088-exec-10] o.s.w.s.m.m.a.HttpEntityMethodProcessor  : Using 'application/json', given [*/*] and supported [application/json, application/*+json]
2025-09-06T12:07:03.812+02:00 DEBUG 84692 --- [demo10] [io-8088-exec-10] o.s.w.s.m.m.a.HttpEntityMethodProcessor  : Writing [[]]
2025-09-06T12:07:03.812+02:00 DEBUG 84692 --- [demo10] [io-8088-exec-10] o.j.s.OpenEntityManagerInViewInterceptor : Closing JPA EntityManager in OpenEntityManagerInViewInterceptor
2025-09-06T12:07:03.812+02:00 DEBUG 84692 --- [demo10] [io-8088-exec-10] o.s.web.servlet.DispatcherServlet        : Completed 200 OK
2025-09-06T12:07:03.887+02:00 DEBUG 84692 --- [demo10] [nio-8088-exec-3] o.s.web.servlet.DispatcherServlet        : GET "/api/thresholds/tower/47", parameters={}
2025-09-06T12:07:03.887+02:00 DEBUG 84692 --- [demo10] [nio-8088-exec-3] s.w.s.m.m.a.RequestMappingHandlerMapping : Mapped to com.example.demo.controller.ThresholdRuleController#getThresholdRulesByTowerId(Long)
2025-09-06T12:07:03.887+02:00 DEBUG 84692 --- [demo10] [nio-8088-exec-3] o.j.s.OpenEntityManagerInViewInterceptor : Opening JPA EntityManager in OpenEntityManagerInViewInterceptor
Hibernate: 
    /* <criteria> */ select
        tr1_0.rule_id,
        tr1_0.condition,
        tr1_0.created_at,
        tr1_0.description,
        tr1_0.enabled,
        tr1_0.metric,
        tr1_0.name,
        tr1_0.severity,
        tr1_0.tower_id,
        tr1_0.updated_at,
        tr1_0.value 
    from
        threshold_rules tr1_0 
    where
        tr1_0.tower_id=?
2025-09-06T12:07:03.890+02:00 DEBUG 84692 --- [demo10] [nio-8088-exec-3] o.s.w.s.m.m.a.HttpEntityMethodProcessor  : Using 'application/json', given [*/*] and supported [application/json, application/*+json]
2025-09-06T12:07:03.890+02:00 DEBUG 84692 --- [demo10] [nio-8088-exec-3] o.s.w.s.m.m.a.HttpEntityMethodProcessor  : Writing [[]]
2025-09-06T12:07:03.891+02:00 DEBUG 84692 --- [demo10] [nio-8088-exec-3] o.j.s.OpenEntityManagerInViewInterceptor : Closing JPA EntityManager in OpenEntityManagerInViewInterceptor
2025-09-06T12:07:03.891+02:00 DEBUG 84692 --- [demo10] [nio-8088-exec-3] o.s.web.servlet.DispatcherServlet        : Completed 200 OK
2025-09-06T12:07:03.904+02:00 DEBUG 84692 --- [demo10] [nio-8088-exec-4] o.s.web.servlet.DispatcherServlet        : GET "/api/telemetry/tower/47", parameters={}
2025-09-06T12:07:03.905+02:00 DEBUG 84692 --- [demo10] [nio-8088-exec-4] s.w.s.m.m.a.RequestMappingHandlerMapping : Mapped to com.example.demo.controller.TelemetryDataController#getTelemetryDataByTowerId(Long)
2025-09-06T12:07:03.905+02:00 DEBUG 84692 --- [demo10] [nio-8088-exec-4] o.j.s.OpenEntityManagerInViewInterceptor : Opening JPA EntityManager in OpenEntityManagerInViewInterceptor
Hibernate: 
    /* <criteria> */ select
        td1_0.telemetry_id,
        td1_0.air_quality,
        td1_0.ambient_temperature,
        td1_0.bandwidth,
        td1_0.battery,
        td1_0.cpu_utilization,
        td1_0.disk_space,
        td1_0.error_rate,
        td1_0.humidity,
        td1_0.interference,
        td1_0.jitter,
        td1_0.latency,
        td1_0.memory_usage,
        td1_0.network_load,
        td1_0.packet_loss,
        td1_0.precipitation,
        td1_0.pressure,
        td1_0.response_time,
        td1_0.signal_strength,
        td1_0.status,
        td1_0.temperature,
        td1_0.throughput,
        td1_0.timestamp,
        td1_0.tower_id,
        td1_0.uptime,
        td1_0.uv_index,
        td1_0.vibration,
        td1_0.voltage,
        td1_0.wind_direction,
        td1_0.wind_speed 
    from
        telemetry_data td1_0 
    where
        td1_0.tower_id=? 
    order by
        td1_0.timestamp desc
2025-09-06T12:07:03.908+02:00 DEBUG 84692 --- [demo10] [nio-8088-exec-4] o.s.w.s.m.m.a.HttpEntityMethodProcessor  : Using 'application/json', given [*/*] and supported [application/json, application/*+json]
2025-09-06T12:07:03.908+02:00 DEBUG 84692 --- [demo10] [nio-8088-exec-4] o.s.w.s.m.m.a.HttpEntityMethodProcessor  : Writing [[]]
2025-09-06T12:07:03.908+02:00 DEBUG 84692 --- [demo10] [nio-8088-exec-4] o.j.s.OpenEntityManagerInViewInterceptor : Closing JPA EntityManager in OpenEntityManagerInViewInterceptor
2025-09-06T12:07:03.908+02:00 DEBUG 84692 --- [demo10] [nio-8088-exec-4] o.s.web.servlet.DispatcherServlet        : Completed 200 OK
2025-09-06T12:07:17.973+02:00 DEBUG 84692 --- [demo10] [nio-8088-exec-5] o.s.web.servlet.DispatcherServlet        : GET "/api/towers/47", parameters={}
2025-09-06T12:07:17.973+02:00 DEBUG 84692 --- [demo10] [nio-8088-exec-5] s.w.s.m.m.a.RequestMappingHandlerMapping : Mapped to com.example.demo.controller.TowerController#getTowerById(Long)
2025-09-06T12:07:17.974+02:00 DEBUG 84692 --- [demo10] [nio-8088-exec-5] o.j.s.OpenEntityManagerInViewInterceptor : Opening JPA EntityManager in OpenEntityManagerInViewInterceptor
2025-09-06T12:07:17.975+02:00 DEBUG 84692 --- [demo10] [nio-8088-exec-5] o.s.orm.jpa.JpaTransactionManager        : Found thread-bound EntityManager [SessionImpl(1381523513<open>)] for JPA transaction
2025-09-06T12:07:17.975+02:00 DEBUG 84692 --- [demo10] [nio-8088-exec-5] o.s.orm.jpa.JpaTransactionManager        : Creating new transaction with name [org.springframework.data.jpa.repository.support.SimpleJpaRepository.findById]: PROPAGATION_REQUIRED,ISOLATION_DEFAULT,readOnly
2025-09-06T12:07:17.975+02:00 DEBUG 84692 --- [demo10] [nio-8088-exec-5] o.s.jdbc.datasource.DataSourceUtils      : Setting JDBC Connection [HikariProxyConnection@2125704503 wrapping org.postgresql.jdbc.PgConnection@62edcc71] read-only
2025-09-06T12:07:17.975+02:00 DEBUG 84692 --- [demo10] [nio-8088-exec-5] o.s.orm.jpa.JpaTransactionManager        : Exposing JPA transaction as JDBC [org.springframework.orm.jpa.vendor.HibernateJpaDialect$HibernateConnectionHandle@7982853d]
Hibernate: 
    select
        t1_0.tower_id,
        t1_0.api_endpoint_url,
        t1_0.api_key,
        t1_0.battery,
        t1_0.city,
        t1_0.created_at,
        t1_0.last_maintenance,
        t1_0.latitude,
        t1_0.longitude,
        t1_0.model_3d_path,
        t1_0.name,
        t1_0.network_load,
        t1_0.region,
        t1_0.status,
        t1_0.temperature,
        t1_0.updated_at,
        t1_0.uptime,
        t1_0.use_case 
    from
        towers t1_0 
    where
        t1_0.tower_id=?
2025-09-06T12:07:17.976+02:00 DEBUG 84692 --- [demo10] [nio-8088-exec-6] o.s.web.servlet.DispatcherServlet        : GET "/api/towers/47", parameters={}
2025-09-06T12:07:17.976+02:00 DEBUG 84692 --- [demo10] [nio-8088-exec-6] s.w.s.m.m.a.RequestMappingHandlerMapping : Mapped to com.example.demo.controller.TowerController#getTowerById(Long)
2025-09-06T12:07:17.976+02:00 DEBUG 84692 --- [demo10] [nio-8088-exec-6] o.j.s.OpenEntityManagerInViewInterceptor : Opening JPA EntityManager in OpenEntityManagerInViewInterceptor
2025-09-06T12:07:17.977+02:00 DEBUG 84692 --- [demo10] [nio-8088-exec-5] o.s.orm.jpa.JpaTransactionManager        : Initiating transaction commit
2025-09-06T12:07:17.977+02:00 DEBUG 84692 --- [demo10] [nio-8088-exec-5] o.s.orm.jpa.JpaTransactionManager        : Committing JPA transaction on EntityManager [SessionImpl(1381523513<open>)]
2025-09-06T12:07:17.977+02:00 DEBUG 84692 --- [demo10] [nio-8088-exec-6] o.s.orm.jpa.JpaTransactionManager        : Found thread-bound EntityManager [SessionImpl(1725892856<open>)] for JPA transaction
2025-09-06T12:07:17.977+02:00 DEBUG 84692 --- [demo10] [nio-8088-exec-6] o.s.orm.jpa.JpaTransactionManager        : Creating new transaction with name [org.springframework.data.jpa.repository.support.SimpleJpaRepository.findById]: PROPAGATION_REQUIRED,ISOLATION_DEFAULT,readOnly
2025-09-06T12:07:17.977+02:00 DEBUG 84692 --- [demo10] [nio-8088-exec-5] o.s.jdbc.datasource.DataSourceUtils      : Resetting read-only flag of JDBC Connection [HikariProxyConnection@2125704503 wrapping org.postgresql.jdbc.PgConnection@62edcc71]
2025-09-06T12:07:17.977+02:00 DEBUG 84692 --- [demo10] [nio-8088-exec-5] o.s.orm.jpa.JpaTransactionManager        : Not closing pre-bound JPA EntityManager after transaction
2025-09-06T12:07:17.977+02:00 DEBUG 84692 --- [demo10] [nio-8088-exec-6] o.s.jdbc.datasource.DataSourceUtils      : Setting JDBC Connection [HikariProxyConnection@252935699 wrapping org.postgresql.jdbc.PgConnection@6c41311d] read-only
2025-09-06T12:07:17.977+02:00 DEBUG 84692 --- [demo10] [nio-8088-exec-6] o.s.orm.jpa.JpaTransactionManager        : Exposing JPA transaction as JDBC [org.springframework.orm.jpa.vendor.HibernateJpaDialect$HibernateConnectionHandle@29125bf4]
2025-09-06T12:07:17.977+02:00 DEBUG 84692 --- [demo10] [nio-8088-exec-5] o.s.w.s.m.m.a.HttpEntityMethodProcessor  : Using 'application/json', given [*/*] and supported [application/json, application/*+json]
Hibernate: 
    select
        t1_0.tower_id,
        t1_0.api_endpoint_url,
        t1_0.api_key,
        t1_0.battery,
        t1_0.city,
        t1_0.created_at,
        t1_0.last_maintenance,
        t1_0.latitude,
        t1_0.longitude,
        t1_0.model_3d_path,
        t1_0.name,
        t1_0.network_load,
        t1_0.region,
        t1_0.status,
        t1_0.temperature,
        t1_0.updated_at,
        t1_0.uptime,
        t1_0.use_case 
    from
        towers t1_0 
    where
        t1_0.tower_id=?
2025-09-06T12:07:17.977+02:00 DEBUG 84692 --- [demo10] [nio-8088-exec-5] o.s.w.s.m.m.a.HttpEntityMethodProcessor  : Writing [TowerDTO(id=47, name=TESTTTT, status=online, latitude=11.222, longitude=11.332974, city=213, battery (truncated)...]
2025-09-06T12:07:17.978+02:00 DEBUG 84692 --- [demo10] [nio-8088-exec-5] o.j.s.OpenEntityManagerInViewInterceptor : Closing JPA EntityManager in OpenEntityManagerInViewInterceptor
2025-09-06T12:07:17.978+02:00 DEBUG 84692 --- [demo10] [nio-8088-exec-5] o.s.web.servlet.DispatcherServlet        : Completed 200 OK
2025-09-06T12:07:17.979+02:00 DEBUG 84692 --- [demo10] [nio-8088-exec-6] o.s.orm.jpa.JpaTransactionManager        : Initiating transaction commit
2025-09-06T12:07:17.979+02:00 DEBUG 84692 --- [demo10] [nio-8088-exec-6] o.s.orm.jpa.JpaTransactionManager        : Committing JPA transaction on EntityManager [SessionImpl(1725892856<open>)]
2025-09-06T12:07:17.979+02:00 DEBUG 84692 --- [demo10] [nio-8088-exec-6] o.s.jdbc.datasource.DataSourceUtils      : Resetting read-only flag of JDBC Connection [HikariProxyConnection@252935699 wrapping org.postgresql.jdbc.PgConnection@6c41311d]
2025-09-06T12:07:17.979+02:00 DEBUG 84692 --- [demo10] [nio-8088-exec-6] o.s.orm.jpa.JpaTransactionManager        : Not closing pre-bound JPA EntityManager after transaction
2025-09-06T12:07:17.979+02:00 DEBUG 84692 --- [demo10] [nio-8088-exec-6] o.s.w.s.m.m.a.HttpEntityMethodProcessor  : Using 'application/json', given [*/*] and supported [application/json, application/*+json]
2025-09-06T12:07:17.979+02:00 DEBUG 84692 --- [demo10] [nio-8088-exec-6] o.s.w.s.m.m.a.HttpEntityMethodProcessor  : Writing [TowerDTO(id=47, name=TESTTTT, status=online, latitude=11.222, longitude=11.332974, city=213, battery (truncated)...]
2025-09-06T12:07:17.980+02:00 DEBUG 84692 --- [demo10] [nio-8088-exec-6] o.j.s.OpenEntityManagerInViewInterceptor : Closing JPA EntityManager in OpenEntityManagerInViewInterceptor
2025-09-06T12:07:17.980+02:00 DEBUG 84692 --- [demo10] [nio-8088-exec-6] o.s.web.servlet.DispatcherServlet        : Completed 200 OK
2025-09-06T12:07:17.988+02:00 DEBUG 84692 --- [demo10] [nio-8088-exec-9] o.s.web.servlet.DispatcherServlet        : GET "/api/hardware/tower/47", parameters={}
2025-09-06T12:07:17.988+02:00 DEBUG 84692 --- [demo10] [nio-8088-exec-9] s.w.s.m.m.a.RequestMappingHandlerMapping : Mapped to com.example.demo.controller.HardwareController#getHardwareByTowerId(Long)
2025-09-06T12:07:17.988+02:00 DEBUG 84692 --- [demo10] [nio-8088-exec-9] o.j.s.OpenEntityManagerInViewInterceptor : Opening JPA EntityManager in OpenEntityManagerInViewInterceptor
2025-09-06T12:07:17.988+02:00 DEBUG 84692 --- [demo10] [nio-8088-exec-7] o.s.web.servlet.DispatcherServlet        : GET "/api/hardware/tower/47", parameters={}
2025-09-06T12:07:17.988+02:00 DEBUG 84692 --- [demo10] [nio-8088-exec-7] s.w.s.m.m.a.RequestMappingHandlerMapping : Mapped to com.example.demo.controller.HardwareController#getHardwareByTowerId(Long)
2025-09-06T12:07:17.989+02:00 DEBUG 84692 --- [demo10] [nio-8088-exec-7] o.j.s.OpenEntityManagerInViewInterceptor : Opening JPA EntityManager in OpenEntityManagerInViewInterceptor
Hibernate: 
    /* <criteria> */ select
        h1_0.hardware_id,
        h1_0.created_at,
        h1_0.install_date,
        h1_0.model,
        h1_0.name,
        h1_0.serial_number,
        h1_0.specifications,
        h1_0.status,
        h1_0.tower_id,
        h1_0.type,
        h1_0.updated_at,
        h1_0.vendor,
        h1_0.warranty_expiry 
    from
        hardware h1_0 
    left join
        towers t1_0 
            on t1_0.tower_id=h1_0.tower_id 
    where
        t1_0.tower_id=?
Hibernate: 
    /* <criteria> */ select
        h1_0.hardware_id,
        h1_0.created_at,
        h1_0.install_date,
        h1_0.model,
        h1_0.name,
        h1_0.serial_number,
        h1_0.specifications,
        h1_0.status,
        h1_0.tower_id,
        h1_0.type,
        h1_0.updated_at,
        h1_0.vendor,
        h1_0.warranty_expiry 
    from
        hardware h1_0 
    left join
        towers t1_0 
            on t1_0.tower_id=h1_0.tower_id 
    where
        t1_0.tower_id=?
2025-09-06T12:07:17.990+02:00 DEBUG 84692 --- [demo10] [nio-8088-exec-7] o.s.w.s.m.m.a.HttpEntityMethodProcessor  : Using 'application/json', given [*/*] and supported [application/json, application/*+json]
2025-09-06T12:07:17.990+02:00 DEBUG 84692 --- [demo10] [nio-8088-exec-7] o.s.w.s.m.m.a.HttpEntityMethodProcessor  : Writing [[]]
2025-09-06T12:07:17.990+02:00 DEBUG 84692 --- [demo10] [nio-8088-exec-9] o.s.w.s.m.m.a.HttpEntityMethodProcessor  : Using 'application/json', given [*/*] and supported [application/json, application/*+json]
2025-09-06T12:07:17.990+02:00 DEBUG 84692 --- [demo10] [nio-8088-exec-9] o.s.w.s.m.m.a.HttpEntityMethodProcessor  : Writing [[]]
2025-09-06T12:07:17.990+02:00 DEBUG 84692 --- [demo10] [nio-8088-exec-7] o.j.s.OpenEntityManagerInViewInterceptor : Closing JPA EntityManager in OpenEntityManagerInViewInterceptor
2025-09-06T12:07:17.990+02:00 DEBUG 84692 --- [demo10] [nio-8088-exec-9] o.j.s.OpenEntityManagerInViewInterceptor : Closing JPA EntityManager in OpenEntityManagerInViewInterceptor
2025-09-06T12:07:17.990+02:00 DEBUG 84692 --- [demo10] [nio-8088-exec-7] o.s.web.servlet.DispatcherServlet        : Completed 200 OK
2025-09-06T12:07:17.990+02:00 DEBUG 84692 --- [demo10] [nio-8088-exec-9] o.s.web.servlet.DispatcherServlet        : Completed 200 OK
2025-09-06T12:07:17.999+02:00 DEBUG 84692 --- [demo10] [nio-8088-exec-1] o.s.web.servlet.DispatcherServlet        : GET "/api/thresholds/tower/47", parameters={}
2025-09-06T12:07:18.000+02:00 DEBUG 84692 --- [demo10] [nio-8088-exec-1] s.w.s.m.m.a.RequestMappingHandlerMapping : Mapped to com.example.demo.controller.ThresholdRuleController#getThresholdRulesByTowerId(Long)
2025-09-06T12:07:18.000+02:00 DEBUG 84692 --- [demo10] [nio-8088-exec-8] o.s.web.servlet.DispatcherServlet        : GET "/api/thresholds/tower/47", parameters={}
2025-09-06T12:07:18.000+02:00 DEBUG 84692 --- [demo10] [nio-8088-exec-8] s.w.s.m.m.a.RequestMappingHandlerMapping : Mapped to com.example.demo.controller.ThresholdRuleController#getThresholdRulesByTowerId(Long)
2025-09-06T12:07:18.000+02:00 DEBUG 84692 --- [demo10] [nio-8088-exec-8] o.j.s.OpenEntityManagerInViewInterceptor : Opening JPA EntityManager in OpenEntityManagerInViewInterceptor
2025-09-06T12:07:18.000+02:00 DEBUG 84692 --- [demo10] [nio-8088-exec-1] o.j.s.OpenEntityManagerInViewInterceptor : Opening JPA EntityManager in OpenEntityManagerInViewInterceptor
Hibernate: 
    /* <criteria> */ select
        tr1_0.rule_id,
        tr1_0.condition,
        tr1_0.created_at,
        tr1_0.description,
        tr1_0.enabled,
        tr1_0.metric,
        tr1_0.name,
        tr1_0.severity,
        tr1_0.tower_id,
        tr1_0.updated_at,
        tr1_0.value 
    from
        threshold_rules tr1_0 
    where
        tr1_0.tower_id=?
Hibernate: 
    /* <criteria> */ select
        tr1_0.rule_id,
        tr1_0.condition,
        tr1_0.created_at,
        tr1_0.description,
        tr1_0.enabled,
        tr1_0.metric,
        tr1_0.name,
        tr1_0.severity,
        tr1_0.tower_id,
        tr1_0.updated_at,
        tr1_0.value 
    from
        threshold_rules tr1_0 
    where
        tr1_0.tower_id=?
2025-09-06T12:07:18.002+02:00 DEBUG 84692 --- [demo10] [nio-8088-exec-1] o.s.w.s.m.m.a.HttpEntityMethodProcessor  : Using 'application/json', given [*/*] and supported [application/json, application/*+json]
2025-09-06T12:07:18.002+02:00 DEBUG 84692 --- [demo10] [nio-8088-exec-8] o.s.w.s.m.m.a.HttpEntityMethodProcessor  : Using 'application/json', given [*/*] and supported [application/json, application/*+json]
2025-09-06T12:07:18.002+02:00 DEBUG 84692 --- [demo10] [nio-8088-exec-8] o.s.w.s.m.m.a.HttpEntityMethodProcessor  : Writing [[]]
2025-09-06T12:07:18.002+02:00 DEBUG 84692 --- [demo10] [nio-8088-exec-1] o.s.w.s.m.m.a.HttpEntityMethodProcessor  : Writing [[]]
2025-09-06T12:07:18.002+02:00 DEBUG 84692 --- [demo10] [nio-8088-exec-8] o.j.s.OpenEntityManagerInViewInterceptor : Closing JPA EntityManager in OpenEntityManagerInViewInterceptor
2025-09-06T12:07:18.002+02:00 DEBUG 84692 --- [demo10] [nio-8088-exec-1] o.j.s.OpenEntityManagerInViewInterceptor : Closing JPA EntityManager in OpenEntityManagerInViewInterceptor
2025-09-06T12:07:18.003+02:00 DEBUG 84692 --- [demo10] [nio-8088-exec-8] o.s.web.servlet.DispatcherServlet        : Completed 200 OK
2025-09-06T12:07:18.003+02:00 DEBUG 84692 --- [demo10] [nio-8088-exec-1] o.s.web.servlet.DispatcherServlet        : Completed 200 OK
2025-09-06T12:07:18.006+02:00 DEBUG 84692 --- [demo10] [nio-8088-exec-2] o.s.web.servlet.DispatcherServlet        : GET "/api/telemetry/tower/47", parameters={}
2025-09-06T12:07:18.007+02:00 DEBUG 84692 --- [demo10] [nio-8088-exec-2] s.w.s.m.m.a.RequestMappingHandlerMapping : Mapped to com.example.demo.controller.TelemetryDataController#getTelemetryDataByTowerId(Long)
2025-09-06T12:07:18.007+02:00 DEBUG 84692 --- [demo10] [nio-8088-exec-2] o.j.s.OpenEntityManagerInViewInterceptor : Opening JPA EntityManager in OpenEntityManagerInViewInterceptor
2025-09-06T12:07:18.007+02:00 DEBUG 84692 --- [demo10] [io-8088-exec-10] o.s.web.servlet.DispatcherServlet        : GET "/api/telemetry/tower/47", parameters={}
2025-09-06T12:07:18.007+02:00 DEBUG 84692 --- [demo10] [io-8088-exec-10] s.w.s.m.m.a.RequestMappingHandlerMapping : Mapped to com.example.demo.controller.TelemetryDataController#getTelemetryDataByTowerId(Long)
2025-09-06T12:07:18.007+02:00 DEBUG 84692 --- [demo10] [io-8088-exec-10] o.j.s.OpenEntityManagerInViewInterceptor : Opening JPA EntityManager in OpenEntityManagerInViewInterceptor
Hibernate: 
    /* <criteria> */ select
        td1_0.telemetry_id,
        td1_0.air_quality,
        td1_0.ambient_temperature,
        td1_0.bandwidth,
        td1_0.battery,
        td1_0.cpu_utilization,
        td1_0.disk_space,
        td1_0.error_rate,
        td1_0.humidity,
        td1_0.interference,
        td1_0.jitter,
        td1_0.latency,
        td1_0.memory_usage,
        td1_0.network_load,
        td1_0.packet_loss,
        td1_0.precipitation,
        td1_0.pressure,
        td1_0.response_time,
        td1_0.signal_strength,
        td1_0.status,
        td1_0.temperature,
        td1_0.throughput,
        td1_0.timestamp,
        td1_0.tower_id,
        td1_0.uptime,
        td1_0.uv_index,
        td1_0.vibration,
        td1_0.voltage,
        td1_0.wind_direction,
        td1_0.wind_speed 
    from
        telemetry_data td1_0 
    where
        td1_0.tower_id=? 
    order by
        td1_0.timestamp desc
Hibernate: 
    /* <criteria> */ select
        td1_0.telemetry_id,
        td1_0.air_quality,
        td1_0.ambient_temperature,
        td1_0.bandwidth,
        td1_0.battery,
        td1_0.cpu_utilization,
        td1_0.disk_space,
        td1_0.error_rate,
        td1_0.humidity,
        td1_0.interference,
        td1_0.jitter,
        td1_0.latency,
        td1_0.memory_usage,
        td1_0.network_load,
        td1_0.packet_loss,
        td1_0.precipitation,
        td1_0.pressure,
        td1_0.response_time,
        td1_0.signal_strength,
        td1_0.status,
        td1_0.temperature,
        td1_0.throughput,
        td1_0.timestamp,
        td1_0.tower_id,
        td1_0.uptime,
        td1_0.uv_index,
        td1_0.vibration,
        td1_0.voltage,
        td1_0.wind_direction,
        td1_0.wind_speed 
    from
        telemetry_data td1_0 
    where
        td1_0.tower_id=? 
    order by
        td1_0.timestamp desc
2025-09-06T12:07:18.009+02:00 DEBUG 84692 --- [demo10] [io-8088-exec-10] o.s.w.s.m.m.a.HttpEntityMethodProcessor  : Using 'application/json', given [*/*] and supported [application/json, application/*+json]
2025-09-06T12:07:18.009+02:00 DEBUG 84692 --- [demo10] [io-8088-exec-10] o.s.w.s.m.m.a.HttpEntityMethodProcessor  : Writing [[]]
2025-09-06T12:07:18.009+02:00 DEBUG 84692 --- [demo10] [io-8088-exec-10] o.j.s.OpenEntityManagerInViewInterceptor : Closing JPA EntityManager in OpenEntityManagerInViewInterceptor
2025-09-06T12:07:18.009+02:00 DEBUG 84692 --- [demo10] [io-8088-exec-10] o.s.web.servlet.DispatcherServlet        : Completed 200 OK
2025-09-06T12:07:18.009+02:00 DEBUG 84692 --- [demo10] [nio-8088-exec-2] o.s.w.s.m.m.a.HttpEntityMethodProcessor  : Using 'application/json', given [*/*] and supported [application/json, application/*+json]
2025-09-06T12:07:18.009+02:00 DEBUG 84692 --- [demo10] [nio-8088-exec-2] o.s.w.s.m.m.a.HttpEntityMethodProcessor  : Writing [[]]
2025-09-06T12:07:18.010+02:00 DEBUG 84692 --- [demo10] [nio-8088-exec-2] o.j.s.OpenEntityManagerInViewInterceptor : Closing JPA EntityManager in OpenEntityManagerInViewInterceptor
2025-09-06T12:07:18.010+02:00 DEBUG 84692 --- [demo10] [nio-8088-exec-2] o.s.web.servlet.DispatcherServlet        : Completed 200 OK
2025-09-06T12:09:44.743+02:00 DEBUG 84692 --- [demo10] [nio-8088-exec-5] o.s.web.servlet.DispatcherServlet        : GET "/api/towers/47", parameters={}
2025-09-06T12:09:44.744+02:00 DEBUG 84692 --- [demo10] [nio-8088-exec-6] o.s.web.servlet.DispatcherServlet        : GET "/api/towers/47", parameters={}
2025-09-06T12:09:44.744+02:00 DEBUG 84692 --- [demo10] [nio-8088-exec-6] s.w.s.m.m.a.RequestMappingHandlerMapping : Mapped to com.example.demo.controller.TowerController#getTowerById(Long)
2025-09-06T12:09:44.744+02:00 DEBUG 84692 --- [demo10] [nio-8088-exec-5] s.w.s.m.m.a.RequestMappingHandlerMapping : Mapped to com.example.demo.controller.TowerController#getTowerById(Long)
2025-09-06T12:09:44.745+02:00 DEBUG 84692 --- [demo10] [nio-8088-exec-6] o.j.s.OpenEntityManagerInViewInterceptor : Opening JPA EntityManager in OpenEntityManagerInViewInterceptor
2025-09-06T12:09:44.745+02:00 DEBUG 84692 --- [demo10] [nio-8088-exec-5] o.j.s.OpenEntityManagerInViewInterceptor : Opening JPA EntityManager in OpenEntityManagerInViewInterceptor
2025-09-06T12:09:44.748+02:00 DEBUG 84692 --- [demo10] [nio-8088-exec-6] o.s.orm.jpa.JpaTransactionManager        : Found thread-bound EntityManager [SessionImpl(1052368038<open>)] for JPA transaction
2025-09-06T12:09:44.748+02:00 DEBUG 84692 --- [demo10] [nio-8088-exec-5] o.s.orm.jpa.JpaTransactionManager        : Found thread-bound EntityManager [SessionImpl(1615607732<open>)] for JPA transaction
2025-09-06T12:09:44.748+02:00 DEBUG 84692 --- [demo10] [nio-8088-exec-6] o.s.orm.jpa.JpaTransactionManager        : Creating new transaction with name [org.springframework.data.jpa.repository.support.SimpleJpaRepository.findById]: PROPAGATION_REQUIRED,ISOLATION_DEFAULT,readOnly
2025-09-06T12:09:44.748+02:00 DEBUG 84692 --- [demo10] [nio-8088-exec-5] o.s.orm.jpa.JpaTransactionManager        : Creating new transaction with name [org.springframework.data.jpa.repository.support.SimpleJpaRepository.findById]: PROPAGATION_REQUIRED,ISOLATION_DEFAULT,readOnly
2025-09-06T12:09:44.751+02:00 DEBUG 84692 --- [demo10] [nio-8088-exec-5] o.s.jdbc.datasource.DataSourceUtils      : Setting JDBC Connection [HikariProxyConnection@2058861586 wrapping org.postgresql.jdbc.PgConnection@9167a1c] read-only
2025-09-06T12:09:44.751+02:00 DEBUG 84692 --- [demo10] [nio-8088-exec-6] o.s.jdbc.datasource.DataSourceUtils      : Setting JDBC Connection [HikariProxyConnection@1716748619 wrapping org.postgresql.jdbc.PgConnection@6c41311d] read-only
2025-09-06T12:09:44.751+02:00 DEBUG 84692 --- [demo10] [nio-8088-exec-5] o.s.orm.jpa.JpaTransactionManager        : Exposing JPA transaction as JDBC [org.springframework.orm.jpa.vendor.HibernateJpaDialect$HibernateConnectionHandle@77a706c2]
2025-09-06T12:09:44.751+02:00 DEBUG 84692 --- [demo10] [nio-8088-exec-6] o.s.orm.jpa.JpaTransactionManager        : Exposing JPA transaction as JDBC [org.springframework.orm.jpa.vendor.HibernateJpaDialect$HibernateConnectionHandle@3808704]
Hibernate: 
    select
        t1_0.tower_id,
        t1_0.api_endpoint_url,
        t1_0.api_key,
        t1_0.battery,
        t1_0.city,
        t1_0.created_at,
        t1_0.last_maintenance,
        t1_0.latitude,
        t1_0.longitude,
        t1_0.model_3d_path,
        t1_0.name,
        t1_0.network_load,
        t1_0.region,
        t1_0.status,
        t1_0.temperature,
        t1_0.updated_at,
        t1_0.uptime,
        t1_0.use_case 
    from
        towers t1_0 
    where
        t1_0.tower_id=?
Hibernate: 
    select
        t1_0.tower_id,
        t1_0.api_endpoint_url,
        t1_0.api_key,
        t1_0.battery,
        t1_0.city,
        t1_0.created_at,
        t1_0.last_maintenance,
        t1_0.latitude,
        t1_0.longitude,
        t1_0.model_3d_path,
        t1_0.name,
        t1_0.network_load,
        t1_0.region,
        t1_0.status,
        t1_0.temperature,
        t1_0.updated_at,
        t1_0.uptime,
        t1_0.use_case 
    from
        towers t1_0 
    where
        t1_0.tower_id=?
2025-09-06T12:09:44.759+02:00 DEBUG 84692 --- [demo10] [nio-8088-exec-6] o.s.orm.jpa.JpaTransactionManager        : Initiating transaction commit
2025-09-06T12:09:44.759+02:00 DEBUG 84692 --- [demo10] [nio-8088-exec-5] o.s.orm.jpa.JpaTransactionManager        : Initiating transaction commit
2025-09-06T12:09:44.759+02:00 DEBUG 84692 --- [demo10] [nio-8088-exec-6] o.s.orm.jpa.JpaTransactionManager        : Committing JPA transaction on EntityManager [SessionImpl(1052368038<open>)]
2025-09-06T12:09:44.759+02:00 DEBUG 84692 --- [demo10] [nio-8088-exec-5] o.s.orm.jpa.JpaTransactionManager        : Committing JPA transaction on EntityManager [SessionImpl(1615607732<open>)]
2025-09-06T12:09:44.759+02:00 DEBUG 84692 --- [demo10] [nio-8088-exec-5] o.s.jdbc.datasource.DataSourceUtils      : Resetting read-only flag of JDBC Connection [HikariProxyConnection@2058861586 wrapping org.postgresql.jdbc.PgConnection@9167a1c]
2025-09-06T12:09:44.759+02:00 DEBUG 84692 --- [demo10] [nio-8088-exec-6] o.s.jdbc.datasource.DataSourceUtils      : Resetting read-only flag of JDBC Connection [HikariProxyConnection@1716748619 wrapping org.postgresql.jdbc.PgConnection@6c41311d]
2025-09-06T12:09:44.759+02:00 DEBUG 84692 --- [demo10] [nio-8088-exec-5] o.s.orm.jpa.JpaTransactionManager        : Not closing pre-bound JPA EntityManager after transaction
2025-09-06T12:09:44.759+02:00 DEBUG 84692 --- [demo10] [nio-8088-exec-6] o.s.orm.jpa.JpaTransactionManager        : Not closing pre-bound JPA EntityManager after transaction
2025-09-06T12:09:44.760+02:00 DEBUG 84692 --- [demo10] [nio-8088-exec-6] o.s.w.s.m.m.a.HttpEntityMethodProcessor  : Using 'application/json', given [*/*] and supported [application/json, application/*+json]
2025-09-06T12:09:44.760+02:00 DEBUG 84692 --- [demo10] [nio-8088-exec-5] o.s.w.s.m.m.a.HttpEntityMethodProcessor  : Using 'application/json', given [*/*] and supported [application/json, application/*+json]
2025-09-06T12:09:44.760+02:00 DEBUG 84692 --- [demo10] [nio-8088-exec-6] o.s.w.s.m.m.a.HttpEntityMethodProcessor  : Writing [TowerDTO(id=47, name=TESTTTT, status=online, latitude=11.222, longitude=11.332974, city=213, battery (truncated)...]
2025-09-06T12:09:44.760+02:00 DEBUG 84692 --- [demo10] [nio-8088-exec-5] o.s.w.s.m.m.a.HttpEntityMethodProcessor  : Writing [TowerDTO(id=47, name=TESTTTT, status=online, latitude=11.222, longitude=11.332974, city=213, battery (truncated)...]
2025-09-06T12:09:44.761+02:00 DEBUG 84692 --- [demo10] [nio-8088-exec-6] o.j.s.OpenEntityManagerInViewInterceptor : Closing JPA EntityManager in OpenEntityManagerInViewInterceptor
2025-09-06T12:09:44.761+02:00 DEBUG 84692 --- [demo10] [nio-8088-exec-5] o.j.s.OpenEntityManagerInViewInterceptor : Closing JPA EntityManager in OpenEntityManagerInViewInterceptor
2025-09-06T12:09:44.761+02:00 DEBUG 84692 --- [demo10] [nio-8088-exec-6] o.s.web.servlet.DispatcherServlet        : Completed 200 OK
2025-09-06T12:09:44.761+02:00 DEBUG 84692 --- [demo10] [nio-8088-exec-5] o.s.web.servlet.DispatcherServlet        : Completed 200 OK
2025-09-06T12:09:44.764+02:00 DEBUG 84692 --- [demo10] [nio-8088-exec-7] o.s.web.servlet.DispatcherServlet        : GET "/api/hardware/tower/47", parameters={}
2025-09-06T12:09:44.765+02:00 DEBUG 84692 --- [demo10] [nio-8088-exec-7] s.w.s.m.m.a.RequestMappingHandlerMapping : Mapped to com.example.demo.controller.HardwareController#getHardwareByTowerId(Long)
2025-09-06T12:09:44.765+02:00 DEBUG 84692 --- [demo10] [nio-8088-exec-9] o.s.web.servlet.DispatcherServlet        : GET "/api/hardware/tower/47", parameters={}
2025-09-06T12:09:44.765+02:00 DEBUG 84692 --- [demo10] [nio-8088-exec-7] o.j.s.OpenEntityManagerInViewInterceptor : Opening JPA EntityManager in OpenEntityManagerInViewInterceptor
2025-09-06T12:09:44.765+02:00 DEBUG 84692 --- [demo10] [nio-8088-exec-9] s.w.s.m.m.a.RequestMappingHandlerMapping : Mapped to com.example.demo.controller.HardwareController#getHardwareByTowerId(Long)
2025-09-06T12:09:44.765+02:00 DEBUG 84692 --- [demo10] [nio-8088-exec-9] o.j.s.OpenEntityManagerInViewInterceptor : Opening JPA EntityManager in OpenEntityManagerInViewInterceptor
Hibernate: 
    /* <criteria> */ select
        h1_0.hardware_id,
        h1_0.created_at,
        h1_0.install_date,
        h1_0.model,
        h1_0.name,
        h1_0.serial_number,
        h1_0.specifications,
        h1_0.status,
        h1_0.tower_id,
        h1_0.type,
        h1_0.updated_at,
        h1_0.vendor,
        h1_0.warranty_expiry 
    from
        hardware h1_0 
    left join
        towers t1_0 
            on t1_0.tower_id=h1_0.tower_id 
    where
        t1_0.tower_id=?
Hibernate: 
    /* <criteria> */ select
        h1_0.hardware_id,
        h1_0.created_at,
        h1_0.install_date,
        h1_0.model,
        h1_0.name,
        h1_0.serial_number,
        h1_0.specifications,
        h1_0.status,
        h1_0.tower_id,
        h1_0.type,
        h1_0.updated_at,
        h1_0.vendor,
        h1_0.warranty_expiry 
    from
        hardware h1_0 
    left join
        towers t1_0 
            on t1_0.tower_id=h1_0.tower_id 
    where
        t1_0.tower_id=?
2025-09-06T12:09:44.771+02:00 DEBUG 84692 --- [demo10] [nio-8088-exec-9] o.s.w.s.m.m.a.HttpEntityMethodProcessor  : Using 'application/json', given [*/*] and supported [application/json, application/*+json]
2025-09-06T12:09:44.771+02:00 DEBUG 84692 --- [demo10] [nio-8088-exec-7] o.s.w.s.m.m.a.HttpEntityMethodProcessor  : Using 'application/json', given [*/*] and supported [application/json, application/*+json]
2025-09-06T12:09:44.771+02:00 DEBUG 84692 --- [demo10] [nio-8088-exec-9] o.s.w.s.m.m.a.HttpEntityMethodProcessor  : Writing [[]]
2025-09-06T12:09:44.771+02:00 DEBUG 84692 --- [demo10] [nio-8088-exec-7] o.s.w.s.m.m.a.HttpEntityMethodProcessor  : Writing [[]]
2025-09-06T12:09:44.771+02:00 DEBUG 84692 --- [demo10] [nio-8088-exec-9] o.j.s.OpenEntityManagerInViewInterceptor : Closing JPA EntityManager in OpenEntityManagerInViewInterceptor
2025-09-06T12:09:44.771+02:00 DEBUG 84692 --- [demo10] [nio-8088-exec-7] o.j.s.OpenEntityManagerInViewInterceptor : Closing JPA EntityManager in OpenEntityManagerInViewInterceptor
2025-09-06T12:09:44.771+02:00 DEBUG 84692 --- [demo10] [nio-8088-exec-7] o.s.web.servlet.DispatcherServlet        : Completed 200 OK
2025-09-06T12:09:44.771+02:00 DEBUG 84692 --- [demo10] [nio-8088-exec-9] o.s.web.servlet.DispatcherServlet        : Completed 200 OK
2025-09-06T12:09:44.775+02:00 DEBUG 84692 --- [demo10] [nio-8088-exec-8] o.s.web.servlet.DispatcherServlet        : GET "/api/thresholds/tower/47", parameters={}
2025-09-06T12:09:44.775+02:00 DEBUG 84692 --- [demo10] [nio-8088-exec-8] s.w.s.m.m.a.RequestMappingHandlerMapping : Mapped to com.example.demo.controller.ThresholdRuleController#getThresholdRulesByTowerId(Long)
2025-09-06T12:09:44.775+02:00 DEBUG 84692 --- [demo10] [nio-8088-exec-8] o.j.s.OpenEntityManagerInViewInterceptor : Opening JPA EntityManager in OpenEntityManagerInViewInterceptor
2025-09-06T12:09:44.776+02:00 DEBUG 84692 --- [demo10] [nio-8088-exec-1] o.s.web.servlet.DispatcherServlet        : GET "/api/thresholds/tower/47", parameters={}
2025-09-06T12:09:44.776+02:00 DEBUG 84692 --- [demo10] [nio-8088-exec-1] s.w.s.m.m.a.RequestMappingHandlerMapping : Mapped to com.example.demo.controller.ThresholdRuleController#getThresholdRulesByTowerId(Long)
2025-09-06T12:09:44.776+02:00 DEBUG 84692 --- [demo10] [nio-8088-exec-1] o.j.s.OpenEntityManagerInViewInterceptor : Opening JPA EntityManager in OpenEntityManagerInViewInterceptor
Hibernate: 
    /* <criteria> */ select
        tr1_0.rule_id,
        tr1_0.condition,
        tr1_0.created_at,
        tr1_0.description,
        tr1_0.enabled,
        tr1_0.metric,
        tr1_0.name,
        tr1_0.severity,
        tr1_0.tower_id,
        tr1_0.updated_at,
        tr1_0.value 
    from
        threshold_rules tr1_0 
    where
        tr1_0.tower_id=?
Hibernate: 
    /* <criteria> */ select
        tr1_0.rule_id,
        tr1_0.condition,
        tr1_0.created_at,
        tr1_0.description,
        tr1_0.enabled,
        tr1_0.metric,
        tr1_0.name,
        tr1_0.severity,
        tr1_0.tower_id,
        tr1_0.updated_at,
        tr1_0.value 
    from
        threshold_rules tr1_0 
    where
        tr1_0.tower_id=?
2025-09-06T12:09:44.777+02:00 DEBUG 84692 --- [demo10] [nio-8088-exec-1] o.s.w.s.m.m.a.HttpEntityMethodProcessor  : Using 'application/json', given [*/*] and supported [application/json, application/*+json]
2025-09-06T12:09:44.777+02:00 DEBUG 84692 --- [demo10] [nio-8088-exec-8] o.s.w.s.m.m.a.HttpEntityMethodProcessor  : Using 'application/json', given [*/*] and supported [application/json, application/*+json]
2025-09-06T12:09:44.777+02:00 DEBUG 84692 --- [demo10] [nio-8088-exec-1] o.s.w.s.m.m.a.HttpEntityMethodProcessor  : Writing [[]]
2025-09-06T12:09:44.777+02:00 DEBUG 84692 --- [demo10] [nio-8088-exec-8] o.s.w.s.m.m.a.HttpEntityMethodProcessor  : Writing [[]]
2025-09-06T12:09:44.777+02:00 DEBUG 84692 --- [demo10] [nio-8088-exec-8] o.j.s.OpenEntityManagerInViewInterceptor : Closing JPA EntityManager in OpenEntityManagerInViewInterceptor
2025-09-06T12:09:44.777+02:00 DEBUG 84692 --- [demo10] [nio-8088-exec-1] o.j.s.OpenEntityManagerInViewInterceptor : Closing JPA EntityManager in OpenEntityManagerInViewInterceptor
2025-09-06T12:09:44.777+02:00 DEBUG 84692 --- [demo10] [nio-8088-exec-8] o.s.web.servlet.DispatcherServlet        : Completed 200 OK
2025-09-06T12:09:44.777+02:00 DEBUG 84692 --- [demo10] [nio-8088-exec-1] o.s.web.servlet.DispatcherServlet        : Completed 200 OK
2025-09-06T12:09:44.782+02:00 DEBUG 84692 --- [demo10] [io-8088-exec-10] o.s.web.servlet.DispatcherServlet        : GET "/api/telemetry/tower/47", parameters={}
2025-09-06T12:09:44.782+02:00 DEBUG 84692 --- [demo10] [io-8088-exec-10] s.w.s.m.m.a.RequestMappingHandlerMapping : Mapped to com.example.demo.controller.TelemetryDataController#getTelemetryDataByTowerId(Long)
2025-09-06T12:09:44.782+02:00 DEBUG 84692 --- [demo10] [io-8088-exec-10] o.j.s.OpenEntityManagerInViewInterceptor : Opening JPA EntityManager in OpenEntityManagerInViewInterceptor
2025-09-06T12:09:44.782+02:00 DEBUG 84692 --- [demo10] [nio-8088-exec-2] o.s.web.servlet.DispatcherServlet        : GET "/api/telemetry/tower/47", parameters={}
2025-09-06T12:09:44.782+02:00 DEBUG 84692 --- [demo10] [nio-8088-exec-2] s.w.s.m.m.a.RequestMappingHandlerMapping : Mapped to com.example.demo.controller.TelemetryDataController#getTelemetryDataByTowerId(Long)
2025-09-06T12:09:44.782+02:00 DEBUG 84692 --- [demo10] [nio-8088-exec-2] o.j.s.OpenEntityManagerInViewInterceptor : Opening JPA EntityManager in OpenEntityManagerInViewInterceptor
Hibernate: 
    /* <criteria> */ select
        td1_0.telemetry_id,
        td1_0.air_quality,
        td1_0.ambient_temperature,
        td1_0.bandwidth,
        td1_0.battery,
        td1_0.cpu_utilization,
        td1_0.disk_space,
        td1_0.error_rate,
        td1_0.humidity,
        td1_0.interference,
        td1_0.jitter,
        td1_0.latency,
        td1_0.memory_usage,
        td1_0.network_load,
        td1_0.packet_loss,
        td1_0.precipitation,
        td1_0.pressure,
        td1_0.response_time,
        td1_0.signal_strength,
        td1_0.status,
        td1_0.temperature,
        td1_0.throughput,
        td1_0.timestamp,
        td1_0.tower_id,
        td1_0.uptime,
        td1_0.uv_index,
        td1_0.vibration,
        td1_0.voltage,
        td1_0.wind_direction,
        td1_0.wind_speed 
    from
        telemetry_data td1_0 
    where
        td1_0.tower_id=? 
    order by
        td1_0.timestamp desc
Hibernate: 
    /* <criteria> */ select
        td1_0.telemetry_id,
        td1_0.air_quality,
        td1_0.ambient_temperature,
        td1_0.bandwidth,
        td1_0.battery,
        td1_0.cpu_utilization,
        td1_0.disk_space,
        td1_0.error_rate,
        td1_0.humidity,
        td1_0.interference,
        td1_0.jitter,
        td1_0.latency,
        td1_0.memory_usage,
        td1_0.network_load,
        td1_0.packet_loss,
        td1_0.precipitation,
        td1_0.pressure,
        td1_0.response_time,
        td1_0.signal_strength,
        td1_0.status,
        td1_0.temperature,
        td1_0.throughput,
        td1_0.timestamp,
        td1_0.tower_id,
        td1_0.uptime,
        td1_0.uv_index,
        td1_0.vibration,
        td1_0.voltage,
        td1_0.wind_direction,
        td1_0.wind_speed 
    from
        telemetry_data td1_0 
    where
        td1_0.tower_id=? 
    order by
        td1_0.timestamp desc
2025-09-06T12:09:44.785+02:00 DEBUG 84692 --- [demo10] [nio-8088-exec-2] o.s.w.s.m.m.a.HttpEntityMethodProcessor  : Using 'application/json', given [*/*] and supported [application/json, application/*+json]
2025-09-06T12:09:44.785+02:00 DEBUG 84692 --- [demo10] [io-8088-exec-10] o.s.w.s.m.m.a.HttpEntityMethodProcessor  : Using 'application/json', given [*/*] and supported [application/json, application/*+json]
2025-09-06T12:09:44.785+02:00 DEBUG 84692 --- [demo10] [nio-8088-exec-2] o.s.w.s.m.m.a.HttpEntityMethodProcessor  : Writing [[]]
2025-09-06T12:09:44.785+02:00 DEBUG 84692 --- [demo10] [io-8088-exec-10] o.s.w.s.m.m.a.HttpEntityMethodProcessor  : Writing [[]]
2025-09-06T12:09:44.785+02:00 DEBUG 84692 --- [demo10] [io-8088-exec-10] o.j.s.OpenEntityManagerInViewInterceptor : Closing JPA EntityManager in OpenEntityManagerInViewInterceptor
2025-09-06T12:09:44.785+02:00 DEBUG 84692 --- [demo10] [nio-8088-exec-2] o.j.s.OpenEntityManagerInViewInterceptor : Closing JPA EntityManager in OpenEntityManagerInViewInterceptor
2025-09-06T12:09:44.785+02:00 DEBUG 84692 --- [demo10] [io-8088-exec-10] o.s.web.servlet.DispatcherServlet        : Completed 200 OK
2025-09-06T12:09:44.785+02:00 DEBUG 84692 --- [demo10] [nio-8088-exec-2] o.s.web.servlet.DispatcherServlet        : Completed 200 OK
2025-09-06T12:10:12.124+02:00 DEBUG 84692 --- [demo10] [nio-8088-exec-3] o.s.web.servlet.DispatcherServlet        : GET "/api/hardware/tower/47", parameters={}
2025-09-06T12:10:12.124+02:00 DEBUG 84692 --- [demo10] [nio-8088-exec-4] o.s.web.servlet.DispatcherServlet        : GET "/api/hardware/tower/47", parameters={}
2025-09-06T12:10:12.124+02:00 DEBUG 84692 --- [demo10] [nio-8088-exec-3] s.w.s.m.m.a.RequestMappingHandlerMapping : Mapped to com.example.demo.controller.HardwareController#getHardwareByTowerId(Long)
2025-09-06T12:10:12.124+02:00 DEBUG 84692 --- [demo10] [nio-8088-exec-4] s.w.s.m.m.a.RequestMappingHandlerMapping : Mapped to com.example.demo.controller.HardwareController#getHardwareByTowerId(Long)
2025-09-06T12:10:12.124+02:00 DEBUG 84692 --- [demo10] [nio-8088-exec-3] o.j.s.OpenEntityManagerInViewInterceptor : Opening JPA EntityManager in OpenEntityManagerInViewInterceptor
2025-09-06T12:10:12.124+02:00 DEBUG 84692 --- [demo10] [nio-8088-exec-4] o.j.s.OpenEntityManagerInViewInterceptor : Opening JPA EntityManager in OpenEntityManagerInViewInterceptor
Hibernate: 
    /* <criteria> */ select
        h1_0.hardware_id,
        h1_0.created_at,
        h1_0.install_date,
        h1_0.model,
        h1_0.name,
        h1_0.serial_number,
        h1_0.specifications,
        h1_0.status,
        h1_0.tower_id,
        h1_0.type,
        h1_0.updated_at,
        h1_0.vendor,
        h1_0.warranty_expiry 
    from
        hardware h1_0 
    left join
        towers t1_0 
            on t1_0.tower_id=h1_0.tower_id 
    where
        t1_0.tower_id=?
Hibernate: 
    /* <criteria> */ select
        h1_0.hardware_id,
        h1_0.created_at,
        h1_0.install_date,
        h1_0.model,
        h1_0.name,
        h1_0.serial_number,
        h1_0.specifications,
        h1_0.status,
        h1_0.tower_id,
        h1_0.type,
        h1_0.updated_at,
        h1_0.vendor,
        h1_0.warranty_expiry 
    from
        hardware h1_0 
    left join
        towers t1_0 
            on t1_0.tower_id=h1_0.tower_id 
    where
        t1_0.tower_id=?
2025-09-06T12:10:12.127+02:00 DEBUG 84692 --- [demo10] [nio-8088-exec-3] o.s.w.s.m.m.a.HttpEntityMethodProcessor  : Using 'application/json', given [*/*] and supported [application/json, application/*+json]
2025-09-06T12:10:12.127+02:00 DEBUG 84692 --- [demo10] [nio-8088-exec-4] o.s.w.s.m.m.a.HttpEntityMethodProcessor  : Using 'application/json', given [*/*] and supported [application/json, application/*+json]
2025-09-06T12:10:12.127+02:00 DEBUG 84692 --- [demo10] [nio-8088-exec-3] o.s.w.s.m.m.a.HttpEntityMethodProcessor  : Writing [[]]
2025-09-06T12:10:12.127+02:00 DEBUG 84692 --- [demo10] [nio-8088-exec-4] o.s.w.s.m.m.a.HttpEntityMethodProcessor  : Writing [[]]
2025-09-06T12:10:12.127+02:00 DEBUG 84692 --- [demo10] [nio-8088-exec-4] o.j.s.OpenEntityManagerInViewInterceptor : Closing JPA EntityManager in OpenEntityManagerInViewInterceptor
2025-09-06T12:10:12.127+02:00 DEBUG 84692 --- [demo10] [nio-8088-exec-3] o.j.s.OpenEntityManagerInViewInterceptor : Closing JPA EntityManager in OpenEntityManagerInViewInterceptor
2025-09-06T12:10:12.127+02:00 DEBUG 84692 --- [demo10] [nio-8088-exec-4] o.s.web.servlet.DispatcherServlet        : Completed 200 OK
2025-09-06T12:10:12.127+02:00 DEBUG 84692 --- [demo10] [nio-8088-exec-3] o.s.web.servlet.DispatcherServlet        : Completed 200 OK
2025-09-06T12:10:14.461+02:00 DEBUG 84692 --- [demo10] [nio-8088-exec-5] o.s.web.servlet.DispatcherServlet        : GET "/api/hardware/tower/47", parameters={}
2025-09-06T12:10:14.461+02:00 DEBUG 84692 --- [demo10] [nio-8088-exec-5] s.w.s.m.m.a.RequestMappingHandlerMapping : Mapped to com.example.demo.controller.HardwareController#getHardwareByTowerId(Long)
2025-09-06T12:10:14.461+02:00 DEBUG 84692 --- [demo10] [nio-8088-exec-5] o.j.s.OpenEntityManagerInViewInterceptor : Opening JPA EntityManager in OpenEntityManagerInViewInterceptor
Hibernate: 
    /* <criteria> */ select
        h1_0.hardware_id,
        h1_0.created_at,
        h1_0.install_date,
        h1_0.model,
        h1_0.name,
        h1_0.serial_number,
        h1_0.specifications,
        h1_0.status,
        h1_0.tower_id,
        h1_0.type,
        h1_0.updated_at,
        h1_0.vendor,
        h1_0.warranty_expiry 
    from
        hardware h1_0 
    left join
        towers t1_0 
            on t1_0.tower_id=h1_0.tower_id 
    where
        t1_0.tower_id=?
2025-09-06T12:10:14.462+02:00 DEBUG 84692 --- [demo10] [nio-8088-exec-6] o.s.web.servlet.DispatcherServlet        : GET "/api/hardware/tower/47", parameters={}
2025-09-06T12:10:14.462+02:00 DEBUG 84692 --- [demo10] [nio-8088-exec-6] s.w.s.m.m.a.RequestMappingHandlerMapping : Mapped to com.example.demo.controller.HardwareController#getHardwareByTowerId(Long)
2025-09-06T12:10:14.462+02:00 DEBUG 84692 --- [demo10] [nio-8088-exec-6] o.j.s.OpenEntityManagerInViewInterceptor : Opening JPA EntityManager in OpenEntityManagerInViewInterceptor
Hibernate: 
    /* <criteria> */ select
        h1_0.hardware_id,
        h1_0.created_at,
        h1_0.install_date,
        h1_0.model,
        h1_0.name,
        h1_0.serial_number,
        h1_0.specifications,
        h1_0.status,
        h1_0.tower_id,
        h1_0.type,
        h1_0.updated_at,
        h1_0.vendor,
        h1_0.warranty_expiry 
    from
        hardware h1_0 
    left join
        towers t1_0 
            on t1_0.tower_id=h1_0.tower_id 
    where
        t1_0.tower_id=?
2025-09-06T12:10:14.463+02:00 DEBUG 84692 --- [demo10] [nio-8088-exec-5] o.s.w.s.m.m.a.HttpEntityMethodProcessor  : Using 'application/json', given [*/*] and supported [application/json, application/*+json]
2025-09-06T12:10:14.463+02:00 DEBUG 84692 --- [demo10] [nio-8088-exec-5] o.s.w.s.m.m.a.HttpEntityMethodProcessor  : Writing [[]]
2025-09-06T12:10:14.463+02:00 DEBUG 84692 --- [demo10] [nio-8088-exec-5] o.j.s.OpenEntityManagerInViewInterceptor : Closing JPA EntityManager in OpenEntityManagerInViewInterceptor
2025-09-06T12:10:14.463+02:00 DEBUG 84692 --- [demo10] [nio-8088-exec-6] o.s.w.s.m.m.a.HttpEntityMethodProcessor  : Using 'application/json', given [*/*] and supported [application/json, application/*+json]
2025-09-06T12:10:14.464+02:00 DEBUG 84692 --- [demo10] [nio-8088-exec-5] o.s.web.servlet.DispatcherServlet        : Completed 200 OK
2025-09-06T12:10:14.464+02:00 DEBUG 84692 --- [demo10] [nio-8088-exec-6] o.s.w.s.m.m.a.HttpEntityMethodProcessor  : Writing [[]]
2025-09-06T12:10:14.464+02:00 DEBUG 84692 --- [demo10] [nio-8088-exec-6] o.j.s.OpenEntityManagerInViewInterceptor : Closing JPA EntityManager in OpenEntityManagerInViewInterceptor
2025-09-06T12:10:14.464+02:00 DEBUG 84692 --- [demo10] [nio-8088-exec-6] o.s.web.servlet.DispatcherServlet        : Completed 200 OK
2025-09-06T12:31:34.056+02:00 DEBUG 84692 --- [demo10] [nio-8088-exec-8] o.s.web.servlet.DispatcherServlet        : OPTIONS "/api/towers/47", parameters={}
2025-09-06T12:31:34.058+02:00 DEBUG 84692 --- [demo10] [nio-8088-exec-8] s.w.s.m.m.a.RequestMappingHandlerMapping : Mapped to com.example.demo.controller.TowerController#getTowerById(Long)
2025-09-06T12:31:34.058+02:00 DEBUG 84692 --- [demo10] [nio-8088-exec-8] o.j.s.OpenEntityManagerInViewInterceptor : Opening JPA EntityManager in OpenEntityManagerInViewInterceptor
2025-09-06T12:31:34.059+02:00 DEBUG 84692 --- [demo10] [nio-8088-exec-8] o.j.s.OpenEntityManagerInViewInterceptor : Closing JPA EntityManager in OpenEntityManagerInViewInterceptor
2025-09-06T12:31:34.059+02:00 DEBUG 84692 --- [demo10] [nio-8088-exec-8] o.s.web.servlet.DispatcherServlet        : Completed 200 OK
2025-09-06T12:31:34.061+02:00 DEBUG 84692 --- [demo10] [nio-8088-exec-1] o.s.web.servlet.DispatcherServlet        : GET "/api/towers/47", parameters={}
2025-09-06T12:31:34.061+02:00 DEBUG 84692 --- [demo10] [nio-8088-exec-1] s.w.s.m.m.a.RequestMappingHandlerMapping : Mapped to com.example.demo.controller.TowerController#getTowerById(Long)
2025-09-06T12:31:34.061+02:00 DEBUG 84692 --- [demo10] [nio-8088-exec-1] o.j.s.OpenEntityManagerInViewInterceptor : Opening JPA EntityManager in OpenEntityManagerInViewInterceptor
2025-09-06T12:31:34.063+02:00 DEBUG 84692 --- [demo10] [nio-8088-exec-1] o.s.orm.jpa.JpaTransactionManager        : Found thread-bound EntityManager [SessionImpl(916821633<open>)] for JPA transaction
2025-09-06T12:31:34.063+02:00 DEBUG 84692 --- [demo10] [nio-8088-exec-1] o.s.orm.jpa.JpaTransactionManager        : Creating new transaction with name [org.springframework.data.jpa.repository.support.SimpleJpaRepository.findById]: PROPAGATION_REQUIRED,ISOLATION_DEFAULT,readOnly
2025-09-06T12:31:34.063+02:00 DEBUG 84692 --- [demo10] [nio-8088-exec-1] o.s.jdbc.datasource.DataSourceUtils      : Setting JDBC Connection [HikariProxyConnection@880977862 wrapping org.postgresql.jdbc.PgConnection@3fef45a8] read-only
2025-09-06T12:31:34.063+02:00 DEBUG 84692 --- [demo10] [nio-8088-exec-1] o.s.orm.jpa.JpaTransactionManager        : Exposing JPA transaction as JDBC [org.springframework.orm.jpa.vendor.HibernateJpaDialect$HibernateConnectionHandle@2a3ace4a]
Hibernate: 
    select
        t1_0.tower_id,
        t1_0.api_endpoint_url,
        t1_0.api_key,
        t1_0.battery,
        t1_0.city,
        t1_0.created_at,
        t1_0.last_maintenance,
        t1_0.latitude,
        t1_0.longitude,
        t1_0.model_3d_path,
        t1_0.name,
        t1_0.network_load,
        t1_0.region,
        t1_0.status,
        t1_0.temperature,
        t1_0.updated_at,
        t1_0.uptime,
        t1_0.use_case 
    from
        towers t1_0 
    where
        t1_0.tower_id=?
2025-09-06T12:31:34.068+02:00 DEBUG 84692 --- [demo10] [nio-8088-exec-1] o.s.orm.jpa.JpaTransactionManager        : Initiating transaction commit
2025-09-06T12:31:34.068+02:00 DEBUG 84692 --- [demo10] [nio-8088-exec-1] o.s.orm.jpa.JpaTransactionManager        : Committing JPA transaction on EntityManager [SessionImpl(916821633<open>)]
2025-09-06T12:31:34.068+02:00 DEBUG 84692 --- [demo10] [nio-8088-exec-1] o.s.jdbc.datasource.DataSourceUtils      : Resetting read-only flag of JDBC Connection [HikariProxyConnection@880977862 wrapping org.postgresql.jdbc.PgConnection@3fef45a8]
2025-09-06T12:31:34.068+02:00 DEBUG 84692 --- [demo10] [nio-8088-exec-1] o.s.orm.jpa.JpaTransactionManager        : Not closing pre-bound JPA EntityManager after transaction
2025-09-06T12:31:34.069+02:00 DEBUG 84692 --- [demo10] [nio-8088-exec-1] o.s.w.s.m.m.a.HttpEntityMethodProcessor  : Using 'application/json', given [*/*] and supported [application/json, application/*+json]
2025-09-06T12:31:34.069+02:00 DEBUG 84692 --- [demo10] [nio-8088-exec-1] o.s.w.s.m.m.a.HttpEntityMethodProcessor  : Writing [TowerDTO(id=47, name=TESTTTT, status=online, latitude=11.222, longitude=11.332974, city=213, battery (truncated)...]
2025-09-06T12:31:34.069+02:00 DEBUG 84692 --- [demo10] [nio-8088-exec-1] o.j.s.OpenEntityManagerInViewInterceptor : Closing JPA EntityManager in OpenEntityManagerInViewInterceptor
2025-09-06T12:31:34.069+02:00 DEBUG 84692 --- [demo10] [nio-8088-exec-1] o.s.web.servlet.DispatcherServlet        : Completed 200 OK
2025-09-06T12:31:34.102+02:00 DEBUG 84692 --- [demo10] [nio-8088-exec-2] o.s.web.servlet.DispatcherServlet        : OPTIONS "/api/hardware/tower/47", parameters={}
2025-09-06T12:31:34.102+02:00 DEBUG 84692 --- [demo10] [nio-8088-exec-2] s.w.s.m.m.a.RequestMappingHandlerMapping : Mapped to com.example.demo.controller.HardwareController#getHardwareByTowerId(Long)
2025-09-06T12:31:34.102+02:00 DEBUG 84692 --- [demo10] [nio-8088-exec-2] o.j.s.OpenEntityManagerInViewInterceptor : Opening JPA EntityManager in OpenEntityManagerInViewInterceptor
2025-09-06T12:31:34.102+02:00 DEBUG 84692 --- [demo10] [nio-8088-exec-2] o.j.s.OpenEntityManagerInViewInterceptor : Closing JPA EntityManager in OpenEntityManagerInViewInterceptor
2025-09-06T12:31:34.102+02:00 DEBUG 84692 --- [demo10] [nio-8088-exec-2] o.s.web.servlet.DispatcherServlet        : Completed 200 OK
2025-09-06T12:31:34.103+02:00 DEBUG 84692 --- [demo10] [io-8088-exec-10] o.s.web.servlet.DispatcherServlet        : GET "/api/hardware/tower/47", parameters={}
2025-09-06T12:31:34.103+02:00 DEBUG 84692 --- [demo10] [io-8088-exec-10] s.w.s.m.m.a.RequestMappingHandlerMapping : Mapped to com.example.demo.controller.HardwareController#getHardwareByTowerId(Long)
2025-09-06T12:31:34.103+02:00 DEBUG 84692 --- [demo10] [io-8088-exec-10] o.j.s.OpenEntityManagerInViewInterceptor : Opening JPA EntityManager in OpenEntityManagerInViewInterceptor
Hibernate: 
    /* <criteria> */ select
        h1_0.hardware_id,
        h1_0.created_at,
        h1_0.install_date,
        h1_0.model,
        h1_0.name,
        h1_0.serial_number,
        h1_0.specifications,
        h1_0.status,
        h1_0.tower_id,
        h1_0.type,
        h1_0.updated_at,
        h1_0.vendor,
        h1_0.warranty_expiry 
    from
        hardware h1_0 
    left join
        towers t1_0 
            on t1_0.tower_id=h1_0.tower_id 
    where
        t1_0.tower_id=?
2025-09-06T12:31:34.107+02:00 DEBUG 84692 --- [demo10] [io-8088-exec-10] o.s.w.s.m.m.a.HttpEntityMethodProcessor  : Using 'application/json', given [*/*] and supported [application/json, application/*+json]
2025-09-06T12:31:34.107+02:00 DEBUG 84692 --- [demo10] [io-8088-exec-10] o.s.w.s.m.m.a.HttpEntityMethodProcessor  : Writing [[]]
2025-09-06T12:31:34.107+02:00 DEBUG 84692 --- [demo10] [io-8088-exec-10] o.j.s.OpenEntityManagerInViewInterceptor : Closing JPA EntityManager in OpenEntityManagerInViewInterceptor
2025-09-06T12:31:34.107+02:00 DEBUG 84692 --- [demo10] [io-8088-exec-10] o.s.web.servlet.DispatcherServlet        : Completed 200 OK
2025-09-06T12:31:34.121+02:00 DEBUG 84692 --- [demo10] [nio-8088-exec-4] o.s.web.servlet.DispatcherServlet        : OPTIONS "/api/thresholds/tower/47", parameters={}
2025-09-06T12:31:34.122+02:00 DEBUG 84692 --- [demo10] [nio-8088-exec-4] s.w.s.m.m.a.RequestMappingHandlerMapping : Mapped to com.example.demo.controller.ThresholdRuleController#getThresholdRulesByTowerId(Long)
2025-09-06T12:31:34.122+02:00 DEBUG 84692 --- [demo10] [nio-8088-exec-4] o.j.s.OpenEntityManagerInViewInterceptor : Opening JPA EntityManager in OpenEntityManagerInViewInterceptor
2025-09-06T12:31:34.122+02:00 DEBUG 84692 --- [demo10] [nio-8088-exec-4] o.j.s.OpenEntityManagerInViewInterceptor : Closing JPA EntityManager in OpenEntityManagerInViewInterceptor
2025-09-06T12:31:34.122+02:00 DEBUG 84692 --- [demo10] [nio-8088-exec-4] o.s.web.servlet.DispatcherServlet        : Completed 200 OK
2025-09-06T12:31:34.124+02:00 DEBUG 84692 --- [demo10] [nio-8088-exec-3] o.s.web.servlet.DispatcherServlet        : GET "/api/thresholds/tower/47", parameters={}
2025-09-06T12:31:34.124+02:00 DEBUG 84692 --- [demo10] [nio-8088-exec-3] s.w.s.m.m.a.RequestMappingHandlerMapping : Mapped to com.example.demo.controller.ThresholdRuleController#getThresholdRulesByTowerId(Long)
2025-09-06T12:31:34.124+02:00 DEBUG 84692 --- [demo10] [nio-8088-exec-3] o.j.s.OpenEntityManagerInViewInterceptor : Opening JPA EntityManager in OpenEntityManagerInViewInterceptor
Hibernate: 
    /* <criteria> */ select
        tr1_0.rule_id,
        tr1_0.condition,
        tr1_0.created_at,
        tr1_0.description,
        tr1_0.enabled,
        tr1_0.metric,
        tr1_0.name,
        tr1_0.severity,
        tr1_0.tower_id,
        tr1_0.updated_at,
        tr1_0.value 
    from
        threshold_rules tr1_0 
    where
        tr1_0.tower_id=?
2025-09-06T12:31:34.126+02:00 DEBUG 84692 --- [demo10] [nio-8088-exec-3] o.s.w.s.m.m.a.HttpEntityMethodProcessor  : Using 'application/json', given [*/*] and supported [application/json, application/*+json]
2025-09-06T12:31:34.126+02:00 DEBUG 84692 --- [demo10] [nio-8088-exec-3] o.s.w.s.m.m.a.HttpEntityMethodProcessor  : Writing [[]]
2025-09-06T12:31:34.126+02:00 DEBUG 84692 --- [demo10] [nio-8088-exec-3] o.j.s.OpenEntityManagerInViewInterceptor : Closing JPA EntityManager in OpenEntityManagerInViewInterceptor
2025-09-06T12:31:34.126+02:00 DEBUG 84692 --- [demo10] [nio-8088-exec-3] o.s.web.servlet.DispatcherServlet        : Completed 200 OK
2025-09-06T12:31:34.136+02:00 DEBUG 84692 --- [demo10] [nio-8088-exec-5] o.s.web.servlet.DispatcherServlet        : OPTIONS "/api/telemetry/tower/47", parameters={}
2025-09-06T12:31:34.137+02:00 DEBUG 84692 --- [demo10] [nio-8088-exec-5] s.w.s.m.m.a.RequestMappingHandlerMapping : Mapped to com.example.demo.controller.TelemetryDataController#getTelemetryDataByTowerId(Long)
2025-09-06T12:31:34.137+02:00 DEBUG 84692 --- [demo10] [nio-8088-exec-5] o.j.s.OpenEntityManagerInViewInterceptor : Opening JPA EntityManager in OpenEntityManagerInViewInterceptor
2025-09-06T12:31:34.137+02:00 DEBUG 84692 --- [demo10] [nio-8088-exec-5] o.j.s.OpenEntityManagerInViewInterceptor : Closing JPA EntityManager in OpenEntityManagerInViewInterceptor
2025-09-06T12:31:34.137+02:00 DEBUG 84692 --- [demo10] [nio-8088-exec-5] o.s.web.servlet.DispatcherServlet        : Completed 200 OK
2025-09-06T12:31:34.138+02:00 DEBUG 84692 --- [demo10] [nio-8088-exec-6] o.s.web.servlet.DispatcherServlet        : GET "/api/telemetry/tower/47", parameters={}
2025-09-06T12:31:34.139+02:00 DEBUG 84692 --- [demo10] [nio-8088-exec-6] s.w.s.m.m.a.RequestMappingHandlerMapping : Mapped to com.example.demo.controller.TelemetryDataController#getTelemetryDataByTowerId(Long)
2025-09-06T12:31:34.139+02:00 DEBUG 84692 --- [demo10] [nio-8088-exec-6] o.j.s.OpenEntityManagerInViewInterceptor : Opening JPA EntityManager in OpenEntityManagerInViewInterceptor
Hibernate: 
    /* <criteria> */ select
        td1_0.telemetry_id,
        td1_0.air_quality,
        td1_0.ambient_temperature,
        td1_0.bandwidth,
        td1_0.battery,
        td1_0.cpu_utilization,
        td1_0.disk_space,
        td1_0.error_rate,
        td1_0.humidity,
        td1_0.interference,
        td1_0.jitter,
        td1_0.latency,
        td1_0.memory_usage,
        td1_0.network_load,
        td1_0.packet_loss,
        td1_0.precipitation,
        td1_0.pressure,
        td1_0.response_time,
        td1_0.signal_strength,
        td1_0.status,
        td1_0.temperature,
        td1_0.throughput,
        td1_0.timestamp,
        td1_0.tower_id,
        td1_0.uptime,
        td1_0.uv_index,
        td1_0.vibration,
        td1_0.voltage,
        td1_0.wind_direction,
        td1_0.wind_speed 
    from
        telemetry_data td1_0 
    where
        td1_0.tower_id=? 
    order by
        td1_0.timestamp desc
2025-09-06T12:31:34.141+02:00 DEBUG 84692 --- [demo10] [nio-8088-exec-6] o.s.w.s.m.m.a.HttpEntityMethodProcessor  : Using 'application/json', given [*/*] and supported [application/json, application/*+json]
2025-09-06T12:31:34.141+02:00 DEBUG 84692 --- [demo10] [nio-8088-exec-6] o.s.w.s.m.m.a.HttpEntityMethodProcessor  : Writing [[]]
2025-09-06T12:31:34.142+02:00 DEBUG 84692 --- [demo10] [nio-8088-exec-6] o.j.s.OpenEntityManagerInViewInterceptor : Closing JPA EntityManager in OpenEntityManagerInViewInterceptor
2025-09-06T12:31:34.142+02:00 DEBUG 84692 --- [demo10] [nio-8088-exec-6] o.s.web.servlet.DispatcherServlet        : Completed 200 OK
2025-09-06T12:32:50.262+02:00 DEBUG 84692 --- [demo10] [nio-8088-exec-7] o.s.web.servlet.DispatcherServlet        : GET "/api/towers/47", parameters={}
2025-09-06T12:32:50.264+02:00 DEBUG 84692 --- [demo10] [nio-8088-exec-7] s.w.s.m.m.a.RequestMappingHandlerMapping : Mapped to com.example.demo.controller.TowerController#getTowerById(Long)
2025-09-06T12:32:50.264+02:00 DEBUG 84692 --- [demo10] [nio-8088-exec-7] o.j.s.OpenEntityManagerInViewInterceptor : Opening JPA EntityManager in OpenEntityManagerInViewInterceptor
2025-09-06T12:32:50.267+02:00 DEBUG 84692 --- [demo10] [nio-8088-exec-7] o.s.orm.jpa.JpaTransactionManager        : Found thread-bound EntityManager [SessionImpl(454413518<open>)] for JPA transaction
2025-09-06T12:32:50.267+02:00 DEBUG 84692 --- [demo10] [nio-8088-exec-7] o.s.orm.jpa.JpaTransactionManager        : Creating new transaction with name [org.springframework.data.jpa.repository.support.SimpleJpaRepository.findById]: PROPAGATION_REQUIRED,ISOLATION_DEFAULT,readOnly
2025-09-06T12:32:50.268+02:00 DEBUG 84692 --- [demo10] [nio-8088-exec-7] o.s.jdbc.datasource.DataSourceUtils      : Setting JDBC Connection [HikariProxyConnection@1850102530 wrapping org.postgresql.jdbc.PgConnection@3fef45a8] read-only
2025-09-06T12:32:50.269+02:00 DEBUG 84692 --- [demo10] [nio-8088-exec-7] o.s.orm.jpa.JpaTransactionManager        : Exposing JPA transaction as JDBC [org.springframework.orm.jpa.vendor.HibernateJpaDialect$HibernateConnectionHandle@7230d0a8]
Hibernate: 
    select
        t1_0.tower_id,
        t1_0.api_endpoint_url,
        t1_0.api_key,
        t1_0.battery,
        t1_0.city,
        t1_0.created_at,
        t1_0.last_maintenance,
        t1_0.latitude,
        t1_0.longitude,
        t1_0.model_3d_path,
        t1_0.name,
        t1_0.network_load,
        t1_0.region,
        t1_0.status,
        t1_0.temperature,
        t1_0.updated_at,
        t1_0.uptime,
        t1_0.use_case 
    from
        towers t1_0 
    where
        t1_0.tower_id=?
2025-09-06T12:32:50.272+02:00 DEBUG 84692 --- [demo10] [nio-8088-exec-7] o.s.orm.jpa.JpaTransactionManager        : Initiating transaction commit
2025-09-06T12:32:50.272+02:00 DEBUG 84692 --- [demo10] [nio-8088-exec-7] o.s.orm.jpa.JpaTransactionManager        : Committing JPA transaction on EntityManager [SessionImpl(454413518<open>)]
2025-09-06T12:32:50.275+02:00 DEBUG 84692 --- [demo10] [nio-8088-exec-7] o.s.jdbc.datasource.DataSourceUtils      : Resetting read-only flag of JDBC Connection [HikariProxyConnection@1850102530 wrapping org.postgresql.jdbc.PgConnection@3fef45a8]
2025-09-06T12:32:50.275+02:00 DEBUG 84692 --- [demo10] [nio-8088-exec-7] o.s.orm.jpa.JpaTransactionManager        : Not closing pre-bound JPA EntityManager after transaction
2025-09-06T12:32:50.275+02:00 DEBUG 84692 --- [demo10] [nio-8088-exec-7] o.s.w.s.m.m.a.HttpEntityMethodProcessor  : Using 'application/json', given [*/*] and supported [application/json, application/*+json]
2025-09-06T12:32:50.276+02:00 DEBUG 84692 --- [demo10] [nio-8088-exec-7] o.s.w.s.m.m.a.HttpEntityMethodProcessor  : Writing [TowerDTO(id=47, name=TESTTTT, status=online, latitude=11.222, longitude=11.332974, city=213, battery (truncated)...]
2025-09-06T12:32:50.276+02:00 DEBUG 84692 --- [demo10] [nio-8088-exec-7] o.j.s.OpenEntityManagerInViewInterceptor : Closing JPA EntityManager in OpenEntityManagerInViewInterceptor
2025-09-06T12:32:50.277+02:00 DEBUG 84692 --- [demo10] [nio-8088-exec-7] o.s.web.servlet.DispatcherServlet        : Completed 200 OK
2025-09-06T12:32:50.313+02:00 DEBUG 84692 --- [demo10] [nio-8088-exec-8] o.s.web.servlet.DispatcherServlet        : GET "/api/hardware/tower/47", parameters={}
2025-09-06T12:32:50.313+02:00 DEBUG 84692 --- [demo10] [nio-8088-exec-8] s.w.s.m.m.a.RequestMappingHandlerMapping : Mapped to com.example.demo.controller.HardwareController#getHardwareByTowerId(Long)
2025-09-06T12:32:50.313+02:00 DEBUG 84692 --- [demo10] [nio-8088-exec-8] o.j.s.OpenEntityManagerInViewInterceptor : Opening JPA EntityManager in OpenEntityManagerInViewInterceptor
Hibernate: 
    /* <criteria> */ select
        h1_0.hardware_id,
        h1_0.created_at,
        h1_0.install_date,
        h1_0.model,
        h1_0.name,
        h1_0.serial_number,
        h1_0.specifications,
        h1_0.status,
        h1_0.tower_id,
        h1_0.type,
        h1_0.updated_at,
        h1_0.vendor,
        h1_0.warranty_expiry 
    from
        hardware h1_0 
    left join
        towers t1_0 
            on t1_0.tower_id=h1_0.tower_id 
    where
        t1_0.tower_id=?
2025-09-06T12:32:50.316+02:00 DEBUG 84692 --- [demo10] [nio-8088-exec-8] o.s.w.s.m.m.a.HttpEntityMethodProcessor  : Using 'application/json', given [*/*] and supported [application/json, application/*+json]
2025-09-06T12:32:50.317+02:00 DEBUG 84692 --- [demo10] [nio-8088-exec-8] o.s.w.s.m.m.a.HttpEntityMethodProcessor  : Writing [[]]
2025-09-06T12:32:50.317+02:00 DEBUG 84692 --- [demo10] [nio-8088-exec-8] o.j.s.OpenEntityManagerInViewInterceptor : Closing JPA EntityManager in OpenEntityManagerInViewInterceptor
2025-09-06T12:32:50.317+02:00 DEBUG 84692 --- [demo10] [nio-8088-exec-8] o.s.web.servlet.DispatcherServlet        : Completed 200 OK
2025-09-06T12:32:50.330+02:00 DEBUG 84692 --- [demo10] [nio-8088-exec-1] o.s.web.servlet.DispatcherServlet        : GET "/api/thresholds/tower/47", parameters={}
2025-09-06T12:32:50.330+02:00 DEBUG 84692 --- [demo10] [nio-8088-exec-1] s.w.s.m.m.a.RequestMappingHandlerMapping : Mapped to com.example.demo.controller.ThresholdRuleController#getThresholdRulesByTowerId(Long)
2025-09-06T12:32:50.330+02:00 DEBUG 84692 --- [demo10] [nio-8088-exec-1] o.j.s.OpenEntityManagerInViewInterceptor : Opening JPA EntityManager in OpenEntityManagerInViewInterceptor
Hibernate: 
    /* <criteria> */ select
        tr1_0.rule_id,
        tr1_0.condition,
        tr1_0.created_at,
        tr1_0.description,
        tr1_0.enabled,
        tr1_0.metric,
        tr1_0.name,
        tr1_0.severity,
        tr1_0.tower_id,
        tr1_0.updated_at,
        tr1_0.value 
    from
        threshold_rules tr1_0 
    where
        tr1_0.tower_id=?
2025-09-06T12:32:50.332+02:00 DEBUG 84692 --- [demo10] [nio-8088-exec-1] o.s.w.s.m.m.a.HttpEntityMethodProcessor  : Using 'application/json', given [*/*] and supported [application/json, application/*+json]
2025-09-06T12:32:50.332+02:00 DEBUG 84692 --- [demo10] [nio-8088-exec-1] o.s.w.s.m.m.a.HttpEntityMethodProcessor  : Writing [[]]
2025-09-06T12:32:50.332+02:00 DEBUG 84692 --- [demo10] [nio-8088-exec-1] o.j.s.OpenEntityManagerInViewInterceptor : Closing JPA EntityManager in OpenEntityManagerInViewInterceptor
2025-09-06T12:32:50.332+02:00 DEBUG 84692 --- [demo10] [nio-8088-exec-1] o.s.web.servlet.DispatcherServlet        : Completed 200 OK
2025-09-06T12:32:50.351+02:00 DEBUG 84692 --- [demo10] [nio-8088-exec-2] o.s.web.servlet.DispatcherServlet        : GET "/api/telemetry/tower/47", parameters={}
2025-09-06T12:32:50.351+02:00 DEBUG 84692 --- [demo10] [nio-8088-exec-2] s.w.s.m.m.a.RequestMappingHandlerMapping : Mapped to com.example.demo.controller.TelemetryDataController#getTelemetryDataByTowerId(Long)
2025-09-06T12:32:50.351+02:00 DEBUG 84692 --- [demo10] [nio-8088-exec-2] o.j.s.OpenEntityManagerInViewInterceptor : Opening JPA EntityManager in OpenEntityManagerInViewInterceptor
Hibernate: 
    /* <criteria> */ select
        td1_0.telemetry_id,
        td1_0.air_quality,
        td1_0.ambient_temperature,
        td1_0.bandwidth,
        td1_0.battery,
        td1_0.cpu_utilization,
        td1_0.disk_space,
        td1_0.error_rate,
        td1_0.humidity,
        td1_0.interference,
        td1_0.jitter,
        td1_0.latency,
        td1_0.memory_usage,
        td1_0.network_load,
        td1_0.packet_loss,
        td1_0.precipitation,
        td1_0.pressure,
        td1_0.response_time,
        td1_0.signal_strength,
        td1_0.status,
        td1_0.temperature,
        td1_0.throughput,
        td1_0.timestamp,
        td1_0.tower_id,
        td1_0.uptime,
        td1_0.uv_index,
        td1_0.vibration,
        td1_0.voltage,
        td1_0.wind_direction,
        td1_0.wind_speed 
    from
        telemetry_data td1_0 
    where
        td1_0.tower_id=? 
    order by
        td1_0.timestamp desc
2025-09-06T12:32:50.353+02:00 DEBUG 84692 --- [demo10] [nio-8088-exec-2] o.s.w.s.m.m.a.HttpEntityMethodProcessor  : Using 'application/json', given [*/*] and supported [application/json, application/*+json]
2025-09-06T12:32:50.353+02:00 DEBUG 84692 --- [demo10] [nio-8088-exec-2] o.s.w.s.m.m.a.HttpEntityMethodProcessor  : Writing [[]]
2025-09-06T12:32:50.353+02:00 DEBUG 84692 --- [demo10] [nio-8088-exec-2] o.j.s.OpenEntityManagerInViewInterceptor : Closing JPA EntityManager in OpenEntityManagerInViewInterceptor
2025-09-06T12:32:50.353+02:00 DEBUG 84692 --- [demo10] [nio-8088-exec-2] o.s.web.servlet.DispatcherServlet        : Completed 200 OK
2025-09-06T12:34:06.040+02:00 DEBUG 84692 --- [demo10] [nio-8088-exec-4] o.s.web.servlet.DispatcherServlet        : GET "/api/towers/47", parameters={}
2025-09-06T12:34:06.042+02:00 DEBUG 84692 --- [demo10] [nio-8088-exec-4] s.w.s.m.m.a.RequestMappingHandlerMapping : Mapped to com.example.demo.controller.TowerController#getTowerById(Long)
2025-09-06T12:34:06.042+02:00 DEBUG 84692 --- [demo10] [nio-8088-exec-4] o.j.s.OpenEntityManagerInViewInterceptor : Opening JPA EntityManager in OpenEntityManagerInViewInterceptor
2025-09-06T12:34:06.044+02:00 DEBUG 84692 --- [demo10] [nio-8088-exec-4] o.s.orm.jpa.JpaTransactionManager        : Found thread-bound EntityManager [SessionImpl(1621648073<open>)] for JPA transaction
2025-09-06T12:34:06.044+02:00 DEBUG 84692 --- [demo10] [nio-8088-exec-4] o.s.orm.jpa.JpaTransactionManager        : Creating new transaction with name [org.springframework.data.jpa.repository.support.SimpleJpaRepository.findById]: PROPAGATION_REQUIRED,ISOLATION_DEFAULT,readOnly
2025-09-06T12:34:06.045+02:00 DEBUG 84692 --- [demo10] [nio-8088-exec-4] o.s.jdbc.datasource.DataSourceUtils      : Setting JDBC Connection [HikariProxyConnection@791719926 wrapping org.postgresql.jdbc.PgConnection@311561a3] read-only
2025-09-06T12:34:06.045+02:00 DEBUG 84692 --- [demo10] [nio-8088-exec-4] o.s.orm.jpa.JpaTransactionManager        : Exposing JPA transaction as JDBC [org.springframework.orm.jpa.vendor.HibernateJpaDialect$HibernateConnectionHandle@300dad61]
Hibernate: 
    select
        t1_0.tower_id,
        t1_0.api_endpoint_url,
        t1_0.api_key,
        t1_0.battery,
        t1_0.city,
        t1_0.created_at,
        t1_0.last_maintenance,
        t1_0.latitude,
        t1_0.longitude,
        t1_0.model_3d_path,
        t1_0.name,
        t1_0.network_load,
        t1_0.region,
        t1_0.status,
        t1_0.temperature,
        t1_0.updated_at,
        t1_0.uptime,
        t1_0.use_case 
    from
        towers t1_0 
    where
        t1_0.tower_id=?
2025-09-06T12:34:06.051+02:00 DEBUG 84692 --- [demo10] [nio-8088-exec-4] o.s.orm.jpa.JpaTransactionManager        : Initiating transaction commit
2025-09-06T12:34:06.051+02:00 DEBUG 84692 --- [demo10] [nio-8088-exec-4] o.s.orm.jpa.JpaTransactionManager        : Committing JPA transaction on EntityManager [SessionImpl(1621648073<open>)]
2025-09-06T12:34:06.051+02:00 DEBUG 84692 --- [demo10] [nio-8088-exec-4] o.s.jdbc.datasource.DataSourceUtils      : Resetting read-only flag of JDBC Connection [HikariProxyConnection@791719926 wrapping org.postgresql.jdbc.PgConnection@311561a3]
2025-09-06T12:34:06.051+02:00 DEBUG 84692 --- [demo10] [nio-8088-exec-4] o.s.orm.jpa.JpaTransactionManager        : Not closing pre-bound JPA EntityManager after transaction
2025-09-06T12:34:06.052+02:00 DEBUG 84692 --- [demo10] [nio-8088-exec-4] o.s.w.s.m.m.a.HttpEntityMethodProcessor  : Using 'application/json', given [*/*] and supported [application/json, application/*+json]
2025-09-06T12:34:06.052+02:00 DEBUG 84692 --- [demo10] [nio-8088-exec-4] o.s.w.s.m.m.a.HttpEntityMethodProcessor  : Writing [TowerDTO(id=47, name=TESTTTT, status=online, latitude=11.222, longitude=11.332974, city=213, battery (truncated)...]
2025-09-06T12:34:06.054+02:00 DEBUG 84692 --- [demo10] [nio-8088-exec-4] o.j.s.OpenEntityManagerInViewInterceptor : Closing JPA EntityManager in OpenEntityManagerInViewInterceptor
2025-09-06T12:34:06.054+02:00 DEBUG 84692 --- [demo10] [nio-8088-exec-4] o.s.web.servlet.DispatcherServlet        : Completed 200 OK
2025-09-06T12:34:06.089+02:00 DEBUG 84692 --- [demo10] [nio-8088-exec-3] o.s.web.servlet.DispatcherServlet        : GET "/api/hardware/tower/47", parameters={}
2025-09-06T12:34:06.089+02:00 DEBUG 84692 --- [demo10] [nio-8088-exec-3] s.w.s.m.m.a.RequestMappingHandlerMapping : Mapped to com.example.demo.controller.HardwareController#getHardwareByTowerId(Long)
2025-09-06T12:34:06.089+02:00 DEBUG 84692 --- [demo10] [nio-8088-exec-3] o.j.s.OpenEntityManagerInViewInterceptor : Opening JPA EntityManager in OpenEntityManagerInViewInterceptor
Hibernate: 
    /* <criteria> */ select
        h1_0.hardware_id,
        h1_0.created_at,
        h1_0.install_date,
        h1_0.model,
        h1_0.name,
        h1_0.serial_number,
        h1_0.specifications,
        h1_0.status,
        h1_0.tower_id,
        h1_0.type,
        h1_0.updated_at,
        h1_0.vendor,
        h1_0.warranty_expiry 
    from
        hardware h1_0 
    left join
        towers t1_0 
            on t1_0.tower_id=h1_0.tower_id 
    where
        t1_0.tower_id=?
2025-09-06T12:34:06.094+02:00 DEBUG 84692 --- [demo10] [nio-8088-exec-3] o.s.w.s.m.m.a.HttpEntityMethodProcessor  : Using 'application/json', given [*/*] and supported [application/json, application/*+json]
2025-09-06T12:34:06.094+02:00 DEBUG 84692 --- [demo10] [nio-8088-exec-3] o.s.w.s.m.m.a.HttpEntityMethodProcessor  : Writing [[]]
2025-09-06T12:34:06.094+02:00 DEBUG 84692 --- [demo10] [nio-8088-exec-3] o.j.s.OpenEntityManagerInViewInterceptor : Closing JPA EntityManager in OpenEntityManagerInViewInterceptor
2025-09-06T12:34:06.094+02:00 DEBUG 84692 --- [demo10] [nio-8088-exec-3] o.s.web.servlet.DispatcherServlet        : Completed 200 OK
2025-09-06T12:34:06.113+02:00 DEBUG 84692 --- [demo10] [nio-8088-exec-5] o.s.web.servlet.DispatcherServlet        : GET "/api/thresholds/tower/47", parameters={}
2025-09-06T12:34:06.113+02:00 DEBUG 84692 --- [demo10] [nio-8088-exec-5] s.w.s.m.m.a.RequestMappingHandlerMapping : Mapped to com.example.demo.controller.ThresholdRuleController#getThresholdRulesByTowerId(Long)
2025-09-06T12:34:06.113+02:00 DEBUG 84692 --- [demo10] [nio-8088-exec-5] o.j.s.OpenEntityManagerInViewInterceptor : Opening JPA EntityManager in OpenEntityManagerInViewInterceptor
Hibernate: 
    /* <criteria> */ select
        tr1_0.rule_id,
        tr1_0.condition,
        tr1_0.created_at,
        tr1_0.description,
        tr1_0.enabled,
        tr1_0.metric,
        tr1_0.name,
        tr1_0.severity,
        tr1_0.tower_id,
        tr1_0.updated_at,
        tr1_0.value 
    from
        threshold_rules tr1_0 
    where
        tr1_0.tower_id=?
2025-09-06T12:34:06.115+02:00 DEBUG 84692 --- [demo10] [nio-8088-exec-5] o.s.w.s.m.m.a.HttpEntityMethodProcessor  : Using 'application/json', given [*/*] and supported [application/json, application/*+json]
2025-09-06T12:34:06.115+02:00 DEBUG 84692 --- [demo10] [nio-8088-exec-5] o.s.w.s.m.m.a.HttpEntityMethodProcessor  : Writing [[]]
2025-09-06T12:34:06.115+02:00 DEBUG 84692 --- [demo10] [nio-8088-exec-5] o.j.s.OpenEntityManagerInViewInterceptor : Closing JPA EntityManager in OpenEntityManagerInViewInterceptor
2025-09-06T12:34:06.115+02:00 DEBUG 84692 --- [demo10] [nio-8088-exec-5] o.s.web.servlet.DispatcherServlet        : Completed 200 OK
2025-09-06T12:34:06.134+02:00 DEBUG 84692 --- [demo10] [nio-8088-exec-6] o.s.web.servlet.DispatcherServlet        : GET "/api/telemetry/tower/47", parameters={}
2025-09-06T12:34:06.134+02:00 DEBUG 84692 --- [demo10] [nio-8088-exec-6] s.w.s.m.m.a.RequestMappingHandlerMapping : Mapped to com.example.demo.controller.TelemetryDataController#getTelemetryDataByTowerId(Long)
2025-09-06T12:34:06.134+02:00 DEBUG 84692 --- [demo10] [nio-8088-exec-6] o.j.s.OpenEntityManagerInViewInterceptor : Opening JPA EntityManager in OpenEntityManagerInViewInterceptor
Hibernate: 
    /* <criteria> */ select
        td1_0.telemetry_id,
        td1_0.air_quality,
        td1_0.ambient_temperature,
        td1_0.bandwidth,
        td1_0.battery,
        td1_0.cpu_utilization,
        td1_0.disk_space,
        td1_0.error_rate,
        td1_0.humidity,
        td1_0.interference,
        td1_0.jitter,
        td1_0.latency,
        td1_0.memory_usage,
        td1_0.network_load,
        td1_0.packet_loss,
        td1_0.precipitation,
        td1_0.pressure,
        td1_0.response_time,
        td1_0.signal_strength,
        td1_0.status,
        td1_0.temperature,
        td1_0.throughput,
        td1_0.timestamp,
        td1_0.tower_id,
        td1_0.uptime,
        td1_0.uv_index,
        td1_0.vibration,
        td1_0.voltage,
        td1_0.wind_direction,
        td1_0.wind_speed 
    from
        telemetry_data td1_0 
    where
        td1_0.tower_id=? 
    order by
        td1_0.timestamp desc
2025-09-06T12:34:06.136+02:00 DEBUG 84692 --- [demo10] [nio-8088-exec-6] o.s.w.s.m.m.a.HttpEntityMethodProcessor  : Using 'application/json', given [*/*] and supported [application/json, application/*+json]
2025-09-06T12:34:06.136+02:00 DEBUG 84692 --- [demo10] [nio-8088-exec-6] o.s.w.s.m.m.a.HttpEntityMethodProcessor  : Writing [[]]
2025-09-06T12:34:06.136+02:00 DEBUG 84692 --- [demo10] [nio-8088-exec-6] o.j.s.OpenEntityManagerInViewInterceptor : Closing JPA EntityManager in OpenEntityManagerInViewInterceptor
2025-09-06T12:34:06.136+02:00 DEBUG 84692 --- [demo10] [nio-8088-exec-6] o.s.web.servlet.DispatcherServlet        : Completed 200 OK
2025-09-06T12:34:40.958+02:00 DEBUG 84692 --- [demo10] [nio-8088-exec-9] o.s.web.servlet.DispatcherServlet        : GET "/api/towers/47", parameters={}
2025-09-06T12:34:40.959+02:00 DEBUG 84692 --- [demo10] [nio-8088-exec-9] s.w.s.m.m.a.RequestMappingHandlerMapping : Mapped to com.example.demo.controller.TowerController#getTowerById(Long)
2025-09-06T12:34:40.960+02:00 DEBUG 84692 --- [demo10] [nio-8088-exec-9] o.j.s.OpenEntityManagerInViewInterceptor : Opening JPA EntityManager in OpenEntityManagerInViewInterceptor
2025-09-06T12:34:40.960+02:00 DEBUG 84692 --- [demo10] [nio-8088-exec-9] o.s.orm.jpa.JpaTransactionManager        : Found thread-bound EntityManager [SessionImpl(2020692204<open>)] for JPA transaction
2025-09-06T12:34:40.961+02:00 DEBUG 84692 --- [demo10] [nio-8088-exec-9] o.s.orm.jpa.JpaTransactionManager        : Creating new transaction with name [org.springframework.data.jpa.repository.support.SimpleJpaRepository.findById]: PROPAGATION_REQUIRED,ISOLATION_DEFAULT,readOnly
2025-09-06T12:34:40.961+02:00 DEBUG 84692 --- [demo10] [nio-8088-exec-9] o.s.jdbc.datasource.DataSourceUtils      : Setting JDBC Connection [HikariProxyConnection@47474857 wrapping org.postgresql.jdbc.PgConnection@a1c768a] read-only
2025-09-06T12:34:40.961+02:00 DEBUG 84692 --- [demo10] [nio-8088-exec-9] o.s.orm.jpa.JpaTransactionManager        : Exposing JPA transaction as JDBC [org.springframework.orm.jpa.vendor.HibernateJpaDialect$HibernateConnectionHandle@46e68549]
Hibernate: 
    select
        t1_0.tower_id,
        t1_0.api_endpoint_url,
        t1_0.api_key,
        t1_0.battery,
        t1_0.city,
        t1_0.created_at,
        t1_0.last_maintenance,
        t1_0.latitude,
        t1_0.longitude,
        t1_0.model_3d_path,
        t1_0.name,
        t1_0.network_load,
        t1_0.region,
        t1_0.status,
        t1_0.temperature,
        t1_0.updated_at,
        t1_0.uptime,
        t1_0.use_case 
    from
        towers t1_0 
    where
        t1_0.tower_id=?
2025-09-06T12:34:40.964+02:00 DEBUG 84692 --- [demo10] [nio-8088-exec-9] o.s.orm.jpa.JpaTransactionManager        : Initiating transaction commit
2025-09-06T12:34:40.964+02:00 DEBUG 84692 --- [demo10] [nio-8088-exec-9] o.s.orm.jpa.JpaTransactionManager        : Committing JPA transaction on EntityManager [SessionImpl(2020692204<open>)]
2025-09-06T12:34:40.964+02:00 DEBUG 84692 --- [demo10] [nio-8088-exec-9] o.s.jdbc.datasource.DataSourceUtils      : Resetting read-only flag of JDBC Connection [HikariProxyConnection@47474857 wrapping org.postgresql.jdbc.PgConnection@a1c768a]
2025-09-06T12:34:40.964+02:00 DEBUG 84692 --- [demo10] [nio-8088-exec-9] o.s.orm.jpa.JpaTransactionManager        : Not closing pre-bound JPA EntityManager after transaction
2025-09-06T12:34:40.965+02:00 DEBUG 84692 --- [demo10] [nio-8088-exec-9] o.s.w.s.m.m.a.HttpEntityMethodProcessor  : Using 'application/json', given [*/*] and supported [application/json, application/*+json]
2025-09-06T12:34:40.965+02:00 DEBUG 84692 --- [demo10] [nio-8088-exec-9] o.s.w.s.m.m.a.HttpEntityMethodProcessor  : Writing [TowerDTO(id=47, name=TESTTTT, status=online, latitude=11.222, longitude=11.332974, city=213, battery (truncated)...]
2025-09-06T12:34:40.965+02:00 DEBUG 84692 --- [demo10] [nio-8088-exec-9] o.j.s.OpenEntityManagerInViewInterceptor : Closing JPA EntityManager in OpenEntityManagerInViewInterceptor
2025-09-06T12:34:40.965+02:00 DEBUG 84692 --- [demo10] [nio-8088-exec-9] o.s.web.servlet.DispatcherServlet        : Completed 200 OK
2025-09-06T12:34:40.982+02:00 DEBUG 84692 --- [demo10] [nio-8088-exec-7] o.s.web.servlet.DispatcherServlet        : GET "/api/hardware/tower/47", parameters={}
2025-09-06T12:34:40.982+02:00 DEBUG 84692 --- [demo10] [nio-8088-exec-7] s.w.s.m.m.a.RequestMappingHandlerMapping : Mapped to com.example.demo.controller.HardwareController#getHardwareByTowerId(Long)
2025-09-06T12:34:40.982+02:00 DEBUG 84692 --- [demo10] [nio-8088-exec-7] o.j.s.OpenEntityManagerInViewInterceptor : Opening JPA EntityManager in OpenEntityManagerInViewInterceptor
Hibernate: 
    /* <criteria> */ select
        h1_0.hardware_id,
        h1_0.created_at,
        h1_0.install_date,
        h1_0.model,
        h1_0.name,
        h1_0.serial_number,
        h1_0.specifications,
        h1_0.status,
        h1_0.tower_id,
        h1_0.type,
        h1_0.updated_at,
        h1_0.vendor,
        h1_0.warranty_expiry 
    from
        hardware h1_0 
    left join
        towers t1_0 
            on t1_0.tower_id=h1_0.tower_id 
    where
        t1_0.tower_id=?
2025-09-06T12:34:40.985+02:00 DEBUG 84692 --- [demo10] [nio-8088-exec-7] o.s.w.s.m.m.a.HttpEntityMethodProcessor  : Using 'application/json', given [*/*] and supported [application/json, application/*+json]
2025-09-06T12:34:40.985+02:00 DEBUG 84692 --- [demo10] [nio-8088-exec-7] o.s.w.s.m.m.a.HttpEntityMethodProcessor  : Writing [[]]
2025-09-06T12:34:40.985+02:00 DEBUG 84692 --- [demo10] [nio-8088-exec-7] o.j.s.OpenEntityManagerInViewInterceptor : Closing JPA EntityManager in OpenEntityManagerInViewInterceptor
2025-09-06T12:34:40.985+02:00 DEBUG 84692 --- [demo10] [nio-8088-exec-7] o.s.web.servlet.DispatcherServlet        : Completed 200 OK
2025-09-06T12:34:40.999+02:00 DEBUG 84692 --- [demo10] [nio-8088-exec-8] o.s.web.servlet.DispatcherServlet        : GET "/api/thresholds/tower/47", parameters={}
2025-09-06T12:34:40.999+02:00 DEBUG 84692 --- [demo10] [nio-8088-exec-8] s.w.s.m.m.a.RequestMappingHandlerMapping : Mapped to com.example.demo.controller.ThresholdRuleController#getThresholdRulesByTowerId(Long)
2025-09-06T12:34:40.999+02:00 DEBUG 84692 --- [demo10] [nio-8088-exec-8] o.j.s.OpenEntityManagerInViewInterceptor : Opening JPA EntityManager in OpenEntityManagerInViewInterceptor
Hibernate: 
    /* <criteria> */ select
        tr1_0.rule_id,
        tr1_0.condition,
        tr1_0.created_at,
        tr1_0.description,
        tr1_0.enabled,
        tr1_0.metric,
        tr1_0.name,
        tr1_0.severity,
        tr1_0.tower_id,
        tr1_0.updated_at,
        tr1_0.value 
    from
        threshold_rules tr1_0 
    where
        tr1_0.tower_id=?
2025-09-06T12:34:41.001+02:00 DEBUG 84692 --- [demo10] [nio-8088-exec-8] o.s.w.s.m.m.a.HttpEntityMethodProcessor  : Using 'application/json', given [*/*] and supported [application/json, application/*+json]
2025-09-06T12:34:41.001+02:00 DEBUG 84692 --- [demo10] [nio-8088-exec-8] o.s.w.s.m.m.a.HttpEntityMethodProcessor  : Writing [[]]
2025-09-06T12:34:41.002+02:00 DEBUG 84692 --- [demo10] [nio-8088-exec-8] o.j.s.OpenEntityManagerInViewInterceptor : Closing JPA EntityManager in OpenEntityManagerInViewInterceptor
2025-09-06T12:34:41.002+02:00 DEBUG 84692 --- [demo10] [nio-8088-exec-8] o.s.web.servlet.DispatcherServlet        : Completed 200 OK
2025-09-06T12:34:41.014+02:00 DEBUG 84692 --- [demo10] [nio-8088-exec-1] o.s.web.servlet.DispatcherServlet        : GET "/api/telemetry/tower/47", parameters={}
2025-09-06T12:34:41.015+02:00 DEBUG 84692 --- [demo10] [nio-8088-exec-1] s.w.s.m.m.a.RequestMappingHandlerMapping : Mapped to com.example.demo.controller.TelemetryDataController#getTelemetryDataByTowerId(Long)
2025-09-06T12:34:41.015+02:00 DEBUG 84692 --- [demo10] [nio-8088-exec-1] o.j.s.OpenEntityManagerInViewInterceptor : Opening JPA EntityManager in OpenEntityManagerInViewInterceptor
Hibernate: 
    /* <criteria> */ select
        td1_0.telemetry_id,
        td1_0.air_quality,
        td1_0.ambient_temperature,
        td1_0.bandwidth,
        td1_0.battery,
        td1_0.cpu_utilization,
        td1_0.disk_space,
        td1_0.error_rate,
        td1_0.humidity,
        td1_0.interference,
        td1_0.jitter,
        td1_0.latency,
        td1_0.memory_usage,
        td1_0.network_load,
        td1_0.packet_loss,
        td1_0.precipitation,
        td1_0.pressure,
        td1_0.response_time,
        td1_0.signal_strength,
        td1_0.status,
        td1_0.temperature,
        td1_0.throughput,
        td1_0.timestamp,
        td1_0.tower_id,
        td1_0.uptime,
        td1_0.uv_index,
        td1_0.vibration,
        td1_0.voltage,
        td1_0.wind_direction,
        td1_0.wind_speed 
    from
        telemetry_data td1_0 
    where
        td1_0.tower_id=? 
    order by
        td1_0.timestamp desc
2025-09-06T12:34:41.017+02:00 DEBUG 84692 --- [demo10] [nio-8088-exec-1] o.s.w.s.m.m.a.HttpEntityMethodProcessor  : Using 'application/json', given [*/*] and supported [application/json, application/*+json]
2025-09-06T12:34:41.017+02:00 DEBUG 84692 --- [demo10] [nio-8088-exec-1] o.s.w.s.m.m.a.HttpEntityMethodProcessor  : Writing [[]]
2025-09-06T12:34:41.017+02:00 DEBUG 84692 --- [demo10] [nio-8088-exec-1] o.j.s.OpenEntityManagerInViewInterceptor : Closing JPA EntityManager in OpenEntityManagerInViewInterceptor
2025-09-06T12:34:41.017+02:00 DEBUG 84692 --- [demo10] [nio-8088-exec-1] o.s.web.servlet.DispatcherServlet        : Completed 200 OK
2025-09-06T12:34:46.577+02:00 DEBUG 84692 --- [demo10] [nio-8088-exec-2] o.s.web.servlet.DispatcherServlet        : GET "/api/towers/47", parameters={}
2025-09-06T12:34:46.577+02:00 DEBUG 84692 --- [demo10] [nio-8088-exec-2] s.w.s.m.m.a.RequestMappingHandlerMapping : Mapped to com.example.demo.controller.TowerController#getTowerById(Long)
2025-09-06T12:34:46.578+02:00 DEBUG 84692 --- [demo10] [nio-8088-exec-2] o.j.s.OpenEntityManagerInViewInterceptor : Opening JPA EntityManager in OpenEntityManagerInViewInterceptor
2025-09-06T12:34:46.578+02:00 DEBUG 84692 --- [demo10] [nio-8088-exec-2] o.s.orm.jpa.JpaTransactionManager        : Found thread-bound EntityManager [SessionImpl(1130071153<open>)] for JPA transaction
2025-09-06T12:34:46.578+02:00 DEBUG 84692 --- [demo10] [nio-8088-exec-2] o.s.orm.jpa.JpaTransactionManager        : Creating new transaction with name [org.springframework.data.jpa.repository.support.SimpleJpaRepository.findById]: PROPAGATION_REQUIRED,ISOLATION_DEFAULT,readOnly
2025-09-06T12:34:46.578+02:00 DEBUG 84692 --- [demo10] [nio-8088-exec-2] o.s.jdbc.datasource.DataSourceUtils      : Setting JDBC Connection [HikariProxyConnection@420485870 wrapping org.postgresql.jdbc.PgConnection@a1c768a] read-only
2025-09-06T12:34:46.578+02:00 DEBUG 84692 --- [demo10] [nio-8088-exec-2] o.s.orm.jpa.JpaTransactionManager        : Exposing JPA transaction as JDBC [org.springframework.orm.jpa.vendor.HibernateJpaDialect$HibernateConnectionHandle@3ea2492]
Hibernate: 
    select
        t1_0.tower_id,
        t1_0.api_endpoint_url,
        t1_0.api_key,
        t1_0.battery,
        t1_0.city,
        t1_0.created_at,
        t1_0.last_maintenance,
        t1_0.latitude,
        t1_0.longitude,
        t1_0.model_3d_path,
        t1_0.name,
        t1_0.network_load,
        t1_0.region,
        t1_0.status,
        t1_0.temperature,
        t1_0.updated_at,
        t1_0.uptime,
        t1_0.use_case 
    from
        towers t1_0 
    where
        t1_0.tower_id=?
2025-09-06T12:34:46.579+02:00 DEBUG 84692 --- [demo10] [nio-8088-exec-2] o.s.orm.jpa.JpaTransactionManager        : Initiating transaction commit
2025-09-06T12:34:46.579+02:00 DEBUG 84692 --- [demo10] [nio-8088-exec-2] o.s.orm.jpa.JpaTransactionManager        : Committing JPA transaction on EntityManager [SessionImpl(1130071153<open>)]
2025-09-06T12:34:46.580+02:00 DEBUG 84692 --- [demo10] [nio-8088-exec-2] o.s.jdbc.datasource.DataSourceUtils      : Resetting read-only flag of JDBC Connection [HikariProxyConnection@420485870 wrapping org.postgresql.jdbc.PgConnection@a1c768a]
2025-09-06T12:34:46.580+02:00 DEBUG 84692 --- [demo10] [nio-8088-exec-2] o.s.orm.jpa.JpaTransactionManager        : Not closing pre-bound JPA EntityManager after transaction
2025-09-06T12:34:46.580+02:00 DEBUG 84692 --- [demo10] [nio-8088-exec-2] o.s.w.s.m.m.a.HttpEntityMethodProcessor  : Using 'application/json', given [*/*] and supported [application/json, application/*+json]
2025-09-06T12:34:46.580+02:00 DEBUG 84692 --- [demo10] [nio-8088-exec-2] o.s.w.s.m.m.a.HttpEntityMethodProcessor  : Writing [TowerDTO(id=47, name=TESTTTT, status=online, latitude=11.222, longitude=11.332974, city=213, battery (truncated)...]
2025-09-06T12:34:46.580+02:00 DEBUG 84692 --- [demo10] [nio-8088-exec-2] o.j.s.OpenEntityManagerInViewInterceptor : Closing JPA EntityManager in OpenEntityManagerInViewInterceptor
2025-09-06T12:34:46.581+02:00 DEBUG 84692 --- [demo10] [nio-8088-exec-2] o.s.web.servlet.DispatcherServlet        : Completed 200 OK
2025-09-06T12:34:46.629+02:00 DEBUG 84692 --- [demo10] [io-8088-exec-10] o.s.web.servlet.DispatcherServlet        : GET "/api/hardware/tower/47", parameters={}
2025-09-06T12:34:46.629+02:00 DEBUG 84692 --- [demo10] [io-8088-exec-10] s.w.s.m.m.a.RequestMappingHandlerMapping : Mapped to com.example.demo.controller.HardwareController#getHardwareByTowerId(Long)
2025-09-06T12:34:46.629+02:00 DEBUG 84692 --- [demo10] [io-8088-exec-10] o.j.s.OpenEntityManagerInViewInterceptor : Opening JPA EntityManager in OpenEntityManagerInViewInterceptor
Hibernate: 
    /* <criteria> */ select
        h1_0.hardware_id,
        h1_0.created_at,
        h1_0.install_date,
        h1_0.model,
        h1_0.name,
        h1_0.serial_number,
        h1_0.specifications,
        h1_0.status,
        h1_0.tower_id,
        h1_0.type,
        h1_0.updated_at,
        h1_0.vendor,
        h1_0.warranty_expiry 
    from
        hardware h1_0 
    left join
        towers t1_0 
            on t1_0.tower_id=h1_0.tower_id 
    where
        t1_0.tower_id=?
2025-09-06T12:34:46.631+02:00 DEBUG 84692 --- [demo10] [io-8088-exec-10] o.s.w.s.m.m.a.HttpEntityMethodProcessor  : Using 'application/json', given [*/*] and supported [application/json, application/*+json]
2025-09-06T12:34:46.632+02:00 DEBUG 84692 --- [demo10] [io-8088-exec-10] o.s.w.s.m.m.a.HttpEntityMethodProcessor  : Writing [[]]
2025-09-06T12:34:46.632+02:00 DEBUG 84692 --- [demo10] [io-8088-exec-10] o.j.s.OpenEntityManagerInViewInterceptor : Closing JPA EntityManager in OpenEntityManagerInViewInterceptor
2025-09-06T12:34:46.632+02:00 DEBUG 84692 --- [demo10] [io-8088-exec-10] o.s.web.servlet.DispatcherServlet        : Completed 200 OK
2025-09-06T12:34:46.655+02:00 DEBUG 84692 --- [demo10] [nio-8088-exec-4] o.s.web.servlet.DispatcherServlet        : GET "/api/thresholds/tower/47", parameters={}
2025-09-06T12:34:46.655+02:00 DEBUG 84692 --- [demo10] [nio-8088-exec-4] s.w.s.m.m.a.RequestMappingHandlerMapping : Mapped to com.example.demo.controller.ThresholdRuleController#getThresholdRulesByTowerId(Long)
2025-09-06T12:34:46.655+02:00 DEBUG 84692 --- [demo10] [nio-8088-exec-4] o.j.s.OpenEntityManagerInViewInterceptor : Opening JPA EntityManager in OpenEntityManagerInViewInterceptor
Hibernate: 
    /* <criteria> */ select
        tr1_0.rule_id,
        tr1_0.condition,
        tr1_0.created_at,
        tr1_0.description,
        tr1_0.enabled,
        tr1_0.metric,
        tr1_0.name,
        tr1_0.severity,
        tr1_0.tower_id,
        tr1_0.updated_at,
        tr1_0.value 
    from
        threshold_rules tr1_0 
    where
        tr1_0.tower_id=?
2025-09-06T12:34:46.658+02:00 DEBUG 84692 --- [demo10] [nio-8088-exec-4] o.s.w.s.m.m.a.HttpEntityMethodProcessor  : Using 'application/json', given [*/*] and supported [application/json, application/*+json]
2025-09-06T12:34:46.658+02:00 DEBUG 84692 --- [demo10] [nio-8088-exec-4] o.s.w.s.m.m.a.HttpEntityMethodProcessor  : Writing [[]]
2025-09-06T12:34:46.658+02:00 DEBUG 84692 --- [demo10] [nio-8088-exec-4] o.j.s.OpenEntityManagerInViewInterceptor : Closing JPA EntityManager in OpenEntityManagerInViewInterceptor
2025-09-06T12:34:46.659+02:00 DEBUG 84692 --- [demo10] [nio-8088-exec-4] o.s.web.servlet.DispatcherServlet        : Completed 200 OK
2025-09-06T12:34:46.670+02:00 DEBUG 84692 --- [demo10] [nio-8088-exec-3] o.s.web.servlet.DispatcherServlet        : GET "/api/telemetry/tower/47", parameters={}
2025-09-06T12:34:46.670+02:00 DEBUG 84692 --- [demo10] [nio-8088-exec-3] s.w.s.m.m.a.RequestMappingHandlerMapping : Mapped to com.example.demo.controller.TelemetryDataController#getTelemetryDataByTowerId(Long)
2025-09-06T12:34:46.670+02:00 DEBUG 84692 --- [demo10] [nio-8088-exec-3] o.j.s.OpenEntityManagerInViewInterceptor : Opening JPA EntityManager in OpenEntityManagerInViewInterceptor
Hibernate: 
    /* <criteria> */ select
        td1_0.telemetry_id,
        td1_0.air_quality,
        td1_0.ambient_temperature,
        td1_0.bandwidth,
        td1_0.battery,
        td1_0.cpu_utilization,
        td1_0.disk_space,
        td1_0.error_rate,
        td1_0.humidity,
        td1_0.interference,
        td1_0.jitter,
        td1_0.latency,
        td1_0.memory_usage,
        td1_0.network_load,
        td1_0.packet_loss,
        td1_0.precipitation,
        td1_0.pressure,
        td1_0.response_time,
        td1_0.signal_strength,
        td1_0.status,
        td1_0.temperature,
        td1_0.throughput,
        td1_0.timestamp,
        td1_0.tower_id,
        td1_0.uptime,
        td1_0.uv_index,
        td1_0.vibration,
        td1_0.voltage,
        td1_0.wind_direction,
        td1_0.wind_speed 
    from
        telemetry_data td1_0 
    where
        td1_0.tower_id=? 
    order by
        td1_0.timestamp desc
2025-09-06T12:34:46.672+02:00 DEBUG 84692 --- [demo10] [nio-8088-exec-3] o.s.w.s.m.m.a.HttpEntityMethodProcessor  : Using 'application/json', given [*/*] and supported [application/json, application/*+json]
2025-09-06T12:34:46.672+02:00 DEBUG 84692 --- [demo10] [nio-8088-exec-3] o.s.w.s.m.m.a.HttpEntityMethodProcessor  : Writing [[]]
2025-09-06T12:34:46.672+02:00 DEBUG 84692 --- [demo10] [nio-8088-exec-3] o.j.s.OpenEntityManagerInViewInterceptor : Closing JPA EntityManager in OpenEntityManagerInViewInterceptor
2025-09-06T12:34:46.672+02:00 DEBUG 84692 --- [demo10] [nio-8088-exec-3] o.s.web.servlet.DispatcherServlet        : Completed 200 OK
2025-09-06T12:34:47.435+02:00 DEBUG 84692 --- [demo10] [nio-8088-exec-5] o.s.web.servlet.DispatcherServlet        : GET "/api/towers/47", parameters={}
2025-09-06T12:34:47.435+02:00 DEBUG 84692 --- [demo10] [nio-8088-exec-5] s.w.s.m.m.a.RequestMappingHandlerMapping : Mapped to com.example.demo.controller.TowerController#getTowerById(Long)
2025-09-06T12:34:47.435+02:00 DEBUG 84692 --- [demo10] [nio-8088-exec-5] o.j.s.OpenEntityManagerInViewInterceptor : Opening JPA EntityManager in OpenEntityManagerInViewInterceptor
2025-09-06T12:34:47.437+02:00 DEBUG 84692 --- [demo10] [nio-8088-exec-5] o.s.orm.jpa.JpaTransactionManager        : Found thread-bound EntityManager [SessionImpl(714942486<open>)] for JPA transaction
2025-09-06T12:34:47.437+02:00 DEBUG 84692 --- [demo10] [nio-8088-exec-5] o.s.orm.jpa.JpaTransactionManager        : Creating new transaction with name [org.springframework.data.jpa.repository.support.SimpleJpaRepository.findById]: PROPAGATION_REQUIRED,ISOLATION_DEFAULT,readOnly
2025-09-06T12:34:47.437+02:00 DEBUG 84692 --- [demo10] [nio-8088-exec-5] o.s.jdbc.datasource.DataSourceUtils      : Setting JDBC Connection [HikariProxyConnection@2012715153 wrapping org.postgresql.jdbc.PgConnection@a1c768a] read-only
2025-09-06T12:34:47.437+02:00 DEBUG 84692 --- [demo10] [nio-8088-exec-5] o.s.orm.jpa.JpaTransactionManager        : Exposing JPA transaction as JDBC [org.springframework.orm.jpa.vendor.HibernateJpaDialect$HibernateConnectionHandle@43820476]
Hibernate: 
    select
        t1_0.tower_id,
        t1_0.api_endpoint_url,
        t1_0.api_key,
        t1_0.battery,
        t1_0.city,
        t1_0.created_at,
        t1_0.last_maintenance,
        t1_0.latitude,
        t1_0.longitude,
        t1_0.model_3d_path,
        t1_0.name,
        t1_0.network_load,
        t1_0.region,
        t1_0.status,
        t1_0.temperature,
        t1_0.updated_at,
        t1_0.uptime,
        t1_0.use_case 
    from
        towers t1_0 
    where
        t1_0.tower_id=?
2025-09-06T12:34:47.438+02:00 DEBUG 84692 --- [demo10] [nio-8088-exec-5] o.s.orm.jpa.JpaTransactionManager        : Initiating transaction commit
2025-09-06T12:34:47.438+02:00 DEBUG 84692 --- [demo10] [nio-8088-exec-5] o.s.orm.jpa.JpaTransactionManager        : Committing JPA transaction on EntityManager [SessionImpl(714942486<open>)]
2025-09-06T12:34:47.439+02:00 DEBUG 84692 --- [demo10] [nio-8088-exec-5] o.s.jdbc.datasource.DataSourceUtils      : Resetting read-only flag of JDBC Connection [HikariProxyConnection@2012715153 wrapping org.postgresql.jdbc.PgConnection@a1c768a]
2025-09-06T12:34:47.439+02:00 DEBUG 84692 --- [demo10] [nio-8088-exec-5] o.s.orm.jpa.JpaTransactionManager        : Not closing pre-bound JPA EntityManager after transaction
2025-09-06T12:34:47.439+02:00 DEBUG 84692 --- [demo10] [nio-8088-exec-5] o.s.w.s.m.m.a.HttpEntityMethodProcessor  : Using 'application/json', given [*/*] and supported [application/json, application/*+json]
2025-09-06T12:34:47.439+02:00 DEBUG 84692 --- [demo10] [nio-8088-exec-5] o.s.w.s.m.m.a.HttpEntityMethodProcessor  : Writing [TowerDTO(id=47, name=TESTTTT, status=online, latitude=11.222, longitude=11.332974, city=213, battery (truncated)...]
2025-09-06T12:34:47.439+02:00 DEBUG 84692 --- [demo10] [nio-8088-exec-5] o.j.s.OpenEntityManagerInViewInterceptor : Closing JPA EntityManager in OpenEntityManagerInViewInterceptor
2025-09-06T12:34:47.439+02:00 DEBUG 84692 --- [demo10] [nio-8088-exec-5] o.s.web.servlet.DispatcherServlet        : Completed 200 OK
2025-09-06T12:34:47.451+02:00 DEBUG 84692 --- [demo10] [nio-8088-exec-6] o.s.web.servlet.DispatcherServlet        : GET "/api/hardware/tower/47", parameters={}
2025-09-06T12:34:47.452+02:00 DEBUG 84692 --- [demo10] [nio-8088-exec-6] s.w.s.m.m.a.RequestMappingHandlerMapping : Mapped to com.example.demo.controller.HardwareController#getHardwareByTowerId(Long)
2025-09-06T12:34:47.452+02:00 DEBUG 84692 --- [demo10] [nio-8088-exec-6] o.j.s.OpenEntityManagerInViewInterceptor : Opening JPA EntityManager in OpenEntityManagerInViewInterceptor
Hibernate: 
    /* <criteria> */ select
        h1_0.hardware_id,
        h1_0.created_at,
        h1_0.install_date,
        h1_0.model,
        h1_0.name,
        h1_0.serial_number,
        h1_0.specifications,
        h1_0.status,
        h1_0.tower_id,
        h1_0.type,
        h1_0.updated_at,
        h1_0.vendor,
        h1_0.warranty_expiry 
    from
        hardware h1_0 
    left join
        towers t1_0 
            on t1_0.tower_id=h1_0.tower_id 
    where
        t1_0.tower_id=?
2025-09-06T12:34:47.454+02:00 DEBUG 84692 --- [demo10] [nio-8088-exec-6] o.s.w.s.m.m.a.HttpEntityMethodProcessor  : Using 'application/json', given [*/*] and supported [application/json, application/*+json]
2025-09-06T12:34:47.454+02:00 DEBUG 84692 --- [demo10] [nio-8088-exec-6] o.s.w.s.m.m.a.HttpEntityMethodProcessor  : Writing [[]]
2025-09-06T12:34:47.454+02:00 DEBUG 84692 --- [demo10] [nio-8088-exec-6] o.j.s.OpenEntityManagerInViewInterceptor : Closing JPA EntityManager in OpenEntityManagerInViewInterceptor
2025-09-06T12:34:47.454+02:00 DEBUG 84692 --- [demo10] [nio-8088-exec-6] o.s.web.servlet.DispatcherServlet        : Completed 200 OK
2025-09-06T12:34:47.511+02:00 DEBUG 84692 --- [demo10] [nio-8088-exec-9] o.s.web.servlet.DispatcherServlet        : GET "/api/thresholds/tower/47", parameters={}
2025-09-06T12:34:47.511+02:00 DEBUG 84692 --- [demo10] [nio-8088-exec-9] s.w.s.m.m.a.RequestMappingHandlerMapping : Mapped to com.example.demo.controller.ThresholdRuleController#getThresholdRulesByTowerId(Long)
2025-09-06T12:34:47.511+02:00 DEBUG 84692 --- [demo10] [nio-8088-exec-9] o.j.s.OpenEntityManagerInViewInterceptor : Opening JPA EntityManager in OpenEntityManagerInViewInterceptor
Hibernate: 
    /* <criteria> */ select
        tr1_0.rule_id,
        tr1_0.condition,
        tr1_0.created_at,
        tr1_0.description,
        tr1_0.enabled,
        tr1_0.metric,
        tr1_0.name,
        tr1_0.severity,
        tr1_0.tower_id,
        tr1_0.updated_at,
        tr1_0.value 
    from
        threshold_rules tr1_0 
    where
        tr1_0.tower_id=?
2025-09-06T12:34:47.513+02:00 DEBUG 84692 --- [demo10] [nio-8088-exec-9] o.s.w.s.m.m.a.HttpEntityMethodProcessor  : Using 'application/json', given [*/*] and supported [application/json, application/*+json]
2025-09-06T12:34:47.513+02:00 DEBUG 84692 --- [demo10] [nio-8088-exec-9] o.s.w.s.m.m.a.HttpEntityMethodProcessor  : Writing [[]]
2025-09-06T12:34:47.513+02:00 DEBUG 84692 --- [demo10] [nio-8088-exec-9] o.j.s.OpenEntityManagerInViewInterceptor : Closing JPA EntityManager in OpenEntityManagerInViewInterceptor
2025-09-06T12:34:47.513+02:00 DEBUG 84692 --- [demo10] [nio-8088-exec-9] o.s.web.servlet.DispatcherServlet        : Completed 200 OK
2025-09-06T12:34:47.522+02:00 DEBUG 84692 --- [demo10] [nio-8088-exec-7] o.s.web.servlet.DispatcherServlet        : GET "/api/telemetry/tower/47", parameters={}
2025-09-06T12:34:47.522+02:00 DEBUG 84692 --- [demo10] [nio-8088-exec-7] s.w.s.m.m.a.RequestMappingHandlerMapping : Mapped to com.example.demo.controller.TelemetryDataController#getTelemetryDataByTowerId(Long)
2025-09-06T12:34:47.523+02:00 DEBUG 84692 --- [demo10] [nio-8088-exec-7] o.j.s.OpenEntityManagerInViewInterceptor : Opening JPA EntityManager in OpenEntityManagerInViewInterceptor
Hibernate: 
    /* <criteria> */ select
        td1_0.telemetry_id,
        td1_0.air_quality,
        td1_0.ambient_temperature,
        td1_0.bandwidth,
        td1_0.battery,
        td1_0.cpu_utilization,
        td1_0.disk_space,
        td1_0.error_rate,
        td1_0.humidity,
        td1_0.interference,
        td1_0.jitter,
        td1_0.latency,
        td1_0.memory_usage,
        td1_0.network_load,
        td1_0.packet_loss,
        td1_0.precipitation,
        td1_0.pressure,
        td1_0.response_time,
        td1_0.signal_strength,
        td1_0.status,
        td1_0.temperature,
        td1_0.throughput,
        td1_0.timestamp,
        td1_0.tower_id,
        td1_0.uptime,
        td1_0.uv_index,
        td1_0.vibration,
        td1_0.voltage,
        td1_0.wind_direction,
        td1_0.wind_speed 
    from
        telemetry_data td1_0 
    where
        td1_0.tower_id=? 
    order by
        td1_0.timestamp desc
2025-09-06T12:34:47.524+02:00 DEBUG 84692 --- [demo10] [nio-8088-exec-7] o.s.w.s.m.m.a.HttpEntityMethodProcessor  : Using 'application/json', given [*/*] and supported [application/json, application/*+json]
2025-09-06T12:34:47.524+02:00 DEBUG 84692 --- [demo10] [nio-8088-exec-7] o.s.w.s.m.m.a.HttpEntityMethodProcessor  : Writing [[]]
2025-09-06T12:34:47.524+02:00 DEBUG 84692 --- [demo10] [nio-8088-exec-7] o.j.s.OpenEntityManagerInViewInterceptor : Closing JPA EntityManager in OpenEntityManagerInViewInterceptor
2025-09-06T12:34:47.524+02:00 DEBUG 84692 --- [demo10] [nio-8088-exec-7] o.s.web.servlet.DispatcherServlet        : Completed 200 OK
2025-09-06T12:34:50.901+02:00 DEBUG 84692 --- [demo10] [nio-8088-exec-8] o.s.web.servlet.DispatcherServlet        : GET "/api/towers/47", parameters={}
2025-09-06T12:34:50.901+02:00 DEBUG 84692 --- [demo10] [nio-8088-exec-8] s.w.s.m.m.a.RequestMappingHandlerMapping : Mapped to com.example.demo.controller.TowerController#getTowerById(Long)
2025-09-06T12:34:50.902+02:00 DEBUG 84692 --- [demo10] [nio-8088-exec-8] o.j.s.OpenEntityManagerInViewInterceptor : Opening JPA EntityManager in OpenEntityManagerInViewInterceptor
2025-09-06T12:34:50.902+02:00 DEBUG 84692 --- [demo10] [nio-8088-exec-8] o.s.orm.jpa.JpaTransactionManager        : Found thread-bound EntityManager [SessionImpl(123086443<open>)] for JPA transaction
2025-09-06T12:34:50.902+02:00 DEBUG 84692 --- [demo10] [nio-8088-exec-8] o.s.orm.jpa.JpaTransactionManager        : Creating new transaction with name [org.springframework.data.jpa.repository.support.SimpleJpaRepository.findById]: PROPAGATION_REQUIRED,ISOLATION_DEFAULT,readOnly
2025-09-06T12:34:50.902+02:00 DEBUG 84692 --- [demo10] [nio-8088-exec-8] o.s.jdbc.datasource.DataSourceUtils      : Setting JDBC Connection [HikariProxyConnection@337531881 wrapping org.postgresql.jdbc.PgConnection@a1c768a] read-only
2025-09-06T12:34:50.902+02:00 DEBUG 84692 --- [demo10] [nio-8088-exec-8] o.s.orm.jpa.JpaTransactionManager        : Exposing JPA transaction as JDBC [org.springframework.orm.jpa.vendor.HibernateJpaDialect$HibernateConnectionHandle@48e9b064]
Hibernate: 
    select
        t1_0.tower_id,
        t1_0.api_endpoint_url,
        t1_0.api_key,
        t1_0.battery,
        t1_0.city,
        t1_0.created_at,
        t1_0.last_maintenance,
        t1_0.latitude,
        t1_0.longitude,
        t1_0.model_3d_path,
        t1_0.name,
        t1_0.network_load,
        t1_0.region,
        t1_0.status,
        t1_0.temperature,
        t1_0.updated_at,
        t1_0.uptime,
        t1_0.use_case 
    from
        towers t1_0 
    where
        t1_0.tower_id=?
2025-09-06T12:34:50.903+02:00 DEBUG 84692 --- [demo10] [nio-8088-exec-8] o.s.orm.jpa.JpaTransactionManager        : Initiating transaction commit
2025-09-06T12:34:50.903+02:00 DEBUG 84692 --- [demo10] [nio-8088-exec-8] o.s.orm.jpa.JpaTransactionManager        : Committing JPA transaction on EntityManager [SessionImpl(123086443<open>)]
2025-09-06T12:34:50.903+02:00 DEBUG 84692 --- [demo10] [nio-8088-exec-8] o.s.jdbc.datasource.DataSourceUtils      : Resetting read-only flag of JDBC Connection [HikariProxyConnection@337531881 wrapping org.postgresql.jdbc.PgConnection@a1c768a]
2025-09-06T12:34:50.903+02:00 DEBUG 84692 --- [demo10] [nio-8088-exec-8] o.s.orm.jpa.JpaTransactionManager        : Not closing pre-bound JPA EntityManager after transaction
2025-09-06T12:34:50.904+02:00 DEBUG 84692 --- [demo10] [nio-8088-exec-8] o.s.w.s.m.m.a.HttpEntityMethodProcessor  : Using 'application/json', given [*/*] and supported [application/json, application/*+json]
2025-09-06T12:34:50.904+02:00 DEBUG 84692 --- [demo10] [nio-8088-exec-8] o.s.w.s.m.m.a.HttpEntityMethodProcessor  : Writing [TowerDTO(id=47, name=TESTTTT, status=online, latitude=11.222, longitude=11.332974, city=213, battery (truncated)...]
2025-09-06T12:34:50.904+02:00 DEBUG 84692 --- [demo10] [nio-8088-exec-8] o.j.s.OpenEntityManagerInViewInterceptor : Closing JPA EntityManager in OpenEntityManagerInViewInterceptor
2025-09-06T12:34:50.904+02:00 DEBUG 84692 --- [demo10] [nio-8088-exec-8] o.s.web.servlet.DispatcherServlet        : Completed 200 OK
2025-09-06T12:34:50.930+02:00 DEBUG 84692 --- [demo10] [nio-8088-exec-1] o.s.web.servlet.DispatcherServlet        : GET "/api/hardware/tower/47", parameters={}
2025-09-06T12:34:50.931+02:00 DEBUG 84692 --- [demo10] [nio-8088-exec-1] s.w.s.m.m.a.RequestMappingHandlerMapping : Mapped to com.example.demo.controller.HardwareController#getHardwareByTowerId(Long)
2025-09-06T12:34:50.931+02:00 DEBUG 84692 --- [demo10] [nio-8088-exec-1] o.j.s.OpenEntityManagerInViewInterceptor : Opening JPA EntityManager in OpenEntityManagerInViewInterceptor
Hibernate: 
    /* <criteria> */ select
        h1_0.hardware_id,
        h1_0.created_at,
        h1_0.install_date,
        h1_0.model,
        h1_0.name,
        h1_0.serial_number,
        h1_0.specifications,
        h1_0.status,
        h1_0.tower_id,
        h1_0.type,
        h1_0.updated_at,
        h1_0.vendor,
        h1_0.warranty_expiry 
    from
        hardware h1_0 
    left join
        towers t1_0 
            on t1_0.tower_id=h1_0.tower_id 
    where
        t1_0.tower_id=?
2025-09-06T12:34:50.932+02:00 DEBUG 84692 --- [demo10] [nio-8088-exec-1] o.s.w.s.m.m.a.HttpEntityMethodProcessor  : Using 'application/json', given [*/*] and supported [application/json, application/*+json]
2025-09-06T12:34:50.932+02:00 DEBUG 84692 --- [demo10] [nio-8088-exec-1] o.s.w.s.m.m.a.HttpEntityMethodProcessor  : Writing [[]]
2025-09-06T12:34:50.933+02:00 DEBUG 84692 --- [demo10] [nio-8088-exec-1] o.j.s.OpenEntityManagerInViewInterceptor : Closing JPA EntityManager in OpenEntityManagerInViewInterceptor
2025-09-06T12:34:50.933+02:00 DEBUG 84692 --- [demo10] [nio-8088-exec-1] o.s.web.servlet.DispatcherServlet        : Completed 200 OK
2025-09-06T12:34:50.984+02:00 DEBUG 84692 --- [demo10] [nio-8088-exec-2] o.s.web.servlet.DispatcherServlet        : GET "/api/thresholds/tower/47", parameters={}
2025-09-06T12:34:50.984+02:00 DEBUG 84692 --- [demo10] [nio-8088-exec-2] s.w.s.m.m.a.RequestMappingHandlerMapping : Mapped to com.example.demo.controller.ThresholdRuleController#getThresholdRulesByTowerId(Long)
2025-09-06T12:34:50.984+02:00 DEBUG 84692 --- [demo10] [nio-8088-exec-2] o.j.s.OpenEntityManagerInViewInterceptor : Opening JPA EntityManager in OpenEntityManagerInViewInterceptor
Hibernate: 
    /* <criteria> */ select
        tr1_0.rule_id,
        tr1_0.condition,
        tr1_0.created_at,
        tr1_0.description,
        tr1_0.enabled,
        tr1_0.metric,
        tr1_0.name,
        tr1_0.severity,
        tr1_0.tower_id,
        tr1_0.updated_at,
        tr1_0.value 
    from
        threshold_rules tr1_0 
    where
        tr1_0.tower_id=?
2025-09-06T12:34:50.986+02:00 DEBUG 84692 --- [demo10] [nio-8088-exec-2] o.s.w.s.m.m.a.HttpEntityMethodProcessor  : Using 'application/json', given [*/*] and supported [application/json, application/*+json]
2025-09-06T12:34:50.986+02:00 DEBUG 84692 --- [demo10] [nio-8088-exec-2] o.s.w.s.m.m.a.HttpEntityMethodProcessor  : Writing [[]]
2025-09-06T12:34:50.986+02:00 DEBUG 84692 --- [demo10] [nio-8088-exec-2] o.j.s.OpenEntityManagerInViewInterceptor : Closing JPA EntityManager in OpenEntityManagerInViewInterceptor
2025-09-06T12:34:50.986+02:00 DEBUG 84692 --- [demo10] [nio-8088-exec-2] o.s.web.servlet.DispatcherServlet        : Completed 200 OK
2025-09-06T12:34:51.002+02:00 DEBUG 84692 --- [demo10] [io-8088-exec-10] o.s.web.servlet.DispatcherServlet        : GET "/api/telemetry/tower/47", parameters={}
2025-09-06T12:34:51.002+02:00 DEBUG 84692 --- [demo10] [io-8088-exec-10] s.w.s.m.m.a.RequestMappingHandlerMapping : Mapped to com.example.demo.controller.TelemetryDataController#getTelemetryDataByTowerId(Long)
2025-09-06T12:34:51.003+02:00 DEBUG 84692 --- [demo10] [io-8088-exec-10] o.j.s.OpenEntityManagerInViewInterceptor : Opening JPA EntityManager in OpenEntityManagerInViewInterceptor
Hibernate: 
    /* <criteria> */ select
        td1_0.telemetry_id,
        td1_0.air_quality,
        td1_0.ambient_temperature,
        td1_0.bandwidth,
        td1_0.battery,
        td1_0.cpu_utilization,
        td1_0.disk_space,
        td1_0.error_rate,
        td1_0.humidity,
        td1_0.interference,
        td1_0.jitter,
        td1_0.latency,
        td1_0.memory_usage,
        td1_0.network_load,
        td1_0.packet_loss,
        td1_0.precipitation,
        td1_0.pressure,
        td1_0.response_time,
        td1_0.signal_strength,
        td1_0.status,
        td1_0.temperature,
        td1_0.throughput,
        td1_0.timestamp,
        td1_0.tower_id,
        td1_0.uptime,
        td1_0.uv_index,
        td1_0.vibration,
        td1_0.voltage,
        td1_0.wind_direction,
        td1_0.wind_speed 
    from
        telemetry_data td1_0 
    where
        td1_0.tower_id=? 
    order by
        td1_0.timestamp desc
2025-09-06T12:34:51.004+02:00 DEBUG 84692 --- [demo10] [io-8088-exec-10] o.s.w.s.m.m.a.HttpEntityMethodProcessor  : Using 'application/json', given [*/*] and supported [application/json, application/*+json]
2025-09-06T12:34:51.004+02:00 DEBUG 84692 --- [demo10] [io-8088-exec-10] o.s.w.s.m.m.a.HttpEntityMethodProcessor  : Writing [[]]
2025-09-06T12:34:51.005+02:00 DEBUG 84692 --- [demo10] [io-8088-exec-10] o.j.s.OpenEntityManagerInViewInterceptor : Closing JPA EntityManager in OpenEntityManagerInViewInterceptor
2025-09-06T12:34:51.005+02:00 DEBUG 84692 --- [demo10] [io-8088-exec-10] o.s.web.servlet.DispatcherServlet        : Completed 200 OK
2025-09-06T12:34:51.019+02:00 DEBUG 84692 --- [demo10] [nio-8088-exec-4] o.s.web.servlet.DispatcherServlet        : OPTIONS "/api/maintenance/tower/47", parameters={}
2025-09-06T12:34:51.019+02:00 DEBUG 84692 --- [demo10] [nio-8088-exec-4] o.s.w.s.handler.SimpleUrlHandlerMapping  : Mapped to ResourceHttpRequestHandler [classpath [META-INF/resources/], classpath [resources/], classpath [static/], classpath [public/], ServletContext [/]]
2025-09-06T12:34:51.020+02:00 DEBUG 84692 --- [demo10] [nio-8088-exec-4] o.j.s.OpenEntityManagerInViewInterceptor : Opening JPA EntityManager in OpenEntityManagerInViewInterceptor
2025-09-06T12:34:51.020+02:00 DEBUG 84692 --- [demo10] [nio-8088-exec-4] o.j.s.OpenEntityManagerInViewInterceptor : Closing JPA EntityManager in OpenEntityManagerInViewInterceptor
2025-09-06T12:34:51.020+02:00 DEBUG 84692 --- [demo10] [nio-8088-exec-4] o.s.web.servlet.DispatcherServlet        : Completed 200 OK
2025-09-06T12:34:51.021+02:00 DEBUG 84692 --- [demo10] [nio-8088-exec-3] o.s.web.servlet.DispatcherServlet        : GET "/api/maintenance/tower/47", parameters={}
2025-09-06T12:34:51.021+02:00 DEBUG 84692 --- [demo10] [nio-8088-exec-3] o.s.w.s.handler.SimpleUrlHandlerMapping  : Mapped to ResourceHttpRequestHandler [classpath [META-INF/resources/], classpath [resources/], classpath [static/], classpath [public/], ServletContext [/]]
2025-09-06T12:34:51.021+02:00 DEBUG 84692 --- [demo10] [nio-8088-exec-3] o.j.s.OpenEntityManagerInViewInterceptor : Opening JPA EntityManager in OpenEntityManagerInViewInterceptor
2025-09-06T12:34:51.022+02:00 DEBUG 84692 --- [demo10] [nio-8088-exec-3] o.s.w.s.r.ResourceHttpRequestHandler     : Resource not found
2025-09-06T12:34:51.023+02:00 DEBUG 84692 --- [demo10] [nio-8088-exec-3] .m.m.a.ExceptionHandlerExceptionResolver : Using @ExceptionHandler com.example.demo.GlobalExceptionHandler#handleAllExceptions(Exception)
org.springframework.web.servlet.resource.NoResourceFoundException: No static resource api/maintenance/tower/47.
	at org.springframework.web.servlet.resource.ResourceHttpRequestHandler.handleRequest(ResourceHttpRequestHandler.java:585)
	at org.springframework.web.servlet.mvc.HttpRequestHandlerAdapter.handle(HttpRequestHandlerAdapter.java:52)
	at org.springframework.web.servlet.DispatcherServlet.doDispatch(DispatcherServlet.java:1089)
	at org.springframework.web.servlet.DispatcherServlet.doService(DispatcherServlet.java:979)
	at org.springframework.web.servlet.FrameworkServlet.processRequest(FrameworkServlet.java:1014)
	at org.springframework.web.servlet.FrameworkServlet.doGet(FrameworkServlet.java:903)
	at jakarta.servlet.http.HttpServlet.service(HttpServlet.java:564)
	at org.springframework.web.servlet.FrameworkServlet.service(FrameworkServlet.java:885)
	at jakarta.servlet.http.HttpServlet.service(HttpServlet.java:658)
	at org.apache.catalina.core.ApplicationFilterChain.internalDoFilter(ApplicationFilterChain.java:195)
	at org.apache.catalina.core.ApplicationFilterChain.doFilter(ApplicationFilterChain.java:140)
	at org.apache.tomcat.websocket.server.WsFilter.doFilter(WsFilter.java:51)
	at org.apache.catalina.core.ApplicationFilterChain.internalDoFilter(ApplicationFilterChain.java:164)
	at org.apache.catalina.core.ApplicationFilterChain.doFilter(ApplicationFilterChain.java:140)
	at org.springframework.web.filter.RequestContextFilter.doFilterInternal(RequestContextFilter.java:100)
	at org.springframework.web.filter.OncePerRequestFilter.doFilter(OncePerRequestFilter.java:116)
	at org.apache.catalina.core.ApplicationFilterChain.internalDoFilter(ApplicationFilterChain.java:164)
	at org.apache.catalina.core.ApplicationFilterChain.doFilter(ApplicationFilterChain.java:140)
	at org.springframework.web.filter.FormContentFilter.doFilterInternal(FormContentFilter.java:93)
	at org.springframework.web.filter.OncePerRequestFilter.doFilter(OncePerRequestFilter.java:116)
	at org.apache.catalina.core.ApplicationFilterChain.internalDoFilter(ApplicationFilterChain.java:164)
	at org.apache.catalina.core.ApplicationFilterChain.doFilter(ApplicationFilterChain.java:140)
	at org.springframework.web.filter.CharacterEncodingFilter.doFilterInternal(CharacterEncodingFilter.java:201)
	at org.springframework.web.filter.OncePerRequestFilter.doFilter(OncePerRequestFilter.java:116)
	at org.apache.catalina.core.ApplicationFilterChain.internalDoFilter(ApplicationFilterChain.java:164)
	at org.apache.catalina.core.ApplicationFilterChain.doFilter(ApplicationFilterChain.java:140)
	at org.apache.catalina.core.StandardWrapperValve.invoke(StandardWrapperValve.java:167)
	at org.apache.catalina.core.StandardContextValve.invoke(StandardContextValve.java:90)
	at org.apache.catalina.authenticator.AuthenticatorBase.invoke(AuthenticatorBase.java:483)
	at org.apache.catalina.core.StandardHostValve.invoke(StandardHostValve.java:116)
	at org.apache.catalina.valves.ErrorReportValve.invoke(ErrorReportValve.java:93)
	at org.apache.catalina.core.StandardEngineValve.invoke(StandardEngineValve.java:74)
	at org.apache.catalina.connector.CoyoteAdapter.service(CoyoteAdapter.java:344)
	at org.apache.coyote.http11.Http11Processor.service(Http11Processor.java:398)
	at org.apache.coyote.AbstractProcessorLight.process(AbstractProcessorLight.java:63)
	at org.apache.coyote.AbstractProtocol$ConnectionHandler.process(AbstractProtocol.java:903)
	at org.apache.tomcat.util.net.NioEndpoint$SocketProcessor.doRun(NioEndpoint.java:1769)
	at org.apache.tomcat.util.net.SocketProcessorBase.run(SocketProcessorBase.java:52)
	at org.apache.tomcat.util.threads.ThreadPoolExecutor.runWorker(ThreadPoolExecutor.java:1189)
	at org.apache.tomcat.util.threads.ThreadPoolExecutor$Worker.run(ThreadPoolExecutor.java:658)
	at org.apache.tomcat.util.threads.TaskThread$WrappingRunnable.run(TaskThread.java:63)
	at java.base/java.lang.Thread.run(Thread.java:1589)
2025-09-06T12:34:51.023+02:00 DEBUG 84692 --- [demo10] [nio-8088-exec-3] o.s.w.s.m.m.a.HttpEntityMethodProcessor  : Using 'text/plain', given [*/*] and supported [text/plain, */*, application/json, application/*+json]
2025-09-06T12:34:51.023+02:00 DEBUG 84692 --- [demo10] [nio-8088-exec-3] o.s.w.s.m.m.a.HttpEntityMethodProcessor  : Writing ["Internal Server Error: No static resource api/maintenance/tower/47."]
2025-09-06T12:34:51.024+02:00 DEBUG 84692 --- [demo10] [nio-8088-exec-3] .m.m.a.ExceptionHandlerExceptionResolver : Resolved [org.springframework.web.servlet.resource.NoResourceFoundException: No static resource api/maintenance/tower/47.]
2025-09-06T12:34:51.024+02:00 DEBUG 84692 --- [demo10] [nio-8088-exec-3] o.j.s.OpenEntityManagerInViewInterceptor : Closing JPA EntityManager in OpenEntityManagerInViewInterceptor
2025-09-06T12:34:51.024+02:00 DEBUG 84692 --- [demo10] [nio-8088-exec-3] o.s.web.servlet.DispatcherServlet        : Completed 500 INTERNAL_SERVER_ERROR
2025-09-06T12:34:51.395+02:00 DEBUG 84692 --- [demo10] [nio-8088-exec-5] o.s.web.servlet.DispatcherServlet        : GET "/api/towers/47", parameters={}
2025-09-06T12:34:51.395+02:00 DEBUG 84692 --- [demo10] [nio-8088-exec-5] s.w.s.m.m.a.RequestMappingHandlerMapping : Mapped to com.example.demo.controller.TowerController#getTowerById(Long)
2025-09-06T12:34:51.395+02:00 DEBUG 84692 --- [demo10] [nio-8088-exec-5] o.j.s.OpenEntityManagerInViewInterceptor : Opening JPA EntityManager in OpenEntityManagerInViewInterceptor
2025-09-06T12:34:51.396+02:00 DEBUG 84692 --- [demo10] [nio-8088-exec-5] o.s.orm.jpa.JpaTransactionManager        : Found thread-bound EntityManager [SessionImpl(1665177643<open>)] for JPA transaction
2025-09-06T12:34:51.396+02:00 DEBUG 84692 --- [demo10] [nio-8088-exec-5] o.s.orm.jpa.JpaTransactionManager        : Creating new transaction with name [org.springframework.data.jpa.repository.support.SimpleJpaRepository.findById]: PROPAGATION_REQUIRED,ISOLATION_DEFAULT,readOnly
2025-09-06T12:34:51.396+02:00 DEBUG 84692 --- [demo10] [nio-8088-exec-5] o.s.jdbc.datasource.DataSourceUtils      : Setting JDBC Connection [HikariProxyConnection@222169196 wrapping org.postgresql.jdbc.PgConnection@a1c768a] read-only
2025-09-06T12:34:51.396+02:00 DEBUG 84692 --- [demo10] [nio-8088-exec-5] o.s.orm.jpa.JpaTransactionManager        : Exposing JPA transaction as JDBC [org.springframework.orm.jpa.vendor.HibernateJpaDialect$HibernateConnectionHandle@756d237e]
Hibernate: 
    select
        t1_0.tower_id,
        t1_0.api_endpoint_url,
        t1_0.api_key,
        t1_0.battery,
        t1_0.city,
        t1_0.created_at,
        t1_0.last_maintenance,
        t1_0.latitude,
        t1_0.longitude,
        t1_0.model_3d_path,
        t1_0.name,
        t1_0.network_load,
        t1_0.region,
        t1_0.status,
        t1_0.temperature,
        t1_0.updated_at,
        t1_0.uptime,
        t1_0.use_case 
    from
        towers t1_0 
    where
        t1_0.tower_id=?
2025-09-06T12:34:51.397+02:00 DEBUG 84692 --- [demo10] [nio-8088-exec-5] o.s.orm.jpa.JpaTransactionManager        : Initiating transaction commit
2025-09-06T12:34:51.397+02:00 DEBUG 84692 --- [demo10] [nio-8088-exec-5] o.s.orm.jpa.JpaTransactionManager        : Committing JPA transaction on EntityManager [SessionImpl(1665177643<open>)]
2025-09-06T12:34:51.397+02:00 DEBUG 84692 --- [demo10] [nio-8088-exec-5] o.s.jdbc.datasource.DataSourceUtils      : Resetting read-only flag of JDBC Connection [HikariProxyConnection@222169196 wrapping org.postgresql.jdbc.PgConnection@a1c768a]
2025-09-06T12:34:51.397+02:00 DEBUG 84692 --- [demo10] [nio-8088-exec-5] o.s.orm.jpa.JpaTransactionManager        : Not closing pre-bound JPA EntityManager after transaction
2025-09-06T12:34:51.397+02:00 DEBUG 84692 --- [demo10] [nio-8088-exec-5] o.s.w.s.m.m.a.HttpEntityMethodProcessor  : Using 'application/json', given [*/*] and supported [application/json, application/*+json]
2025-09-06T12:34:51.397+02:00 DEBUG 84692 --- [demo10] [nio-8088-exec-5] o.s.w.s.m.m.a.HttpEntityMethodProcessor  : Writing [TowerDTO(id=47, name=TESTTTT, status=online, latitude=11.222, longitude=11.332974, city=213, battery (truncated)...]
2025-09-06T12:34:51.398+02:00 DEBUG 84692 --- [demo10] [nio-8088-exec-5] o.j.s.OpenEntityManagerInViewInterceptor : Closing JPA EntityManager in OpenEntityManagerInViewInterceptor
2025-09-06T12:34:51.398+02:00 DEBUG 84692 --- [demo10] [nio-8088-exec-5] o.s.web.servlet.DispatcherServlet        : Completed 200 OK
2025-09-06T12:34:51.427+02:00 DEBUG 84692 --- [demo10] [nio-8088-exec-6] o.s.web.servlet.DispatcherServlet        : GET "/api/hardware/tower/47", parameters={}
2025-09-06T12:34:51.428+02:00 DEBUG 84692 --- [demo10] [nio-8088-exec-6] s.w.s.m.m.a.RequestMappingHandlerMapping : Mapped to com.example.demo.controller.HardwareController#getHardwareByTowerId(Long)
2025-09-06T12:34:51.428+02:00 DEBUG 84692 --- [demo10] [nio-8088-exec-6] o.j.s.OpenEntityManagerInViewInterceptor : Opening JPA EntityManager in OpenEntityManagerInViewInterceptor
Hibernate: 
    /* <criteria> */ select
        h1_0.hardware_id,
        h1_0.created_at,
        h1_0.install_date,
        h1_0.model,
        h1_0.name,
        h1_0.serial_number,
        h1_0.specifications,
        h1_0.status,
        h1_0.tower_id,
        h1_0.type,
        h1_0.updated_at,
        h1_0.vendor,
        h1_0.warranty_expiry 
    from
        hardware h1_0 
    left join
        towers t1_0 
            on t1_0.tower_id=h1_0.tower_id 
    where
        t1_0.tower_id=?
2025-09-06T12:34:51.429+02:00 DEBUG 84692 --- [demo10] [nio-8088-exec-6] o.s.w.s.m.m.a.HttpEntityMethodProcessor  : Using 'application/json', given [*/*] and supported [application/json, application/*+json]
2025-09-06T12:34:51.429+02:00 DEBUG 84692 --- [demo10] [nio-8088-exec-6] o.s.w.s.m.m.a.HttpEntityMethodProcessor  : Writing [[]]
2025-09-06T12:34:51.429+02:00 DEBUG 84692 --- [demo10] [nio-8088-exec-6] o.j.s.OpenEntityManagerInViewInterceptor : Closing JPA EntityManager in OpenEntityManagerInViewInterceptor
2025-09-06T12:34:51.429+02:00 DEBUG 84692 --- [demo10] [nio-8088-exec-6] o.s.web.servlet.DispatcherServlet        : Completed 200 OK
2025-09-06T12:34:51.467+02:00 DEBUG 84692 --- [demo10] [nio-8088-exec-9] o.s.web.servlet.DispatcherServlet        : GET "/api/thresholds/tower/47", parameters={}
2025-09-06T12:34:51.467+02:00 DEBUG 84692 --- [demo10] [nio-8088-exec-9] s.w.s.m.m.a.RequestMappingHandlerMapping : Mapped to com.example.demo.controller.ThresholdRuleController#getThresholdRulesByTowerId(Long)
2025-09-06T12:34:51.467+02:00 DEBUG 84692 --- [demo10] [nio-8088-exec-9] o.j.s.OpenEntityManagerInViewInterceptor : Opening JPA EntityManager in OpenEntityManagerInViewInterceptor
Hibernate: 
    /* <criteria> */ select
        tr1_0.rule_id,
        tr1_0.condition,
        tr1_0.created_at,
        tr1_0.description,
        tr1_0.enabled,
        tr1_0.metric,
        tr1_0.name,
        tr1_0.severity,
        tr1_0.tower_id,
        tr1_0.updated_at,
        tr1_0.value 
    from
        threshold_rules tr1_0 
    where
        tr1_0.tower_id=?
2025-09-06T12:34:51.468+02:00 DEBUG 84692 --- [demo10] [nio-8088-exec-9] o.s.w.s.m.m.a.HttpEntityMethodProcessor  : Using 'application/json', given [*/*] and supported [application/json, application/*+json]
2025-09-06T12:34:51.468+02:00 DEBUG 84692 --- [demo10] [nio-8088-exec-9] o.s.w.s.m.m.a.HttpEntityMethodProcessor  : Writing [[]]
2025-09-06T12:34:51.468+02:00 DEBUG 84692 --- [demo10] [nio-8088-exec-9] o.j.s.OpenEntityManagerInViewInterceptor : Closing JPA EntityManager in OpenEntityManagerInViewInterceptor
2025-09-06T12:34:51.469+02:00 DEBUG 84692 --- [demo10] [nio-8088-exec-9] o.s.web.servlet.DispatcherServlet        : Completed 200 OK
2025-09-06T12:34:51.482+02:00 DEBUG 84692 --- [demo10] [nio-8088-exec-7] o.s.web.servlet.DispatcherServlet        : GET "/api/telemetry/tower/47", parameters={}
2025-09-06T12:34:51.482+02:00 DEBUG 84692 --- [demo10] [nio-8088-exec-7] s.w.s.m.m.a.RequestMappingHandlerMapping : Mapped to com.example.demo.controller.TelemetryDataController#getTelemetryDataByTowerId(Long)
2025-09-06T12:34:51.482+02:00 DEBUG 84692 --- [demo10] [nio-8088-exec-7] o.j.s.OpenEntityManagerInViewInterceptor : Opening JPA EntityManager in OpenEntityManagerInViewInterceptor
Hibernate: 
    /* <criteria> */ select
        td1_0.telemetry_id,
        td1_0.air_quality,
        td1_0.ambient_temperature,
        td1_0.bandwidth,
        td1_0.battery,
        td1_0.cpu_utilization,
        td1_0.disk_space,
        td1_0.error_rate,
        td1_0.humidity,
        td1_0.interference,
        td1_0.jitter,
        td1_0.latency,
        td1_0.memory_usage,
        td1_0.network_load,
        td1_0.packet_loss,
        td1_0.precipitation,
        td1_0.pressure,
        td1_0.response_time,
        td1_0.signal_strength,
        td1_0.status,
        td1_0.temperature,
        td1_0.throughput,
        td1_0.timestamp,
        td1_0.tower_id,
        td1_0.uptime,
        td1_0.uv_index,
        td1_0.vibration,
        td1_0.voltage,
        td1_0.wind_direction,
        td1_0.wind_speed 
    from
        telemetry_data td1_0 
    where
        td1_0.tower_id=? 
    order by
        td1_0.timestamp desc
2025-09-06T12:34:51.484+02:00 DEBUG 84692 --- [demo10] [nio-8088-exec-7] o.s.w.s.m.m.a.HttpEntityMethodProcessor  : Using 'application/json', given [*/*] and supported [application/json, application/*+json]
2025-09-06T12:34:51.484+02:00 DEBUG 84692 --- [demo10] [nio-8088-exec-7] o.s.w.s.m.m.a.HttpEntityMethodProcessor  : Writing [[]]
2025-09-06T12:34:51.484+02:00 DEBUG 84692 --- [demo10] [nio-8088-exec-7] o.j.s.OpenEntityManagerInViewInterceptor : Closing JPA EntityManager in OpenEntityManagerInViewInterceptor
2025-09-06T12:34:51.484+02:00 DEBUG 84692 --- [demo10] [nio-8088-exec-7] o.s.web.servlet.DispatcherServlet        : Completed 200 OK
2025-09-06T12:34:51.494+02:00 DEBUG 84692 --- [demo10] [nio-8088-exec-8] o.s.web.servlet.DispatcherServlet        : GET "/api/maintenance/tower/47", parameters={}
2025-09-06T12:34:51.495+02:00 DEBUG 84692 --- [demo10] [nio-8088-exec-8] o.s.w.s.handler.SimpleUrlHandlerMapping  : Mapped to ResourceHttpRequestHandler [classpath [META-INF/resources/], classpath [resources/], classpath [static/], classpath [public/], ServletContext [/]]
2025-09-06T12:34:51.495+02:00 DEBUG 84692 --- [demo10] [nio-8088-exec-8] o.j.s.OpenEntityManagerInViewInterceptor : Opening JPA EntityManager in OpenEntityManagerInViewInterceptor
2025-09-06T12:34:51.495+02:00 DEBUG 84692 --- [demo10] [nio-8088-exec-8] o.s.w.s.r.ResourceHttpRequestHandler     : Resource not found
2025-09-06T12:34:51.495+02:00 DEBUG 84692 --- [demo10] [nio-8088-exec-8] .m.m.a.ExceptionHandlerExceptionResolver : Using @ExceptionHandler com.example.demo.GlobalExceptionHandler#handleAllExceptions(Exception)
org.springframework.web.servlet.resource.NoResourceFoundException: No static resource api/maintenance/tower/47.
	at org.springframework.web.servlet.resource.ResourceHttpRequestHandler.handleRequest(ResourceHttpRequestHandler.java:585)
	at org.springframework.web.servlet.mvc.HttpRequestHandlerAdapter.handle(HttpRequestHandlerAdapter.java:52)
	at org.springframework.web.servlet.DispatcherServlet.doDispatch(DispatcherServlet.java:1089)
	at org.springframework.web.servlet.DispatcherServlet.doService(DispatcherServlet.java:979)
	at org.springframework.web.servlet.FrameworkServlet.processRequest(FrameworkServlet.java:1014)
	at org.springframework.web.servlet.FrameworkServlet.doGet(FrameworkServlet.java:903)
	at jakarta.servlet.http.HttpServlet.service(HttpServlet.java:564)
	at org.springframework.web.servlet.FrameworkServlet.service(FrameworkServlet.java:885)
	at jakarta.servlet.http.HttpServlet.service(HttpServlet.java:658)
	at org.apache.catalina.core.ApplicationFilterChain.internalDoFilter(ApplicationFilterChain.java:195)
	at org.apache.catalina.core.ApplicationFilterChain.doFilter(ApplicationFilterChain.java:140)
	at org.apache.tomcat.websocket.server.WsFilter.doFilter(WsFilter.java:51)
	at org.apache.catalina.core.ApplicationFilterChain.internalDoFilter(ApplicationFilterChain.java:164)
	at org.apache.catalina.core.ApplicationFilterChain.doFilter(ApplicationFilterChain.java:140)
	at org.springframework.web.filter.RequestContextFilter.doFilterInternal(RequestContextFilter.java:100)
	at org.springframework.web.filter.OncePerRequestFilter.doFilter(OncePerRequestFilter.java:116)
	at org.apache.catalina.core.ApplicationFilterChain.internalDoFilter(ApplicationFilterChain.java:164)
	at org.apache.catalina.core.ApplicationFilterChain.doFilter(ApplicationFilterChain.java:140)
	at org.springframework.web.filter.FormContentFilter.doFilterInternal(FormContentFilter.java:93)
	at org.springframework.web.filter.OncePerRequestFilter.doFilter(OncePerRequestFilter.java:116)
	at org.apache.catalina.core.ApplicationFilterChain.internalDoFilter(ApplicationFilterChain.java:164)
	at org.apache.catalina.core.ApplicationFilterChain.doFilter(ApplicationFilterChain.java:140)
	at org.springframework.web.filter.CharacterEncodingFilter.doFilterInternal(CharacterEncodingFilter.java:201)
	at org.springframework.web.filter.OncePerRequestFilter.doFilter(OncePerRequestFilter.java:116)
	at org.apache.catalina.core.ApplicationFilterChain.internalDoFilter(ApplicationFilterChain.java:164)
	at org.apache.catalina.core.ApplicationFilterChain.doFilter(ApplicationFilterChain.java:140)
	at org.apache.catalina.core.StandardWrapperValve.invoke(StandardWrapperValve.java:167)
	at org.apache.catalina.core.StandardContextValve.invoke(StandardContextValve.java:90)
	at org.apache.catalina.authenticator.AuthenticatorBase.invoke(AuthenticatorBase.java:483)
	at org.apache.catalina.core.StandardHostValve.invoke(StandardHostValve.java:116)
	at org.apache.catalina.valves.ErrorReportValve.invoke(ErrorReportValve.java:93)
	at org.apache.catalina.core.StandardEngineValve.invoke(StandardEngineValve.java:74)
	at org.apache.catalina.connector.CoyoteAdapter.service(CoyoteAdapter.java:344)
	at org.apache.coyote.http11.Http11Processor.service(Http11Processor.java:398)
	at org.apache.coyote.AbstractProcessorLight.process(AbstractProcessorLight.java:63)
	at org.apache.coyote.AbstractProtocol$ConnectionHandler.process(AbstractProtocol.java:903)
	at org.apache.tomcat.util.net.NioEndpoint$SocketProcessor.doRun(NioEndpoint.java:1769)
	at org.apache.tomcat.util.net.SocketProcessorBase.run(SocketProcessorBase.java:52)
	at org.apache.tomcat.util.threads.ThreadPoolExecutor.runWorker(ThreadPoolExecutor.java:1189)
	at org.apache.tomcat.util.threads.ThreadPoolExecutor$Worker.run(ThreadPoolExecutor.java:658)
	at org.apache.tomcat.util.threads.TaskThread$WrappingRunnable.run(TaskThread.java:63)
	at java.base/java.lang.Thread.run(Thread.java:1589)
2025-09-06T12:34:51.496+02:00 DEBUG 84692 --- [demo10] [nio-8088-exec-8] o.s.w.s.m.m.a.HttpEntityMethodProcessor  : Using 'text/plain', given [*/*] and supported [text/plain, */*, application/json, application/*+json]
2025-09-06T12:34:51.496+02:00 DEBUG 84692 --- [demo10] [nio-8088-exec-8] o.s.w.s.m.m.a.HttpEntityMethodProcessor  : Writing ["Internal Server Error: No static resource api/maintenance/tower/47."]
2025-09-06T12:34:51.496+02:00 DEBUG 84692 --- [demo10] [nio-8088-exec-8] .m.m.a.ExceptionHandlerExceptionResolver : Resolved [org.springframework.web.servlet.resource.NoResourceFoundException: No static resource api/maintenance/tower/47.]
2025-09-06T12:34:51.496+02:00 DEBUG 84692 --- [demo10] [nio-8088-exec-8] o.j.s.OpenEntityManagerInViewInterceptor : Closing JPA EntityManager in OpenEntityManagerInViewInterceptor
2025-09-06T12:34:51.496+02:00 DEBUG 84692 --- [demo10] [nio-8088-exec-8] o.s.web.servlet.DispatcherServlet        : Completed 500 INTERNAL_SERVER_ERROR
2025-09-06T12:35:11.184+02:00 DEBUG 84692 --- [demo10] [nio-8088-exec-1] o.s.web.servlet.DispatcherServlet        : GET "/api/towers/47", parameters={}
2025-09-06T12:35:11.186+02:00 DEBUG 84692 --- [demo10] [nio-8088-exec-1] s.w.s.m.m.a.RequestMappingHandlerMapping : Mapped to com.example.demo.controller.TowerController#getTowerById(Long)
2025-09-06T12:35:11.186+02:00 DEBUG 84692 --- [demo10] [nio-8088-exec-1] o.j.s.OpenEntityManagerInViewInterceptor : Opening JPA EntityManager in OpenEntityManagerInViewInterceptor
2025-09-06T12:35:11.189+02:00 DEBUG 84692 --- [demo10] [nio-8088-exec-1] o.s.orm.jpa.JpaTransactionManager        : Found thread-bound EntityManager [SessionImpl(386463790<open>)] for JPA transaction
2025-09-06T12:35:11.189+02:00 DEBUG 84692 --- [demo10] [nio-8088-exec-1] o.s.orm.jpa.JpaTransactionManager        : Creating new transaction with name [org.springframework.data.jpa.repository.support.SimpleJpaRepository.findById]: PROPAGATION_REQUIRED,ISOLATION_DEFAULT,readOnly
2025-09-06T12:35:11.189+02:00 DEBUG 84692 --- [demo10] [nio-8088-exec-1] o.s.jdbc.datasource.DataSourceUtils      : Setting JDBC Connection [HikariProxyConnection@295104068 wrapping org.postgresql.jdbc.PgConnection@a1c768a] read-only
2025-09-06T12:35:11.189+02:00 DEBUG 84692 --- [demo10] [nio-8088-exec-1] o.s.orm.jpa.JpaTransactionManager        : Exposing JPA transaction as JDBC [org.springframework.orm.jpa.vendor.HibernateJpaDialect$HibernateConnectionHandle@7e72f849]
Hibernate: 
    select
        t1_0.tower_id,
        t1_0.api_endpoint_url,
        t1_0.api_key,
        t1_0.battery,
        t1_0.city,
        t1_0.created_at,
        t1_0.last_maintenance,
        t1_0.latitude,
        t1_0.longitude,
        t1_0.model_3d_path,
        t1_0.name,
        t1_0.network_load,
        t1_0.region,
        t1_0.status,
        t1_0.temperature,
        t1_0.updated_at,
        t1_0.uptime,
        t1_0.use_case 
    from
        towers t1_0 
    where
        t1_0.tower_id=?
2025-09-06T12:35:11.192+02:00 DEBUG 84692 --- [demo10] [nio-8088-exec-1] o.s.orm.jpa.JpaTransactionManager        : Initiating transaction commit
2025-09-06T12:35:11.192+02:00 DEBUG 84692 --- [demo10] [nio-8088-exec-1] o.s.orm.jpa.JpaTransactionManager        : Committing JPA transaction on EntityManager [SessionImpl(386463790<open>)]
2025-09-06T12:35:11.192+02:00 DEBUG 84692 --- [demo10] [nio-8088-exec-1] o.s.jdbc.datasource.DataSourceUtils      : Resetting read-only flag of JDBC Connection [HikariProxyConnection@295104068 wrapping org.postgresql.jdbc.PgConnection@a1c768a]
2025-09-06T12:35:11.192+02:00 DEBUG 84692 --- [demo10] [nio-8088-exec-1] o.s.orm.jpa.JpaTransactionManager        : Not closing pre-bound JPA EntityManager after transaction
2025-09-06T12:35:11.193+02:00 DEBUG 84692 --- [demo10] [nio-8088-exec-1] o.s.w.s.m.m.a.HttpEntityMethodProcessor  : Using 'application/json', given [*/*] and supported [application/json, application/*+json]
2025-09-06T12:35:11.194+02:00 DEBUG 84692 --- [demo10] [nio-8088-exec-1] o.s.w.s.m.m.a.HttpEntityMethodProcessor  : Writing [TowerDTO(id=47, name=TESTTTT, status=online, latitude=11.222, longitude=11.332974, city=213, battery (truncated)...]
2025-09-06T12:35:11.198+02:00 DEBUG 84692 --- [demo10] [nio-8088-exec-1] o.j.s.OpenEntityManagerInViewInterceptor : Closing JPA EntityManager in OpenEntityManagerInViewInterceptor
2025-09-06T12:35:11.199+02:00 DEBUG 84692 --- [demo10] [nio-8088-exec-1] o.s.web.servlet.DispatcherServlet        : Completed 200 OK
2025-09-06T12:35:11.224+02:00 DEBUG 84692 --- [demo10] [nio-8088-exec-2] o.s.web.servlet.DispatcherServlet        : GET "/api/hardware/tower/47", parameters={}
2025-09-06T12:35:11.224+02:00 DEBUG 84692 --- [demo10] [nio-8088-exec-2] s.w.s.m.m.a.RequestMappingHandlerMapping : Mapped to com.example.demo.controller.HardwareController#getHardwareByTowerId(Long)
2025-09-06T12:35:11.224+02:00 DEBUG 84692 --- [demo10] [nio-8088-exec-2] o.j.s.OpenEntityManagerInViewInterceptor : Opening JPA EntityManager in OpenEntityManagerInViewInterceptor
Hibernate: 
    /* <criteria> */ select
        h1_0.hardware_id,
        h1_0.created_at,
        h1_0.install_date,
        h1_0.model,
        h1_0.name,
        h1_0.serial_number,
        h1_0.specifications,
        h1_0.status,
        h1_0.tower_id,
        h1_0.type,
        h1_0.updated_at,
        h1_0.vendor,
        h1_0.warranty_expiry 
    from
        hardware h1_0 
    left join
        towers t1_0 
            on t1_0.tower_id=h1_0.tower_id 
    where
        t1_0.tower_id=?
2025-09-06T12:35:11.228+02:00 DEBUG 84692 --- [demo10] [nio-8088-exec-2] o.s.w.s.m.m.a.HttpEntityMethodProcessor  : Using 'application/json', given [*/*] and supported [application/json, application/*+json]
2025-09-06T12:35:11.228+02:00 DEBUG 84692 --- [demo10] [nio-8088-exec-2] o.s.w.s.m.m.a.HttpEntityMethodProcessor  : Writing [[]]
2025-09-06T12:35:11.228+02:00 DEBUG 84692 --- [demo10] [nio-8088-exec-2] o.j.s.OpenEntityManagerInViewInterceptor : Closing JPA EntityManager in OpenEntityManagerInViewInterceptor
2025-09-06T12:35:11.228+02:00 DEBUG 84692 --- [demo10] [nio-8088-exec-2] o.s.web.servlet.DispatcherServlet        : Completed 200 OK
2025-09-06T12:35:11.243+02:00 DEBUG 84692 --- [demo10] [io-8088-exec-10] o.s.web.servlet.DispatcherServlet        : GET "/api/thresholds/tower/47", parameters={}
2025-09-06T12:35:11.243+02:00 DEBUG 84692 --- [demo10] [io-8088-exec-10] s.w.s.m.m.a.RequestMappingHandlerMapping : Mapped to com.example.demo.controller.ThresholdRuleController#getThresholdRulesByTowerId(Long)
2025-09-06T12:35:11.243+02:00 DEBUG 84692 --- [demo10] [io-8088-exec-10] o.j.s.OpenEntityManagerInViewInterceptor : Opening JPA EntityManager in OpenEntityManagerInViewInterceptor
Hibernate: 
    /* <criteria> */ select
        tr1_0.rule_id,
        tr1_0.condition,
        tr1_0.created_at,
        tr1_0.description,
        tr1_0.enabled,
        tr1_0.metric,
        tr1_0.name,
        tr1_0.severity,
        tr1_0.tower_id,
        tr1_0.updated_at,
        tr1_0.value 
    from
        threshold_rules tr1_0 
    where
        tr1_0.tower_id=?
2025-09-06T12:35:11.244+02:00 DEBUG 84692 --- [demo10] [io-8088-exec-10] o.s.w.s.m.m.a.HttpEntityMethodProcessor  : Using 'application/json', given [*/*] and supported [application/json, application/*+json]
2025-09-06T12:35:11.244+02:00 DEBUG 84692 --- [demo10] [io-8088-exec-10] o.s.w.s.m.m.a.HttpEntityMethodProcessor  : Writing [[]]
2025-09-06T12:35:11.244+02:00 DEBUG 84692 --- [demo10] [io-8088-exec-10] o.j.s.OpenEntityManagerInViewInterceptor : Closing JPA EntityManager in OpenEntityManagerInViewInterceptor
2025-09-06T12:35:11.244+02:00 DEBUG 84692 --- [demo10] [io-8088-exec-10] o.s.web.servlet.DispatcherServlet        : Completed 200 OK
2025-09-06T12:35:11.258+02:00 DEBUG 84692 --- [demo10] [nio-8088-exec-4] o.s.web.servlet.DispatcherServlet        : GET "/api/telemetry/tower/47", parameters={}
2025-09-06T12:35:11.258+02:00 DEBUG 84692 --- [demo10] [nio-8088-exec-4] s.w.s.m.m.a.RequestMappingHandlerMapping : Mapped to com.example.demo.controller.TelemetryDataController#getTelemetryDataByTowerId(Long)
2025-09-06T12:35:11.258+02:00 DEBUG 84692 --- [demo10] [nio-8088-exec-4] o.j.s.OpenEntityManagerInViewInterceptor : Opening JPA EntityManager in OpenEntityManagerInViewInterceptor
Hibernate: 
    /* <criteria> */ select
        td1_0.telemetry_id,
        td1_0.air_quality,
        td1_0.ambient_temperature,
        td1_0.bandwidth,
        td1_0.battery,
        td1_0.cpu_utilization,
        td1_0.disk_space,
        td1_0.error_rate,
        td1_0.humidity,
        td1_0.interference,
        td1_0.jitter,
        td1_0.latency,
        td1_0.memory_usage,
        td1_0.network_load,
        td1_0.packet_loss,
        td1_0.precipitation,
        td1_0.pressure,
        td1_0.response_time,
        td1_0.signal_strength,
        td1_0.status,
        td1_0.temperature,
        td1_0.throughput,
        td1_0.timestamp,
        td1_0.tower_id,
        td1_0.uptime,
        td1_0.uv_index,
        td1_0.vibration,
        td1_0.voltage,
        td1_0.wind_direction,
        td1_0.wind_speed 
    from
        telemetry_data td1_0 
    where
        td1_0.tower_id=? 
    order by
        td1_0.timestamp desc
2025-09-06T12:35:11.260+02:00 DEBUG 84692 --- [demo10] [nio-8088-exec-4] o.s.w.s.m.m.a.HttpEntityMethodProcessor  : Using 'application/json', given [*/*] and supported [application/json, application/*+json]
2025-09-06T12:35:11.260+02:00 DEBUG 84692 --- [demo10] [nio-8088-exec-4] o.s.w.s.m.m.a.HttpEntityMethodProcessor  : Writing [[]]
2025-09-06T12:35:11.261+02:00 DEBUG 84692 --- [demo10] [nio-8088-exec-4] o.j.s.OpenEntityManagerInViewInterceptor : Closing JPA EntityManager in OpenEntityManagerInViewInterceptor
2025-09-06T12:35:11.261+02:00 DEBUG 84692 --- [demo10] [nio-8088-exec-4] o.s.web.servlet.DispatcherServlet        : Completed 200 OK
2025-09-06T12:35:11.284+02:00 DEBUG 84692 --- [demo10] [nio-8088-exec-3] o.s.web.servlet.DispatcherServlet        : GET "/api/maintenance/tower/47", parameters={}
2025-09-06T12:35:11.284+02:00 DEBUG 84692 --- [demo10] [nio-8088-exec-3] o.s.w.s.handler.SimpleUrlHandlerMapping  : Mapped to ResourceHttpRequestHandler [classpath [META-INF/resources/], classpath [resources/], classpath [static/], classpath [public/], ServletContext [/]]
2025-09-06T12:35:11.284+02:00 DEBUG 84692 --- [demo10] [nio-8088-exec-3] o.j.s.OpenEntityManagerInViewInterceptor : Opening JPA EntityManager in OpenEntityManagerInViewInterceptor
2025-09-06T12:35:11.285+02:00 DEBUG 84692 --- [demo10] [nio-8088-exec-3] o.s.w.s.r.ResourceHttpRequestHandler     : Resource not found
2025-09-06T12:35:11.286+02:00 DEBUG 84692 --- [demo10] [nio-8088-exec-3] .m.m.a.ExceptionHandlerExceptionResolver : Using @ExceptionHandler com.example.demo.GlobalExceptionHandler#handleAllExceptions(Exception)
org.springframework.web.servlet.resource.NoResourceFoundException: No static resource api/maintenance/tower/47.
	at org.springframework.web.servlet.resource.ResourceHttpRequestHandler.handleRequest(ResourceHttpRequestHandler.java:585)
	at org.springframework.web.servlet.mvc.HttpRequestHandlerAdapter.handle(HttpRequestHandlerAdapter.java:52)
	at org.springframework.web.servlet.DispatcherServlet.doDispatch(DispatcherServlet.java:1089)
	at org.springframework.web.servlet.DispatcherServlet.doService(DispatcherServlet.java:979)
	at org.springframework.web.servlet.FrameworkServlet.processRequest(FrameworkServlet.java:1014)
	at org.springframework.web.servlet.FrameworkServlet.doGet(FrameworkServlet.java:903)
	at jakarta.servlet.http.HttpServlet.service(HttpServlet.java:564)
	at org.springframework.web.servlet.FrameworkServlet.service(FrameworkServlet.java:885)
	at jakarta.servlet.http.HttpServlet.service(HttpServlet.java:658)
	at org.apache.catalina.core.ApplicationFilterChain.internalDoFilter(ApplicationFilterChain.java:195)
	at org.apache.catalina.core.ApplicationFilterChain.doFilter(ApplicationFilterChain.java:140)
	at org.apache.tomcat.websocket.server.WsFilter.doFilter(WsFilter.java:51)
	at org.apache.catalina.core.ApplicationFilterChain.internalDoFilter(ApplicationFilterChain.java:164)
	at org.apache.catalina.core.ApplicationFilterChain.doFilter(ApplicationFilterChain.java:140)
	at org.springframework.web.filter.RequestContextFilter.doFilterInternal(RequestContextFilter.java:100)
	at org.springframework.web.filter.OncePerRequestFilter.doFilter(OncePerRequestFilter.java:116)
	at org.apache.catalina.core.ApplicationFilterChain.internalDoFilter(ApplicationFilterChain.java:164)
	at org.apache.catalina.core.ApplicationFilterChain.doFilter(ApplicationFilterChain.java:140)
	at org.springframework.web.filter.FormContentFilter.doFilterInternal(FormContentFilter.java:93)
	at org.springframework.web.filter.OncePerRequestFilter.doFilter(OncePerRequestFilter.java:116)
	at org.apache.catalina.core.ApplicationFilterChain.internalDoFilter(ApplicationFilterChain.java:164)
	at org.apache.catalina.core.ApplicationFilterChain.doFilter(ApplicationFilterChain.java:140)
	at org.springframework.web.filter.CharacterEncodingFilter.doFilterInternal(CharacterEncodingFilter.java:201)
	at org.springframework.web.filter.OncePerRequestFilter.doFilter(OncePerRequestFilter.java:116)
	at org.apache.catalina.core.ApplicationFilterChain.internalDoFilter(ApplicationFilterChain.java:164)
	at org.apache.catalina.core.ApplicationFilterChain.doFilter(ApplicationFilterChain.java:140)
	at org.apache.catalina.core.StandardWrapperValve.invoke(StandardWrapperValve.java:167)
	at org.apache.catalina.core.StandardContextValve.invoke(StandardContextValve.java:90)
	at org.apache.catalina.authenticator.AuthenticatorBase.invoke(AuthenticatorBase.java:483)
	at org.apache.catalina.core.StandardHostValve.invoke(StandardHostValve.java:116)
	at org.apache.catalina.valves.ErrorReportValve.invoke(ErrorReportValve.java:93)
	at org.apache.catalina.core.StandardEngineValve.invoke(StandardEngineValve.java:74)
	at org.apache.catalina.connector.CoyoteAdapter.service(CoyoteAdapter.java:344)
	at org.apache.coyote.http11.Http11Processor.service(Http11Processor.java:398)
	at org.apache.coyote.AbstractProcessorLight.process(AbstractProcessorLight.java:63)
	at org.apache.coyote.AbstractProtocol$ConnectionHandler.process(AbstractProtocol.java:903)
	at org.apache.tomcat.util.net.NioEndpoint$SocketProcessor.doRun(NioEndpoint.java:1769)
	at org.apache.tomcat.util.net.SocketProcessorBase.run(SocketProcessorBase.java:52)
	at org.apache.tomcat.util.threads.ThreadPoolExecutor.runWorker(ThreadPoolExecutor.java:1189)
	at org.apache.tomcat.util.threads.ThreadPoolExecutor$Worker.run(ThreadPoolExecutor.java:658)
	at org.apache.tomcat.util.threads.TaskThread$WrappingRunnable.run(TaskThread.java:63)
	at java.base/java.lang.Thread.run(Thread.java:1589)
2025-09-06T12:35:11.287+02:00 DEBUG 84692 --- [demo10] [nio-8088-exec-3] o.s.w.s.m.m.a.HttpEntityMethodProcessor  : Using 'text/plain', given [*/*] and supported [text/plain, */*, application/json, application/*+json]
2025-09-06T12:35:11.287+02:00 DEBUG 84692 --- [demo10] [nio-8088-exec-3] o.s.w.s.m.m.a.HttpEntityMethodProcessor  : Writing ["Internal Server Error: No static resource api/maintenance/tower/47."]
2025-09-06T12:35:11.287+02:00 DEBUG 84692 --- [demo10] [nio-8088-exec-3] .m.m.a.ExceptionHandlerExceptionResolver : Resolved [org.springframework.web.servlet.resource.NoResourceFoundException: No static resource api/maintenance/tower/47.]
2025-09-06T12:35:11.287+02:00 DEBUG 84692 --- [demo10] [nio-8088-exec-3] o.j.s.OpenEntityManagerInViewInterceptor : Closing JPA EntityManager in OpenEntityManagerInViewInterceptor
2025-09-06T12:35:11.287+02:00 DEBUG 84692 --- [demo10] [nio-8088-exec-3] o.s.web.servlet.DispatcherServlet        : Completed 500 INTERNAL_SERVER_ERROR
2025-09-06T12:35:13.415+02:00 DEBUG 84692 --- [demo10] [nio-8088-exec-5] o.s.web.servlet.DispatcherServlet        : GET "/api/towers/47", parameters={}
2025-09-06T12:35:13.415+02:00 DEBUG 84692 --- [demo10] [nio-8088-exec-5] s.w.s.m.m.a.RequestMappingHandlerMapping : Mapped to com.example.demo.controller.TowerController#getTowerById(Long)
2025-09-06T12:35:13.415+02:00 DEBUG 84692 --- [demo10] [nio-8088-exec-5] o.j.s.OpenEntityManagerInViewInterceptor : Opening JPA EntityManager in OpenEntityManagerInViewInterceptor
2025-09-06T12:35:13.416+02:00 DEBUG 84692 --- [demo10] [nio-8088-exec-5] o.s.orm.jpa.JpaTransactionManager        : Found thread-bound EntityManager [SessionImpl(847614611<open>)] for JPA transaction
2025-09-06T12:35:13.416+02:00 DEBUG 84692 --- [demo10] [nio-8088-exec-5] o.s.orm.jpa.JpaTransactionManager        : Creating new transaction with name [org.springframework.data.jpa.repository.support.SimpleJpaRepository.findById]: PROPAGATION_REQUIRED,ISOLATION_DEFAULT,readOnly
2025-09-06T12:35:13.416+02:00 DEBUG 84692 --- [demo10] [nio-8088-exec-5] o.s.jdbc.datasource.DataSourceUtils      : Setting JDBC Connection [HikariProxyConnection@633457515 wrapping org.postgresql.jdbc.PgConnection@a1c768a] read-only
2025-09-06T12:35:13.416+02:00 DEBUG 84692 --- [demo10] [nio-8088-exec-5] o.s.orm.jpa.JpaTransactionManager        : Exposing JPA transaction as JDBC [org.springframework.orm.jpa.vendor.HibernateJpaDialect$HibernateConnectionHandle@773ec81]
Hibernate: 
    select
        t1_0.tower_id,
        t1_0.api_endpoint_url,
        t1_0.api_key,
        t1_0.battery,
        t1_0.city,
        t1_0.created_at,
        t1_0.last_maintenance,
        t1_0.latitude,
        t1_0.longitude,
        t1_0.model_3d_path,
        t1_0.name,
        t1_0.network_load,
        t1_0.region,
        t1_0.status,
        t1_0.temperature,
        t1_0.updated_at,
        t1_0.uptime,
        t1_0.use_case 
    from
        towers t1_0 
    where
        t1_0.tower_id=?
2025-09-06T12:35:13.417+02:00 DEBUG 84692 --- [demo10] [nio-8088-exec-5] o.s.orm.jpa.JpaTransactionManager        : Initiating transaction commit
2025-09-06T12:35:13.417+02:00 DEBUG 84692 --- [demo10] [nio-8088-exec-5] o.s.orm.jpa.JpaTransactionManager        : Committing JPA transaction on EntityManager [SessionImpl(847614611<open>)]
2025-09-06T12:35:13.418+02:00 DEBUG 84692 --- [demo10] [nio-8088-exec-5] o.s.jdbc.datasource.DataSourceUtils      : Resetting read-only flag of JDBC Connection [HikariProxyConnection@633457515 wrapping org.postgresql.jdbc.PgConnection@a1c768a]
2025-09-06T12:35:13.418+02:00 DEBUG 84692 --- [demo10] [nio-8088-exec-5] o.s.orm.jpa.JpaTransactionManager        : Not closing pre-bound JPA EntityManager after transaction
2025-09-06T12:35:13.418+02:00 DEBUG 84692 --- [demo10] [nio-8088-exec-5] o.s.w.s.m.m.a.HttpEntityMethodProcessor  : Using 'application/json', given [*/*] and supported [application/json, application/*+json]
2025-09-06T12:35:13.418+02:00 DEBUG 84692 --- [demo10] [nio-8088-exec-5] o.s.w.s.m.m.a.HttpEntityMethodProcessor  : Writing [TowerDTO(id=47, name=TESTTTT, status=online, latitude=11.222, longitude=11.332974, city=213, battery (truncated)...]
2025-09-06T12:35:13.418+02:00 DEBUG 84692 --- [demo10] [nio-8088-exec-5] o.j.s.OpenEntityManagerInViewInterceptor : Closing JPA EntityManager in OpenEntityManagerInViewInterceptor
2025-09-06T12:35:13.418+02:00 DEBUG 84692 --- [demo10] [nio-8088-exec-5] o.s.web.servlet.DispatcherServlet        : Completed 200 OK
2025-09-06T12:35:13.420+02:00 DEBUG 84692 --- [demo10] [nio-8088-exec-6] o.s.web.servlet.DispatcherServlet        : GET "/api/towers/47", parameters={}
2025-09-06T12:35:13.420+02:00 DEBUG 84692 --- [demo10] [nio-8088-exec-6] s.w.s.m.m.a.RequestMappingHandlerMapping : Mapped to com.example.demo.controller.TowerController#getTowerById(Long)
2025-09-06T12:35:13.420+02:00 DEBUG 84692 --- [demo10] [nio-8088-exec-6] o.j.s.OpenEntityManagerInViewInterceptor : Opening JPA EntityManager in OpenEntityManagerInViewInterceptor
2025-09-06T12:35:13.421+02:00 DEBUG 84692 --- [demo10] [nio-8088-exec-6] o.s.orm.jpa.JpaTransactionManager        : Found thread-bound EntityManager [SessionImpl(413309497<open>)] for JPA transaction
2025-09-06T12:35:13.421+02:00 DEBUG 84692 --- [demo10] [nio-8088-exec-6] o.s.orm.jpa.JpaTransactionManager        : Creating new transaction with name [org.springframework.data.jpa.repository.support.SimpleJpaRepository.findById]: PROPAGATION_REQUIRED,ISOLATION_DEFAULT,readOnly
2025-09-06T12:35:13.421+02:00 DEBUG 84692 --- [demo10] [nio-8088-exec-6] o.s.jdbc.datasource.DataSourceUtils      : Setting JDBC Connection [HikariProxyConnection@1960024537 wrapping org.postgresql.jdbc.PgConnection@a1c768a] read-only
2025-09-06T12:35:13.421+02:00 DEBUG 84692 --- [demo10] [nio-8088-exec-6] o.s.orm.jpa.JpaTransactionManager        : Exposing JPA transaction as JDBC [org.springframework.orm.jpa.vendor.HibernateJpaDialect$HibernateConnectionHandle@2ca20b6d]
Hibernate: 
    select
        t1_0.tower_id,
        t1_0.api_endpoint_url,
        t1_0.api_key,
        t1_0.battery,
        t1_0.city,
        t1_0.created_at,
        t1_0.last_maintenance,
        t1_0.latitude,
        t1_0.longitude,
        t1_0.model_3d_path,
        t1_0.name,
        t1_0.network_load,
        t1_0.region,
        t1_0.status,
        t1_0.temperature,
        t1_0.updated_at,
        t1_0.uptime,
        t1_0.use_case 
    from
        towers t1_0 
    where
        t1_0.tower_id=?
2025-09-06T12:35:13.422+02:00 DEBUG 84692 --- [demo10] [nio-8088-exec-6] o.s.orm.jpa.JpaTransactionManager        : Initiating transaction commit
2025-09-06T12:35:13.422+02:00 DEBUG 84692 --- [demo10] [nio-8088-exec-6] o.s.orm.jpa.JpaTransactionManager        : Committing JPA transaction on EntityManager [SessionImpl(413309497<open>)]
2025-09-06T12:35:13.422+02:00 DEBUG 84692 --- [demo10] [nio-8088-exec-6] o.s.jdbc.datasource.DataSourceUtils      : Resetting read-only flag of JDBC Connection [HikariProxyConnection@1960024537 wrapping org.postgresql.jdbc.PgConnection@a1c768a]
2025-09-06T12:35:13.422+02:00 DEBUG 84692 --- [demo10] [nio-8088-exec-6] o.s.orm.jpa.JpaTransactionManager        : Not closing pre-bound JPA EntityManager after transaction
2025-09-06T12:35:13.422+02:00 DEBUG 84692 --- [demo10] [nio-8088-exec-6] o.s.w.s.m.m.a.HttpEntityMethodProcessor  : Using 'application/json', given [*/*] and supported [application/json, application/*+json]
2025-09-06T12:35:13.422+02:00 DEBUG 84692 --- [demo10] [nio-8088-exec-6] o.s.w.s.m.m.a.HttpEntityMethodProcessor  : Writing [TowerDTO(id=47, name=TESTTTT, status=online, latitude=11.222, longitude=11.332974, city=213, battery (truncated)...]
2025-09-06T12:35:13.422+02:00 DEBUG 84692 --- [demo10] [nio-8088-exec-6] o.j.s.OpenEntityManagerInViewInterceptor : Closing JPA EntityManager in OpenEntityManagerInViewInterceptor
2025-09-06T12:35:13.422+02:00 DEBUG 84692 --- [demo10] [nio-8088-exec-6] o.s.web.servlet.DispatcherServlet        : Completed 200 OK
2025-09-06T12:35:13.503+02:00 DEBUG 84692 --- [demo10] [nio-8088-exec-9] o.s.web.servlet.DispatcherServlet        : GET "/api/hardware/tower/47", parameters={}
2025-09-06T12:35:13.503+02:00 DEBUG 84692 --- [demo10] [nio-8088-exec-9] s.w.s.m.m.a.RequestMappingHandlerMapping : Mapped to com.example.demo.controller.HardwareController#getHardwareByTowerId(Long)
2025-09-06T12:35:13.504+02:00 DEBUG 84692 --- [demo10] [nio-8088-exec-9] o.j.s.OpenEntityManagerInViewInterceptor : Opening JPA EntityManager in OpenEntityManagerInViewInterceptor
2025-09-06T12:35:13.504+02:00 DEBUG 84692 --- [demo10] [nio-8088-exec-7] o.s.web.servlet.DispatcherServlet        : GET "/api/hardware/tower/47", parameters={}
2025-09-06T12:35:13.504+02:00 DEBUG 84692 --- [demo10] [nio-8088-exec-7] s.w.s.m.m.a.RequestMappingHandlerMapping : Mapped to com.example.demo.controller.HardwareController#getHardwareByTowerId(Long)
2025-09-06T12:35:13.504+02:00 DEBUG 84692 --- [demo10] [nio-8088-exec-7] o.j.s.OpenEntityManagerInViewInterceptor : Opening JPA EntityManager in OpenEntityManagerInViewInterceptor
Hibernate: 
    /* <criteria> */ select
        h1_0.hardware_id,
        h1_0.created_at,
        h1_0.install_date,
        h1_0.model,
        h1_0.name,
        h1_0.serial_number,
        h1_0.specifications,
        h1_0.status,
        h1_0.tower_id,
        h1_0.type,
        h1_0.updated_at,
        h1_0.vendor,
        h1_0.warranty_expiry 
    from
        hardware h1_0 
    left join
        towers t1_0 
            on t1_0.tower_id=h1_0.tower_id 
    where
        t1_0.tower_id=?
Hibernate: 
    /* <criteria> */ select
        h1_0.hardware_id,
        h1_0.created_at,
        h1_0.install_date,
        h1_0.model,
        h1_0.name,
        h1_0.serial_number,
        h1_0.specifications,
        h1_0.status,
        h1_0.tower_id,
        h1_0.type,
        h1_0.updated_at,
        h1_0.vendor,
        h1_0.warranty_expiry 
    from
        hardware h1_0 
    left join
        towers t1_0 
            on t1_0.tower_id=h1_0.tower_id 
    where
        t1_0.tower_id=?
2025-09-06T12:35:13.505+02:00 DEBUG 84692 --- [demo10] [nio-8088-exec-9] o.s.w.s.m.m.a.HttpEntityMethodProcessor  : Using 'application/json', given [*/*] and supported [application/json, application/*+json]
2025-09-06T12:35:13.505+02:00 DEBUG 84692 --- [demo10] [nio-8088-exec-9] o.s.w.s.m.m.a.HttpEntityMethodProcessor  : Writing [[]]
2025-09-06T12:35:13.505+02:00 DEBUG 84692 --- [demo10] [nio-8088-exec-9] o.j.s.OpenEntityManagerInViewInterceptor : Closing JPA EntityManager in OpenEntityManagerInViewInterceptor
2025-09-06T12:35:13.506+02:00 DEBUG 84692 --- [demo10] [nio-8088-exec-9] o.s.web.servlet.DispatcherServlet        : Completed 200 OK
2025-09-06T12:35:13.507+02:00 DEBUG 84692 --- [demo10] [nio-8088-exec-7] o.s.w.s.m.m.a.HttpEntityMethodProcessor  : Using 'application/json', given [*/*] and supported [application/json, application/*+json]
2025-09-06T12:35:13.507+02:00 DEBUG 84692 --- [demo10] [nio-8088-exec-7] o.s.w.s.m.m.a.HttpEntityMethodProcessor  : Writing [[]]
2025-09-06T12:35:13.507+02:00 DEBUG 84692 --- [demo10] [nio-8088-exec-7] o.j.s.OpenEntityManagerInViewInterceptor : Closing JPA EntityManager in OpenEntityManagerInViewInterceptor
2025-09-06T12:35:13.507+02:00 DEBUG 84692 --- [demo10] [nio-8088-exec-7] o.s.web.servlet.DispatcherServlet        : Completed 200 OK
2025-09-06T12:35:13.538+02:00 DEBUG 84692 --- [demo10] [nio-8088-exec-8] o.s.web.servlet.DispatcherServlet        : GET "/api/thresholds/tower/47", parameters={}
2025-09-06T12:35:13.539+02:00 DEBUG 84692 --- [demo10] [nio-8088-exec-1] o.s.web.servlet.DispatcherServlet        : GET "/api/thresholds/tower/47", parameters={}
2025-09-06T12:35:13.539+02:00 DEBUG 84692 --- [demo10] [nio-8088-exec-8] s.w.s.m.m.a.RequestMappingHandlerMapping : Mapped to com.example.demo.controller.ThresholdRuleController#getThresholdRulesByTowerId(Long)
2025-09-06T12:35:13.539+02:00 DEBUG 84692 --- [demo10] [nio-8088-exec-1] s.w.s.m.m.a.RequestMappingHandlerMapping : Mapped to com.example.demo.controller.ThresholdRuleController#getThresholdRulesByTowerId(Long)
2025-09-06T12:35:13.539+02:00 DEBUG 84692 --- [demo10] [nio-8088-exec-1] o.j.s.OpenEntityManagerInViewInterceptor : Opening JPA EntityManager in OpenEntityManagerInViewInterceptor
2025-09-06T12:35:13.539+02:00 DEBUG 84692 --- [demo10] [nio-8088-exec-8] o.j.s.OpenEntityManagerInViewInterceptor : Opening JPA EntityManager in OpenEntityManagerInViewInterceptor
Hibernate: 
    /* <criteria> */ select
        tr1_0.rule_id,
        tr1_0.condition,
        tr1_0.created_at,
        tr1_0.description,
        tr1_0.enabled,
        tr1_0.metric,
        tr1_0.name,
        tr1_0.severity,
        tr1_0.tower_id,
        tr1_0.updated_at,
        tr1_0.value 
    from
        threshold_rules tr1_0 
    where
        tr1_0.tower_id=?
Hibernate: 
    /* <criteria> */ select
        tr1_0.rule_id,
        tr1_0.condition,
        tr1_0.created_at,
        tr1_0.description,
        tr1_0.enabled,
        tr1_0.metric,
        tr1_0.name,
        tr1_0.severity,
        tr1_0.tower_id,
        tr1_0.updated_at,
        tr1_0.value 
    from
        threshold_rules tr1_0 
    where
        tr1_0.tower_id=?
2025-09-06T12:35:13.541+02:00 DEBUG 84692 --- [demo10] [nio-8088-exec-8] o.s.w.s.m.m.a.HttpEntityMethodProcessor  : Using 'application/json', given [*/*] and supported [application/json, application/*+json]
2025-09-06T12:35:13.541+02:00 DEBUG 84692 --- [demo10] [nio-8088-exec-1] o.s.w.s.m.m.a.HttpEntityMethodProcessor  : Using 'application/json', given [*/*] and supported [application/json, application/*+json]
2025-09-06T12:35:13.541+02:00 DEBUG 84692 --- [demo10] [nio-8088-exec-8] o.s.w.s.m.m.a.HttpEntityMethodProcessor  : Writing [[]]
2025-09-06T12:35:13.542+02:00 DEBUG 84692 --- [demo10] [nio-8088-exec-1] o.s.w.s.m.m.a.HttpEntityMethodProcessor  : Writing [[]]
2025-09-06T12:35:13.542+02:00 DEBUG 84692 --- [demo10] [nio-8088-exec-8] o.j.s.OpenEntityManagerInViewInterceptor : Closing JPA EntityManager in OpenEntityManagerInViewInterceptor
2025-09-06T12:35:13.542+02:00 DEBUG 84692 --- [demo10] [nio-8088-exec-1] o.j.s.OpenEntityManagerInViewInterceptor : Closing JPA EntityManager in OpenEntityManagerInViewInterceptor
2025-09-06T12:35:13.542+02:00 DEBUG 84692 --- [demo10] [nio-8088-exec-8] o.s.web.servlet.DispatcherServlet        : Completed 200 OK
2025-09-06T12:35:13.542+02:00 DEBUG 84692 --- [demo10] [nio-8088-exec-1] o.s.web.servlet.DispatcherServlet        : Completed 200 OK
2025-09-06T12:35:13.562+02:00 DEBUG 84692 --- [demo10] [nio-8088-exec-2] o.s.web.servlet.DispatcherServlet        : GET "/api/telemetry/tower/47", parameters={}
2025-09-06T12:35:13.562+02:00 DEBUG 84692 --- [demo10] [nio-8088-exec-2] s.w.s.m.m.a.RequestMappingHandlerMapping : Mapped to com.example.demo.controller.TelemetryDataController#getTelemetryDataByTowerId(Long)
2025-09-06T12:35:13.563+02:00 DEBUG 84692 --- [demo10] [nio-8088-exec-2] o.j.s.OpenEntityManagerInViewInterceptor : Opening JPA EntityManager in OpenEntityManagerInViewInterceptor
2025-09-06T12:35:13.563+02:00 DEBUG 84692 --- [demo10] [io-8088-exec-10] o.s.web.servlet.DispatcherServlet        : GET "/api/telemetry/tower/47", parameters={}
2025-09-06T12:35:13.563+02:00 DEBUG 84692 --- [demo10] [io-8088-exec-10] s.w.s.m.m.a.RequestMappingHandlerMapping : Mapped to com.example.demo.controller.TelemetryDataController#getTelemetryDataByTowerId(Long)
2025-09-06T12:35:13.563+02:00 DEBUG 84692 --- [demo10] [io-8088-exec-10] o.j.s.OpenEntityManagerInViewInterceptor : Opening JPA EntityManager in OpenEntityManagerInViewInterceptor
Hibernate: 
    /* <criteria> */ select
        td1_0.telemetry_id,
        td1_0.air_quality,
        td1_0.ambient_temperature,
        td1_0.bandwidth,
        td1_0.battery,
        td1_0.cpu_utilization,
        td1_0.disk_space,
        td1_0.error_rate,
        td1_0.humidity,
        td1_0.interference,
        td1_0.jitter,
        td1_0.latency,
        td1_0.memory_usage,
        td1_0.network_load,
        td1_0.packet_loss,
        td1_0.precipitation,
        td1_0.pressure,
        td1_0.response_time,
        td1_0.signal_strength,
        td1_0.status,
        td1_0.temperature,
        td1_0.throughput,
        td1_0.timestamp,
        td1_0.tower_id,
        td1_0.uptime,
        td1_0.uv_index,
        td1_0.vibration,
        td1_0.voltage,
        td1_0.wind_direction,
        td1_0.wind_speed 
    from
        telemetry_data td1_0 
    where
        td1_0.tower_id=? 
    order by
        td1_0.timestamp desc
Hibernate: 
    /* <criteria> */ select
        td1_0.telemetry_id,
        td1_0.air_quality,
        td1_0.ambient_temperature,
        td1_0.bandwidth,
        td1_0.battery,
        td1_0.cpu_utilization,
        td1_0.disk_space,
        td1_0.error_rate,
        td1_0.humidity,
        td1_0.interference,
        td1_0.jitter,
        td1_0.latency,
        td1_0.memory_usage,
        td1_0.network_load,
        td1_0.packet_loss,
        td1_0.precipitation,
        td1_0.pressure,
        td1_0.response_time,
        td1_0.signal_strength,
        td1_0.status,
        td1_0.temperature,
        td1_0.throughput,
        td1_0.timestamp,
        td1_0.tower_id,
        td1_0.uptime,
        td1_0.uv_index,
        td1_0.vibration,
        td1_0.voltage,
        td1_0.wind_direction,
        td1_0.wind_speed 
    from
        telemetry_data td1_0 
    where
        td1_0.tower_id=? 
    order by
        td1_0.timestamp desc
2025-09-06T12:35:13.565+02:00 DEBUG 84692 --- [demo10] [nio-8088-exec-2] o.s.w.s.m.m.a.HttpEntityMethodProcessor  : Using 'application/json', given [*/*] and supported [application/json, application/*+json]
2025-09-06T12:35:13.565+02:00 DEBUG 84692 --- [demo10] [nio-8088-exec-2] o.s.w.s.m.m.a.HttpEntityMethodProcessor  : Writing [[]]
2025-09-06T12:35:13.565+02:00 DEBUG 84692 --- [demo10] [io-8088-exec-10] o.s.w.s.m.m.a.HttpEntityMethodProcessor  : Using 'application/json', given [*/*] and supported [application/json, application/*+json]
2025-09-06T12:35:13.565+02:00 DEBUG 84692 --- [demo10] [io-8088-exec-10] o.s.w.s.m.m.a.HttpEntityMethodProcessor  : Writing [[]]
2025-09-06T12:35:13.565+02:00 DEBUG 84692 --- [demo10] [io-8088-exec-10] o.j.s.OpenEntityManagerInViewInterceptor : Closing JPA EntityManager in OpenEntityManagerInViewInterceptor
2025-09-06T12:35:13.565+02:00 DEBUG 84692 --- [demo10] [nio-8088-exec-2] o.j.s.OpenEntityManagerInViewInterceptor : Closing JPA EntityManager in OpenEntityManagerInViewInterceptor
2025-09-06T12:35:13.565+02:00 DEBUG 84692 --- [demo10] [io-8088-exec-10] o.s.web.servlet.DispatcherServlet        : Completed 200 OK
2025-09-06T12:35:13.565+02:00 DEBUG 84692 --- [demo10] [nio-8088-exec-2] o.s.web.servlet.DispatcherServlet        : Completed 200 OK
2025-09-06T12:35:13.570+02:00 DEBUG 84692 --- [demo10] [nio-8088-exec-4] o.s.web.servlet.DispatcherServlet        : GET "/api/maintenance/tower/47", parameters={}
2025-09-06T12:35:13.570+02:00 DEBUG 84692 --- [demo10] [nio-8088-exec-4] o.s.w.s.handler.SimpleUrlHandlerMapping  : Mapped to ResourceHttpRequestHandler [classpath [META-INF/resources/], classpath [resources/], classpath [static/], classpath [public/], ServletContext [/]]
2025-09-06T12:35:13.571+02:00 DEBUG 84692 --- [demo10] [nio-8088-exec-4] o.j.s.OpenEntityManagerInViewInterceptor : Opening JPA EntityManager in OpenEntityManagerInViewInterceptor
2025-09-06T12:35:13.571+02:00 DEBUG 84692 --- [demo10] [nio-8088-exec-3] o.s.web.servlet.DispatcherServlet        : GET "/api/maintenance/tower/47", parameters={}
2025-09-06T12:35:13.571+02:00 DEBUG 84692 --- [demo10] [nio-8088-exec-3] o.s.w.s.handler.SimpleUrlHandlerMapping  : Mapped to ResourceHttpRequestHandler [classpath [META-INF/resources/], classpath [resources/], classpath [static/], classpath [public/], ServletContext [/]]
2025-09-06T12:35:13.571+02:00 DEBUG 84692 --- [demo10] [nio-8088-exec-3] o.j.s.OpenEntityManagerInViewInterceptor : Opening JPA EntityManager in OpenEntityManagerInViewInterceptor
2025-09-06T12:35:13.571+02:00 DEBUG 84692 --- [demo10] [nio-8088-exec-3] o.s.w.s.r.ResourceHttpRequestHandler     : Resource not found
2025-09-06T12:35:13.571+02:00 DEBUG 84692 --- [demo10] [nio-8088-exec-4] o.s.w.s.r.ResourceHttpRequestHandler     : Resource not found
2025-09-06T12:35:13.571+02:00 DEBUG 84692 --- [demo10] [nio-8088-exec-3] .m.m.a.ExceptionHandlerExceptionResolver : Using @ExceptionHandler com.example.demo.GlobalExceptionHandler#handleAllExceptions(Exception)
org.springframework.web.servlet.resource.NoResourceFoundException: No static resource api/maintenance/tower/47.
2025-09-06T12:35:13.571+02:00 DEBUG 84692 --- [demo10] [nio-8088-exec-4] .m.m.a.ExceptionHandlerExceptionResolver : Using @ExceptionHandler com.example.demo.GlobalExceptionHandler#handleAllExceptions(Exception)
	at org.springframework.web.servlet.resource.ResourceHttpRequestHandler.handleRequest(ResourceHttpRequestHandler.java:585)
	at org.springframework.web.servlet.mvc.HttpRequestHandlerAdapter.handle(HttpRequestHandlerAdapter.java:52)
	at org.springframework.web.servlet.DispatcherServlet.doDispatch(DispatcherServlet.java:1089)
	at org.springframework.web.servlet.DispatcherServlet.doService(DispatcherServlet.java:979)
	at org.springframework.web.servlet.FrameworkServlet.processRequest(FrameworkServlet.java:1014)
	at org.springframework.web.servlet.FrameworkServlet.doGet(FrameworkServlet.java:903)
	at jakarta.servlet.http.HttpServlet.service(HttpServlet.java:564)
	at org.springframework.web.servlet.FrameworkServlet.service(FrameworkServlet.java:885)
	at jakarta.servlet.http.HttpServlet.service(HttpServlet.java:658)
	at org.apache.catalina.core.ApplicationFilterChain.internalDoFilter(ApplicationFilterChain.java:195)
	at org.apache.catalina.core.ApplicationFilterChain.doFilter(ApplicationFilterChain.java:140)
	at org.apache.tomcat.websocket.server.WsFilter.doFilter(WsFilter.java:51)
	at org.apache.catalina.core.ApplicationFilterChain.internalDoFilter(ApplicationFilterChain.java:164)
	at org.apache.catalina.core.ApplicationFilterChain.doFilter(ApplicationFilterChain.java:140)
	at org.springframework.web.filter.RequestContextFilter.doFilterInternal(RequestContextFilter.java:100)
	at org.springframework.web.filter.OncePerRequestFilter.doFilter(OncePerRequestFilter.java:116)
	at org.apache.catalina.core.ApplicationFilterChain.internalDoFilter(ApplicationFilterChain.java:164)
	at org.apache.catalina.core.ApplicationFilterChain.doFilter(ApplicationFilterChain.java:140)
	at org.springframework.web.filter.FormContentFilter.doFilterInternal(FormContentFilter.java:93)
	at org.springframework.web.filter.OncePerRequestFilter.doFilter(OncePerRequestFilter.java:116)
	at org.apache.catalina.core.ApplicationFilterChain.internalDoFilter(ApplicationFilterChain.java:164)
	at org.apache.catalina.core.ApplicationFilterChain.doFilter(ApplicationFilterChain.java:140)
	at org.springframework.web.filter.CharacterEncodingFilter.doFilterInternal(CharacterEncodingFilter.java:201)
	at org.springframework.web.filter.OncePerRequestFilter.doFilter(OncePerRequestFilter.java:116)
	at org.apache.catalina.core.ApplicationFilterChain.internalDoFilter(ApplicationFilterChain.java:164)
	at org.apache.catalina.core.ApplicationFilterChain.doFilter(ApplicationFilterChain.java:140)
	at org.apache.catalina.core.StandardWrapperValve.invoke(StandardWrapperValve.java:167)
	at org.apache.catalina.core.StandardContextValve.invoke(StandardContextValve.java:90)
	at org.apache.catalina.authenticator.AuthenticatorBase.invoke(AuthenticatorBase.java:483)
	at org.apache.catalina.core.StandardHostValve.invoke(StandardHostValve.java:116)
	at org.apache.catalina.valves.ErrorReportValve.invoke(ErrorReportValve.java:93)
	at org.apache.catalina.core.StandardEngineValve.invoke(StandardEngineValve.java:74)
	at org.apache.catalina.connector.CoyoteAdapter.service(CoyoteAdapter.java:344)
	at org.apache.coyote.http11.Http11Processor.service(Http11Processor.java:398)
	at org.apache.coyote.AbstractProcessorLight.process(AbstractProcessorLight.java:63)
	at org.apache.coyote.AbstractProtocol$ConnectionHandler.process(AbstractProtocol.java:903)
	at org.apache.tomcat.util.net.NioEndpoint$SocketProcessor.doRun(NioEndpoint.java:1769)
	at org.apache.tomcat.util.net.SocketProcessorBase.run(SocketProcessorBase.java:52)
	at org.apache.tomcat.util.threads.ThreadPoolExecutor.runWorker(ThreadPoolExecutor.java:1189)
	at org.apache.tomcat.util.threads.ThreadPoolExecutor$Worker.run(ThreadPoolExecutor.java:658)
	at org.apache.tomcat.util.threads.TaskThread$WrappingRunnable.run(TaskThread.java:63)
	at java.base/java.lang.Thread.run(Thread.java:1589)
org.springframework.web.servlet.resource.NoResourceFoundException: No static resource api/maintenance/tower/47.
2025-09-06T12:35:13.571+02:00 DEBUG 84692 --- [demo10] [nio-8088-exec-3] o.s.w.s.m.m.a.HttpEntityMethodProcessor  : Using 'text/plain', given [*/*] and supported [text/plain, */*, application/json, application/*+json]
2025-09-06T12:35:13.571+02:00 DEBUG 84692 --- [demo10] [nio-8088-exec-3] o.s.w.s.m.m.a.HttpEntityMethodProcessor  : Writing ["Internal Server Error: No static resource api/maintenance/tower/47."]
	at org.springframework.web.servlet.resource.ResourceHttpRequestHandler.handleRequest(ResourceHttpRequestHandler.java:585)
	at org.springframework.web.servlet.mvc.HttpRequestHandlerAdapter.handle(HttpRequestHandlerAdapter.java:52)
	at org.springframework.web.servlet.DispatcherServlet.doDispatch(DispatcherServlet.java:1089)
	at org.springframework.web.servlet.DispatcherServlet.doService(DispatcherServlet.java:979)
	at org.springframework.web.servlet.FrameworkServlet.processRequest(FrameworkServlet.java:1014)
	at org.springframework.web.servlet.FrameworkServlet.doGet(FrameworkServlet.java:903)
	at jakarta.servlet.http.HttpServlet.service(HttpServlet.java:564)
	at org.springframework.web.servlet.FrameworkServlet.service(FrameworkServlet.java:885)
	at jakarta.servlet.http.HttpServlet.service(HttpServlet.java:658)
	at org.apache.catalina.core.ApplicationFilterChain.internalDoFilter(ApplicationFilterChain.java:195)
	at org.apache.catalina.core.ApplicationFilterChain.doFilter(ApplicationFilterChain.java:140)
	at org.apache.tomcat.websocket.server.WsFilter.doFilter(WsFilter.java:51)
	at org.apache.catalina.core.ApplicationFilterChain.internalDoFilter(ApplicationFilterChain.java:164)
2025-09-06T12:35:13.571+02:00 DEBUG 84692 --- [demo10] [nio-8088-exec-3] .m.m.a.ExceptionHandlerExceptionResolver : Resolved [org.springframework.web.servlet.resource.NoResourceFoundException: No static resource api/maintenance/tower/47.]
	at org.apache.catalina.core.ApplicationFilterChain.doFilter(ApplicationFilterChain.java:140)
2025-09-06T12:35:13.571+02:00 DEBUG 84692 --- [demo10] [nio-8088-exec-3] o.j.s.OpenEntityManagerInViewInterceptor : Closing JPA EntityManager in OpenEntityManagerInViewInterceptor
	at org.springframework.web.filter.RequestContextFilter.doFilterInternal(RequestContextFilter.java:100)
	at org.springframework.web.filter.OncePerRequestFilter.doFilter(OncePerRequestFilter.java:116)
	at org.apache.catalina.core.ApplicationFilterChain.internalDoFilter(ApplicationFilterChain.java:164)
2025-09-06T12:35:13.572+02:00 DEBUG 84692 --- [demo10] [nio-8088-exec-3] o.s.web.servlet.DispatcherServlet        : Completed 500 INTERNAL_SERVER_ERROR
	at org.apache.catalina.core.ApplicationFilterChain.doFilter(ApplicationFilterChain.java:140)
	at org.springframework.web.filter.FormContentFilter.doFilterInternal(FormContentFilter.java:93)
	at org.springframework.web.filter.OncePerRequestFilter.doFilter(OncePerRequestFilter.java:116)
	at org.apache.catalina.core.ApplicationFilterChain.internalDoFilter(ApplicationFilterChain.java:164)
	at org.apache.catalina.core.ApplicationFilterChain.doFilter(ApplicationFilterChain.java:140)
	at org.springframework.web.filter.CharacterEncodingFilter.doFilterInternal(CharacterEncodingFilter.java:201)
	at org.springframework.web.filter.OncePerRequestFilter.doFilter(OncePerRequestFilter.java:116)
	at org.apache.catalina.core.ApplicationFilterChain.internalDoFilter(ApplicationFilterChain.java:164)
	at org.apache.catalina.core.ApplicationFilterChain.doFilter(ApplicationFilterChain.java:140)
	at org.apache.catalina.core.StandardWrapperValve.invoke(StandardWrapperValve.java:167)
	at org.apache.catalina.core.StandardContextValve.invoke(StandardContextValve.java:90)
	at org.apache.catalina.authenticator.AuthenticatorBase.invoke(AuthenticatorBase.java:483)
	at org.apache.catalina.core.StandardHostValve.invoke(StandardHostValve.java:116)
	at org.apache.catalina.valves.ErrorReportValve.invoke(ErrorReportValve.java:93)
	at org.apache.catalina.core.StandardEngineValve.invoke(StandardEngineValve.java:74)
	at org.apache.catalina.connector.CoyoteAdapter.service(CoyoteAdapter.java:344)
	at org.apache.coyote.http11.Http11Processor.service(Http11Processor.java:398)
	at org.apache.coyote.AbstractProcessorLight.process(AbstractProcessorLight.java:63)
	at org.apache.coyote.AbstractProtocol$ConnectionHandler.process(AbstractProtocol.java:903)
	at org.apache.tomcat.util.net.NioEndpoint$SocketProcessor.doRun(NioEndpoint.java:1769)
	at org.apache.tomcat.util.net.SocketProcessorBase.run(SocketProcessorBase.java:52)
	at org.apache.tomcat.util.threads.ThreadPoolExecutor.runWorker(ThreadPoolExecutor.java:1189)
	at org.apache.tomcat.util.threads.ThreadPoolExecutor$Worker.run(ThreadPoolExecutor.java:658)
	at org.apache.tomcat.util.threads.TaskThread$WrappingRunnable.run(TaskThread.java:63)
	at java.base/java.lang.Thread.run(Thread.java:1589)
2025-09-06T12:35:13.572+02:00 DEBUG 84692 --- [demo10] [nio-8088-exec-4] o.s.w.s.m.m.a.HttpEntityMethodProcessor  : Using 'text/plain', given [*/*] and supported [text/plain, */*, application/json, application/*+json]
2025-09-06T12:35:13.572+02:00 DEBUG 84692 --- [demo10] [nio-8088-exec-4] o.s.w.s.m.m.a.HttpEntityMethodProcessor  : Writing ["Internal Server Error: No static resource api/maintenance/tower/47."]
2025-09-06T12:35:13.572+02:00 DEBUG 84692 --- [demo10] [nio-8088-exec-4] .m.m.a.ExceptionHandlerExceptionResolver : Resolved [org.springframework.web.servlet.resource.NoResourceFoundException: No static resource api/maintenance/tower/47.]
2025-09-06T12:35:13.572+02:00 DEBUG 84692 --- [demo10] [nio-8088-exec-4] o.j.s.OpenEntityManagerInViewInterceptor : Closing JPA EntityManager in OpenEntityManagerInViewInterceptor
2025-09-06T12:35:13.572+02:00 DEBUG 84692 --- [demo10] [nio-8088-exec-4] o.s.web.servlet.DispatcherServlet        : Completed 500 INTERNAL_SERVER_ERROR
2025-09-06T12:35:21.502+02:00 DEBUG 84692 --- [demo10] [nio-8088-exec-5] o.s.web.servlet.DispatcherServlet        : GET "/api/towers/47", parameters={}
2025-09-06T12:35:21.504+02:00 DEBUG 84692 --- [demo10] [nio-8088-exec-6] o.s.web.servlet.DispatcherServlet        : GET "/api/towers/47", parameters={}
2025-09-06T12:35:21.505+02:00 DEBUG 84692 --- [demo10] [nio-8088-exec-5] s.w.s.m.m.a.RequestMappingHandlerMapping : Mapped to com.example.demo.controller.TowerController#getTowerById(Long)
2025-09-06T12:35:21.505+02:00 DEBUG 84692 --- [demo10] [nio-8088-exec-6] s.w.s.m.m.a.RequestMappingHandlerMapping : Mapped to com.example.demo.controller.TowerController#getTowerById(Long)
2025-09-06T12:35:21.506+02:00 DEBUG 84692 --- [demo10] [nio-8088-exec-6] o.j.s.OpenEntityManagerInViewInterceptor : Opening JPA EntityManager in OpenEntityManagerInViewInterceptor
2025-09-06T12:35:21.506+02:00 DEBUG 84692 --- [demo10] [nio-8088-exec-5] o.j.s.OpenEntityManagerInViewInterceptor : Opening JPA EntityManager in OpenEntityManagerInViewInterceptor
2025-09-06T12:35:21.509+02:00 DEBUG 84692 --- [demo10] [nio-8088-exec-5] o.s.orm.jpa.JpaTransactionManager        : Found thread-bound EntityManager [SessionImpl(971049392<open>)] for JPA transaction
2025-09-06T12:35:21.509+02:00 DEBUG 84692 --- [demo10] [nio-8088-exec-6] o.s.orm.jpa.JpaTransactionManager        : Found thread-bound EntityManager [SessionImpl(864253452<open>)] for JPA transaction
2025-09-06T12:35:21.509+02:00 DEBUG 84692 --- [demo10] [nio-8088-exec-6] o.s.orm.jpa.JpaTransactionManager        : Creating new transaction with name [org.springframework.data.jpa.repository.support.SimpleJpaRepository.findById]: PROPAGATION_REQUIRED,ISOLATION_DEFAULT,readOnly
2025-09-06T12:35:21.509+02:00 DEBUG 84692 --- [demo10] [nio-8088-exec-5] o.s.orm.jpa.JpaTransactionManager        : Creating new transaction with name [org.springframework.data.jpa.repository.support.SimpleJpaRepository.findById]: PROPAGATION_REQUIRED,ISOLATION_DEFAULT,readOnly
2025-09-06T12:35:21.512+02:00 DEBUG 84692 --- [demo10] [nio-8088-exec-6] o.s.jdbc.datasource.DataSourceUtils      : Setting JDBC Connection [HikariProxyConnection@2080306231 wrapping org.postgresql.jdbc.PgConnection@a1c768a] read-only
2025-09-06T12:35:21.512+02:00 DEBUG 84692 --- [demo10] [nio-8088-exec-5] o.s.jdbc.datasource.DataSourceUtils      : Setting JDBC Connection [HikariProxyConnection@2025623611 wrapping org.postgresql.jdbc.PgConnection@63198a9d] read-only
2025-09-06T12:35:21.513+02:00 DEBUG 84692 --- [demo10] [nio-8088-exec-5] o.s.orm.jpa.JpaTransactionManager        : Exposing JPA transaction as JDBC [org.springframework.orm.jpa.vendor.HibernateJpaDialect$HibernateConnectionHandle@3023c87c]
2025-09-06T12:35:21.513+02:00 DEBUG 84692 --- [demo10] [nio-8088-exec-6] o.s.orm.jpa.JpaTransactionManager        : Exposing JPA transaction as JDBC [org.springframework.orm.jpa.vendor.HibernateJpaDialect$HibernateConnectionHandle@6d9a482b]
Hibernate: 
    select
        t1_0.tower_id,
        t1_0.api_endpoint_url,
        t1_0.api_key,
        t1_0.battery,
        t1_0.city,
        t1_0.created_at,
        t1_0.last_maintenance,
        t1_0.latitude,
        t1_0.longitude,
        t1_0.model_3d_path,
        t1_0.name,
        t1_0.network_load,
        t1_0.region,
        t1_0.status,
        t1_0.temperature,
        t1_0.updated_at,
        t1_0.uptime,
        t1_0.use_case 
    from
        towers t1_0 
    where
        t1_0.tower_id=?
Hibernate: 
    select
        t1_0.tower_id,
        t1_0.api_endpoint_url,
        t1_0.api_key,
        t1_0.battery,
        t1_0.city,
        t1_0.created_at,
        t1_0.last_maintenance,
        t1_0.latitude,
        t1_0.longitude,
        t1_0.model_3d_path,
        t1_0.name,
        t1_0.network_load,
        t1_0.region,
        t1_0.status,
        t1_0.temperature,
        t1_0.updated_at,
        t1_0.uptime,
        t1_0.use_case 
    from
        towers t1_0 
    where
        t1_0.tower_id=?
2025-09-06T12:35:21.522+02:00 DEBUG 84692 --- [demo10] [nio-8088-exec-6] o.s.orm.jpa.JpaTransactionManager        : Initiating transaction commit
2025-09-06T12:35:21.522+02:00 DEBUG 84692 --- [demo10] [nio-8088-exec-5] o.s.orm.jpa.JpaTransactionManager        : Initiating transaction commit
2025-09-06T12:35:21.522+02:00 DEBUG 84692 --- [demo10] [nio-8088-exec-6] o.s.orm.jpa.JpaTransactionManager        : Committing JPA transaction on EntityManager [SessionImpl(864253452<open>)]
2025-09-06T12:35:21.522+02:00 DEBUG 84692 --- [demo10] [nio-8088-exec-5] o.s.orm.jpa.JpaTransactionManager        : Committing JPA transaction on EntityManager [SessionImpl(971049392<open>)]
2025-09-06T12:35:21.523+02:00 DEBUG 84692 --- [demo10] [nio-8088-exec-5] o.s.jdbc.datasource.DataSourceUtils      : Resetting read-only flag of JDBC Connection [HikariProxyConnection@2025623611 wrapping org.postgresql.jdbc.PgConnection@63198a9d]
2025-09-06T12:35:21.523+02:00 DEBUG 84692 --- [demo10] [nio-8088-exec-6] o.s.jdbc.datasource.DataSourceUtils      : Resetting read-only flag of JDBC Connection [HikariProxyConnection@2080306231 wrapping org.postgresql.jdbc.PgConnection@a1c768a]
2025-09-06T12:35:21.523+02:00 DEBUG 84692 --- [demo10] [nio-8088-exec-5] o.s.orm.jpa.JpaTransactionManager        : Not closing pre-bound JPA EntityManager after transaction
2025-09-06T12:35:21.523+02:00 DEBUG 84692 --- [demo10] [nio-8088-exec-6] o.s.orm.jpa.JpaTransactionManager        : Not closing pre-bound JPA EntityManager after transaction
2025-09-06T12:35:21.524+02:00 DEBUG 84692 --- [demo10] [nio-8088-exec-5] o.s.w.s.m.m.a.HttpEntityMethodProcessor  : Using 'application/json', given [*/*] and supported [application/json, application/*+json]
2025-09-06T12:35:21.524+02:00 DEBUG 84692 --- [demo10] [nio-8088-exec-6] o.s.w.s.m.m.a.HttpEntityMethodProcessor  : Using 'application/json', given [*/*] and supported [application/json, application/*+json]
2025-09-06T12:35:21.525+02:00 DEBUG 84692 --- [demo10] [nio-8088-exec-6] o.s.w.s.m.m.a.HttpEntityMethodProcessor  : Writing [TowerDTO(id=47, name=TESTTTT, status=online, latitude=11.222, longitude=11.332974, city=213, battery (truncated)...]
2025-09-06T12:35:21.525+02:00 DEBUG 84692 --- [demo10] [nio-8088-exec-5] o.s.w.s.m.m.a.HttpEntityMethodProcessor  : Writing [TowerDTO(id=47, name=TESTTTT, status=online, latitude=11.222, longitude=11.332974, city=213, battery (truncated)...]
2025-09-06T12:35:21.527+02:00 DEBUG 84692 --- [demo10] [nio-8088-exec-5] o.j.s.OpenEntityManagerInViewInterceptor : Closing JPA EntityManager in OpenEntityManagerInViewInterceptor
2025-09-06T12:35:21.527+02:00 DEBUG 84692 --- [demo10] [nio-8088-exec-6] o.j.s.OpenEntityManagerInViewInterceptor : Closing JPA EntityManager in OpenEntityManagerInViewInterceptor
2025-09-06T12:35:21.528+02:00 DEBUG 84692 --- [demo10] [nio-8088-exec-5] o.s.web.servlet.DispatcherServlet        : Completed 200 OK
2025-09-06T12:35:21.528+02:00 DEBUG 84692 --- [demo10] [nio-8088-exec-6] o.s.web.servlet.DispatcherServlet        : Completed 200 OK
2025-09-06T12:35:21.538+02:00 DEBUG 84692 --- [demo10] [nio-8088-exec-9] o.s.web.servlet.DispatcherServlet        : GET "/api/hardware/tower/47", parameters={}
2025-09-06T12:35:21.539+02:00 DEBUG 84692 --- [demo10] [nio-8088-exec-9] s.w.s.m.m.a.RequestMappingHandlerMapping : Mapped to com.example.demo.controller.HardwareController#getHardwareByTowerId(Long)
2025-09-06T12:35:21.539+02:00 DEBUG 84692 --- [demo10] [nio-8088-exec-9] o.j.s.OpenEntityManagerInViewInterceptor : Opening JPA EntityManager in OpenEntityManagerInViewInterceptor
2025-09-06T12:35:21.540+02:00 DEBUG 84692 --- [demo10] [nio-8088-exec-7] o.s.web.servlet.DispatcherServlet        : GET "/api/hardware/tower/47", parameters={}
2025-09-06T12:35:21.540+02:00 DEBUG 84692 --- [demo10] [nio-8088-exec-7] s.w.s.m.m.a.RequestMappingHandlerMapping : Mapped to com.example.demo.controller.HardwareController#getHardwareByTowerId(Long)
2025-09-06T12:35:21.541+02:00 DEBUG 84692 --- [demo10] [nio-8088-exec-7] o.j.s.OpenEntityManagerInViewInterceptor : Opening JPA EntityManager in OpenEntityManagerInViewInterceptor
Hibernate: 
    /* <criteria> */ select
        h1_0.hardware_id,
        h1_0.created_at,
        h1_0.install_date,
        h1_0.model,
        h1_0.name,
        h1_0.serial_number,
        h1_0.specifications,
        h1_0.status,
        h1_0.tower_id,
        h1_0.type,
        h1_0.updated_at,
        h1_0.vendor,
        h1_0.warranty_expiry 
    from
        hardware h1_0 
    left join
        towers t1_0 
            on t1_0.tower_id=h1_0.tower_id 
    where
        t1_0.tower_id=?
Hibernate: 
    /* <criteria> */ select
        h1_0.hardware_id,
        h1_0.created_at,
        h1_0.install_date,
        h1_0.model,
        h1_0.name,
        h1_0.serial_number,
        h1_0.specifications,
        h1_0.status,
        h1_0.tower_id,
        h1_0.type,
        h1_0.updated_at,
        h1_0.vendor,
        h1_0.warranty_expiry 
    from
        hardware h1_0 
    left join
        towers t1_0 
            on t1_0.tower_id=h1_0.tower_id 
    where
        t1_0.tower_id=?
2025-09-06T12:35:21.558+02:00 DEBUG 84692 --- [demo10] [nio-8088-exec-9] o.s.w.s.m.m.a.HttpEntityMethodProcessor  : Using 'application/json', given [*/*] and supported [application/json, application/*+json]
2025-09-06T12:35:21.558+02:00 DEBUG 84692 --- [demo10] [nio-8088-exec-7] o.s.w.s.m.m.a.HttpEntityMethodProcessor  : Using 'application/json', given [*/*] and supported [application/json, application/*+json]
2025-09-06T12:35:21.558+02:00 DEBUG 84692 --- [demo10] [nio-8088-exec-9] o.s.w.s.m.m.a.HttpEntityMethodProcessor  : Writing [[]]
2025-09-06T12:35:21.558+02:00 DEBUG 84692 --- [demo10] [nio-8088-exec-7] o.s.w.s.m.m.a.HttpEntityMethodProcessor  : Writing [[]]
2025-09-06T12:35:21.558+02:00 DEBUG 84692 --- [demo10] [nio-8088-exec-7] o.j.s.OpenEntityManagerInViewInterceptor : Closing JPA EntityManager in OpenEntityManagerInViewInterceptor
2025-09-06T12:35:21.558+02:00 DEBUG 84692 --- [demo10] [nio-8088-exec-9] o.j.s.OpenEntityManagerInViewInterceptor : Closing JPA EntityManager in OpenEntityManagerInViewInterceptor
2025-09-06T12:35:21.558+02:00 DEBUG 84692 --- [demo10] [nio-8088-exec-9] o.s.web.servlet.DispatcherServlet        : Completed 200 OK
2025-09-06T12:35:21.558+02:00 DEBUG 84692 --- [demo10] [nio-8088-exec-7] o.s.web.servlet.DispatcherServlet        : Completed 200 OK
2025-09-06T12:35:21.563+02:00 DEBUG 84692 --- [demo10] [nio-8088-exec-8] o.s.web.servlet.DispatcherServlet        : GET "/api/thresholds/tower/47", parameters={}
2025-09-06T12:35:21.563+02:00 DEBUG 84692 --- [demo10] [nio-8088-exec-8] s.w.s.m.m.a.RequestMappingHandlerMapping : Mapped to com.example.demo.controller.ThresholdRuleController#getThresholdRulesByTowerId(Long)
2025-09-06T12:35:21.563+02:00 DEBUG 84692 --- [demo10] [nio-8088-exec-1] o.s.web.servlet.DispatcherServlet        : GET "/api/thresholds/tower/47", parameters={}
2025-09-06T12:35:21.563+02:00 DEBUG 84692 --- [demo10] [nio-8088-exec-8] o.j.s.OpenEntityManagerInViewInterceptor : Opening JPA EntityManager in OpenEntityManagerInViewInterceptor
2025-09-06T12:35:21.563+02:00 DEBUG 84692 --- [demo10] [nio-8088-exec-1] s.w.s.m.m.a.RequestMappingHandlerMapping : Mapped to com.example.demo.controller.ThresholdRuleController#getThresholdRulesByTowerId(Long)
2025-09-06T12:35:21.564+02:00 DEBUG 84692 --- [demo10] [nio-8088-exec-1] o.j.s.OpenEntityManagerInViewInterceptor : Opening JPA EntityManager in OpenEntityManagerInViewInterceptor
Hibernate: 
    /* <criteria> */ select
        tr1_0.rule_id,
        tr1_0.condition,
        tr1_0.created_at,
        tr1_0.description,
        tr1_0.enabled,
        tr1_0.metric,
        tr1_0.name,
        tr1_0.severity,
        tr1_0.tower_id,
        tr1_0.updated_at,
        tr1_0.value 
    from
        threshold_rules tr1_0 
    where
        tr1_0.tower_id=?
Hibernate: 
    /* <criteria> */ select
        tr1_0.rule_id,
        tr1_0.condition,
        tr1_0.created_at,
        tr1_0.description,
        tr1_0.enabled,
        tr1_0.metric,
        tr1_0.name,
        tr1_0.severity,
        tr1_0.tower_id,
        tr1_0.updated_at,
        tr1_0.value 
    from
        threshold_rules tr1_0 
    where
        tr1_0.tower_id=?
2025-09-06T12:35:21.567+02:00 DEBUG 84692 --- [demo10] [nio-8088-exec-8] o.s.w.s.m.m.a.HttpEntityMethodProcessor  : Using 'application/json', given [*/*] and supported [application/json, application/*+json]
2025-09-06T12:35:21.567+02:00 DEBUG 84692 --- [demo10] [nio-8088-exec-1] o.s.w.s.m.m.a.HttpEntityMethodProcessor  : Using 'application/json', given [*/*] and supported [application/json, application/*+json]
2025-09-06T12:35:21.567+02:00 DEBUG 84692 --- [demo10] [nio-8088-exec-8] o.s.w.s.m.m.a.HttpEntityMethodProcessor  : Writing [[]]
2025-09-06T12:35:21.567+02:00 DEBUG 84692 --- [demo10] [nio-8088-exec-1] o.s.w.s.m.m.a.HttpEntityMethodProcessor  : Writing [[]]
2025-09-06T12:35:21.567+02:00 DEBUG 84692 --- [demo10] [nio-8088-exec-1] o.j.s.OpenEntityManagerInViewInterceptor : Closing JPA EntityManager in OpenEntityManagerInViewInterceptor
2025-09-06T12:35:21.567+02:00 DEBUG 84692 --- [demo10] [nio-8088-exec-1] o.s.web.servlet.DispatcherServlet        : Completed 200 OK
2025-09-06T12:35:21.567+02:00 DEBUG 84692 --- [demo10] [nio-8088-exec-8] o.j.s.OpenEntityManagerInViewInterceptor : Closing JPA EntityManager in OpenEntityManagerInViewInterceptor
2025-09-06T12:35:21.567+02:00 DEBUG 84692 --- [demo10] [nio-8088-exec-8] o.s.web.servlet.DispatcherServlet        : Completed 200 OK
2025-09-06T12:35:21.572+02:00 DEBUG 84692 --- [demo10] [nio-8088-exec-2] o.s.web.servlet.DispatcherServlet        : GET "/api/telemetry/tower/47", parameters={}
2025-09-06T12:35:21.572+02:00 DEBUG 84692 --- [demo10] [nio-8088-exec-2] s.w.s.m.m.a.RequestMappingHandlerMapping : Mapped to com.example.demo.controller.TelemetryDataController#getTelemetryDataByTowerId(Long)
2025-09-06T12:35:21.573+02:00 DEBUG 84692 --- [demo10] [nio-8088-exec-2] o.j.s.OpenEntityManagerInViewInterceptor : Opening JPA EntityManager in OpenEntityManagerInViewInterceptor
2025-09-06T12:35:21.574+02:00 DEBUG 84692 --- [demo10] [io-8088-exec-10] o.s.web.servlet.DispatcherServlet        : GET "/api/telemetry/tower/47", parameters={}
2025-09-06T12:35:21.574+02:00 DEBUG 84692 --- [demo10] [io-8088-exec-10] s.w.s.m.m.a.RequestMappingHandlerMapping : Mapped to com.example.demo.controller.TelemetryDataController#getTelemetryDataByTowerId(Long)
2025-09-06T12:35:21.574+02:00 DEBUG 84692 --- [demo10] [io-8088-exec-10] o.j.s.OpenEntityManagerInViewInterceptor : Opening JPA EntityManager in OpenEntityManagerInViewInterceptor
Hibernate: 
    /* <criteria> */ select
        td1_0.telemetry_id,
        td1_0.air_quality,
        td1_0.ambient_temperature,
        td1_0.bandwidth,
        td1_0.battery,
        td1_0.cpu_utilization,
        td1_0.disk_space,
        td1_0.error_rate,
        td1_0.humidity,
        td1_0.interference,
        td1_0.jitter,
        td1_0.latency,
        td1_0.memory_usage,
        td1_0.network_load,
        td1_0.packet_loss,
        td1_0.precipitation,
        td1_0.pressure,
        td1_0.response_time,
        td1_0.signal_strength,
        td1_0.status,
        td1_0.temperature,
        td1_0.throughput,
        td1_0.timestamp,
        td1_0.tower_id,
        td1_0.uptime,
        td1_0.uv_index,
        td1_0.vibration,
        td1_0.voltage,
        td1_0.wind_direction,
        td1_0.wind_speed 
    from
        telemetry_data td1_0 
    where
        td1_0.tower_id=? 
    order by
        td1_0.timestamp desc
Hibernate: 
    /* <criteria> */ select
        td1_0.telemetry_id,
        td1_0.air_quality,
        td1_0.ambient_temperature,
        td1_0.bandwidth,
        td1_0.battery,
        td1_0.cpu_utilization,
        td1_0.disk_space,
        td1_0.error_rate,
        td1_0.humidity,
        td1_0.interference,
        td1_0.jitter,
        td1_0.latency,
        td1_0.memory_usage,
        td1_0.network_load,
        td1_0.packet_loss,
        td1_0.precipitation,
        td1_0.pressure,
        td1_0.response_time,
        td1_0.signal_strength,
        td1_0.status,
        td1_0.temperature,
        td1_0.throughput,
        td1_0.timestamp,
        td1_0.tower_id,
        td1_0.uptime,
        td1_0.uv_index,
        td1_0.vibration,
        td1_0.voltage,
        td1_0.wind_direction,
        td1_0.wind_speed 
    from
        telemetry_data td1_0 
    where
        td1_0.tower_id=? 
    order by
        td1_0.timestamp desc
2025-09-06T12:35:21.577+02:00 DEBUG 84692 --- [demo10] [nio-8088-exec-2] o.s.w.s.m.m.a.HttpEntityMethodProcessor  : Using 'application/json', given [*/*] and supported [application/json, application/*+json]
2025-09-06T12:35:21.577+02:00 DEBUG 84692 --- [demo10] [io-8088-exec-10] o.s.w.s.m.m.a.HttpEntityMethodProcessor  : Using 'application/json', given [*/*] and supported [application/json, application/*+json]
2025-09-06T12:35:21.577+02:00 DEBUG 84692 --- [demo10] [nio-8088-exec-2] o.s.w.s.m.m.a.HttpEntityMethodProcessor  : Writing [[]]
2025-09-06T12:35:21.577+02:00 DEBUG 84692 --- [demo10] [io-8088-exec-10] o.s.w.s.m.m.a.HttpEntityMethodProcessor  : Writing [[]]
2025-09-06T12:35:21.577+02:00 DEBUG 84692 --- [demo10] [nio-8088-exec-2] o.j.s.OpenEntityManagerInViewInterceptor : Closing JPA EntityManager in OpenEntityManagerInViewInterceptor
2025-09-06T12:35:21.577+02:00 DEBUG 84692 --- [demo10] [io-8088-exec-10] o.j.s.OpenEntityManagerInViewInterceptor : Closing JPA EntityManager in OpenEntityManagerInViewInterceptor
2025-09-06T12:35:21.577+02:00 DEBUG 84692 --- [demo10] [nio-8088-exec-2] o.s.web.servlet.DispatcherServlet        : Completed 200 OK
2025-09-06T12:35:21.577+02:00 DEBUG 84692 --- [demo10] [io-8088-exec-10] o.s.web.servlet.DispatcherServlet        : Completed 200 OK
2025-09-06T12:35:21.581+02:00 DEBUG 84692 --- [demo10] [nio-8088-exec-3] o.s.web.servlet.DispatcherServlet        : GET "/api/maintenance/tower/47", parameters={}
2025-09-06T12:35:21.581+02:00 DEBUG 84692 --- [demo10] [nio-8088-exec-3] o.s.w.s.handler.SimpleUrlHandlerMapping  : Mapped to ResourceHttpRequestHandler [classpath [META-INF/resources/], classpath [resources/], classpath [static/], classpath [public/], ServletContext [/]]
2025-09-06T12:35:21.581+02:00 DEBUG 84692 --- [demo10] [nio-8088-exec-3] o.j.s.OpenEntityManagerInViewInterceptor : Opening JPA EntityManager in OpenEntityManagerInViewInterceptor
2025-09-06T12:35:21.582+02:00 DEBUG 84692 --- [demo10] [nio-8088-exec-4] o.s.web.servlet.DispatcherServlet        : GET "/api/maintenance/tower/47", parameters={}
2025-09-06T12:35:21.582+02:00 DEBUG 84692 --- [demo10] [nio-8088-exec-4] o.s.w.s.handler.SimpleUrlHandlerMapping  : Mapped to ResourceHttpRequestHandler [classpath [META-INF/resources/], classpath [resources/], classpath [static/], classpath [public/], ServletContext [/]]
2025-09-06T12:35:21.582+02:00 DEBUG 84692 --- [demo10] [nio-8088-exec-4] o.j.s.OpenEntityManagerInViewInterceptor : Opening JPA EntityManager in OpenEntityManagerInViewInterceptor
2025-09-06T12:35:21.582+02:00 DEBUG 84692 --- [demo10] [nio-8088-exec-3] o.s.w.s.r.ResourceHttpRequestHandler     : Resource not found
2025-09-06T12:35:21.582+02:00 DEBUG 84692 --- [demo10] [nio-8088-exec-4] o.s.w.s.r.ResourceHttpRequestHandler     : Resource not found
2025-09-06T12:35:21.582+02:00 DEBUG 84692 --- [demo10] [nio-8088-exec-3] .m.m.a.ExceptionHandlerExceptionResolver : Using @ExceptionHandler com.example.demo.GlobalExceptionHandler#handleAllExceptions(Exception)
2025-09-06T12:35:21.582+02:00 DEBUG 84692 --- [demo10] [nio-8088-exec-4] .m.m.a.ExceptionHandlerExceptionResolver : Using @ExceptionHandler com.example.demo.GlobalExceptionHandler#handleAllExceptions(Exception)
org.springframework.web.servlet.resource.NoResourceFoundException: No static resource api/maintenance/tower/47.
	at org.springframework.web.servlet.resource.ResourceHttpRequestHandler.handleRequest(ResourceHttpRequestHandler.java:585)
	at org.springframework.web.servlet.mvc.HttpRequestHandlerAdapter.handle(HttpRequestHandlerAdapter.java:52)
	at org.springframework.web.servlet.DispatcherServlet.doDispatch(DispatcherServlet.java:1089)
	at org.springframework.web.servlet.DispatcherServlet.doService(DispatcherServlet.java:979)
	at org.springframework.web.servlet.FrameworkServlet.processRequest(FrameworkServlet.java:1014)
	at org.springframework.web.servlet.FrameworkServlet.doGet(FrameworkServlet.java:903)
	at jakarta.servlet.http.HttpServlet.service(HttpServlet.java:564)
	at org.springframework.web.servlet.FrameworkServlet.service(FrameworkServlet.java:885)
	at jakarta.servlet.http.HttpServlet.service(HttpServlet.java:658)
	at org.apache.catalina.core.ApplicationFilterChain.internalDoFilter(ApplicationFilterChain.java:195)
	at org.apache.catalina.core.ApplicationFilterChain.doFilter(ApplicationFilterChain.java:140)
	at org.apache.tomcat.websocket.server.WsFilter.doFilter(WsFilter.java:51)
	at org.apache.catalina.core.ApplicationFilterChain.internalDoFilter(ApplicationFilterChain.java:164)
	at org.apache.catalina.core.ApplicationFilterChain.doFilter(ApplicationFilterChain.java:140)
	at org.springframework.web.filter.RequestContextFilter.doFilterInternal(RequestContextFilter.java:100)
	at org.springframework.web.filter.OncePerRequestFilter.doFilter(OncePerRequestFilter.java:116)
	at org.apache.catalina.core.ApplicationFilterChain.internalDoFilter(ApplicationFilterChain.java:164)
	at org.apache.catalina.core.ApplicationFilterChain.doFilter(ApplicationFilterChain.java:140)
	at org.springframework.web.filter.FormContentFilter.doFilterInternal(FormContentFilter.java:93)
	at org.springframework.web.filter.OncePerRequestFilter.doFilter(OncePerRequestFilter.java:116)
	at org.apache.catalina.core.ApplicationFilterChain.internalDoFilter(ApplicationFilterChain.java:164)
	at org.apache.catalina.core.ApplicationFilterChain.doFilter(ApplicationFilterChain.java:140)
	at org.springframework.web.filter.CharacterEncodingFilter.doFilterInternal(CharacterEncodingFilter.java:201)
	at org.springframework.web.filter.OncePerRequestFilter.doFilter(OncePerRequestFilter.java:116)
	at org.apache.catalina.core.ApplicationFilterChain.internalDoFilter(ApplicationFilterChain.java:164)
	at org.apache.catalina.core.ApplicationFilterChain.doFilter(ApplicationFilterChain.java:140)
	at org.apache.catalina.core.StandardWrapperValve.invoke(StandardWrapperValve.java:167)
	at org.apache.catalina.core.StandardContextValve.invoke(StandardContextValve.java:90)
	at org.apache.catalina.authenticator.AuthenticatorBase.invoke(AuthenticatorBase.java:483)
	at org.apache.catalina.core.StandardHostValve.invoke(StandardHostValve.java:116)
	at org.apache.catalina.valves.ErrorReportValve.invoke(ErrorReportValve.java:93)
	at org.apache.catalina.core.StandardEngineValve.invoke(StandardEngineValve.java:74)
	at org.apache.catalina.connector.CoyoteAdapter.service(CoyoteAdapter.java:344)
	at org.apache.coyote.http11.Http11Processor.service(Http11Processor.java:398)
	at org.apache.coyote.AbstractProcessorLight.process(AbstractProcessorLight.java:63)
	at org.apache.coyote.AbstractProtocol$ConnectionHandler.process(AbstractProtocol.java:903)
	at org.apache.tomcat.util.net.NioEndpoint$SocketProcessor.doRun(NioEndpoint.java:1769)
	at org.apache.tomcat.util.net.SocketProcessorBase.run(SocketProcessorBase.java:52)
	at org.apache.tomcat.util.threads.ThreadPoolExecutor.runWorker(ThreadPoolExecutor.java:1189)
	at org.apache.tomcat.util.threads.ThreadPoolExecutor$Worker.run(ThreadPoolExecutor.java:658)
	at org.apache.tomcat.util.threads.TaskThread$WrappingRunnable.run(TaskThread.java:63)
	at java.base/java.lang.Thread.run(Thread.java:1589)
org.springframework.web.servlet.resource.NoResourceFoundException: No static resource api/maintenance/tower/47.
	at org.springframework.web.servlet.resource.ResourceHttpRequestHandler.handleRequest(ResourceHttpRequestHandler.java:585)
	at org.springframework.web.servlet.mvc.HttpRequestHandlerAdapter.handle(HttpRequestHandlerAdapter.java:52)
	at org.springframework.web.servlet.DispatcherServlet.doDispatch(DispatcherServlet.java:1089)
	at org.springframework.web.servlet.DispatcherServlet.doService(DispatcherServlet.java:979)
	at org.springframework.web.servlet.FrameworkServlet.processRequest(FrameworkServlet.java:1014)
	at org.springframework.web.servlet.FrameworkServlet.doGet(FrameworkServlet.java:903)
	at jakarta.servlet.http.HttpServlet.service(HttpServlet.java:564)
	at org.springframework.web.servlet.FrameworkServlet.service(FrameworkServlet.java:885)
	at jakarta.servlet.http.HttpServlet.service(HttpServlet.java:658)
	at org.apache.catalina.core.ApplicationFilterChain.internalDoFilter(ApplicationFilterChain.java:195)
	at org.apache.catalina.core.ApplicationFilterChain.doFilter(ApplicationFilterChain.java:140)
	at org.apache.tomcat.websocket.server.WsFilter.doFilter(WsFilter.java:51)
	at org.apache.catalina.core.ApplicationFilterChain.internalDoFilter(ApplicationFilterChain.java:164)
2025-09-06T12:35:21.583+02:00 DEBUG 84692 --- [demo10] [nio-8088-exec-3] o.s.w.s.m.m.a.HttpEntityMethodProcessor  : Using 'text/plain', given [*/*] and supported [text/plain, */*, application/json, application/*+json]
	at org.apache.catalina.core.ApplicationFilterChain.doFilter(ApplicationFilterChain.java:140)
	at org.springframework.web.filter.RequestContextFilter.doFilterInternal(RequestContextFilter.java:100)
	at org.springframework.web.filter.OncePerRequestFilter.doFilter(OncePerRequestFilter.java:116)
	at org.apache.catalina.core.ApplicationFilterChain.internalDoFilter(ApplicationFilterChain.java:164)
	at org.apache.catalina.core.ApplicationFilterChain.doFilter(ApplicationFilterChain.java:140)
	at org.springframework.web.filter.FormContentFilter.doFilterInternal(FormContentFilter.java:93)
	at org.springframework.web.filter.OncePerRequestFilter.doFilter(OncePerRequestFilter.java:116)
	at org.apache.catalina.core.ApplicationFilterChain.internalDoFilter(ApplicationFilterChain.java:164)
2025-09-06T12:35:21.583+02:00 DEBUG 84692 --- [demo10] [nio-8088-exec-3] o.s.w.s.m.m.a.HttpEntityMethodProcessor  : Writing ["Internal Server Error: No static resource api/maintenance/tower/47."]
	at org.apache.catalina.core.ApplicationFilterChain.doFilter(ApplicationFilterChain.java:140)
	at org.springframework.web.filter.CharacterEncodingFilter.doFilterInternal(CharacterEncodingFilter.java:201)
	at org.springframework.web.filter.OncePerRequestFilter.doFilter(OncePerRequestFilter.java:116)
	at org.apache.catalina.core.ApplicationFilterChain.internalDoFilter(ApplicationFilterChain.java:164)
	at org.apache.catalina.core.ApplicationFilterChain.doFilter(ApplicationFilterChain.java:140)
	at org.apache.catalina.core.StandardWrapperValve.invoke(StandardWrapperValve.java:167)
	at org.apache.catalina.core.StandardContextValve.invoke(StandardContextValve.java:90)
	at org.apache.catalina.authenticator.AuthenticatorBase.invoke(AuthenticatorBase.java:483)
	at org.apache.catalina.core.StandardHostValve.invoke(StandardHostValve.java:116)
	at org.apache.catalina.valves.ErrorReportValve.invoke(ErrorReportValve.java:93)
	at org.apache.catalina.core.StandardEngineValve.invoke(StandardEngineValve.java:74)
	at org.apache.catalina.connector.CoyoteAdapter.service(CoyoteAdapter.java:344)
	at org.apache.coyote.http11.Http11Processor.service(Http11Processor.java:398)
	at org.apache.coyote.AbstractProcessorLight.process(AbstractProcessorLight.java:63)
	at org.apache.coyote.AbstractProtocol$ConnectionHandler.process(AbstractProtocol.java:903)
	at org.apache.tomcat.util.net.NioEndpoint$SocketProcessor.doRun(NioEndpoint.java:1769)
	at org.apache.tomcat.util.net.SocketProcessorBase.run(SocketProcessorBase.java:52)
	at org.apache.tomcat.util.threads.ThreadPoolExecutor.runWorker(ThreadPoolExecutor.java:1189)
	at org.apache.tomcat.util.threads.ThreadPoolExecutor$Worker.run(ThreadPoolExecutor.java:658)
2025-09-06T12:35:21.583+02:00 DEBUG 84692 --- [demo10] [nio-8088-exec-3] .m.m.a.ExceptionHandlerExceptionResolver : Resolved [org.springframework.web.servlet.resource.NoResourceFoundException: No static resource api/maintenance/tower/47.]
	at org.apache.tomcat.util.threads.TaskThread$WrappingRunnable.run(TaskThread.java:63)
	at java.base/java.lang.Thread.run(Thread.java:1589)
2025-09-06T12:35:21.583+02:00 DEBUG 84692 --- [demo10] [nio-8088-exec-3] o.j.s.OpenEntityManagerInViewInterceptor : Closing JPA EntityManager in OpenEntityManagerInViewInterceptor
2025-09-06T12:35:21.583+02:00 DEBUG 84692 --- [demo10] [nio-8088-exec-4] o.s.w.s.m.m.a.HttpEntityMethodProcessor  : Using 'text/plain', given [*/*] and supported [text/plain, */*, application/json, application/*+json]
2025-09-06T12:35:21.583+02:00 DEBUG 84692 --- [demo10] [nio-8088-exec-3] o.s.web.servlet.DispatcherServlet        : Completed 500 INTERNAL_SERVER_ERROR
2025-09-06T12:35:21.583+02:00 DEBUG 84692 --- [demo10] [nio-8088-exec-4] o.s.w.s.m.m.a.HttpEntityMethodProcessor  : Writing ["Internal Server Error: No static resource api/maintenance/tower/47."]
2025-09-06T12:35:21.583+02:00 DEBUG 84692 --- [demo10] [nio-8088-exec-4] .m.m.a.ExceptionHandlerExceptionResolver : Resolved [org.springframework.web.servlet.resource.NoResourceFoundException: No static resource api/maintenance/tower/47.]
2025-09-06T12:35:21.583+02:00 DEBUG 84692 --- [demo10] [nio-8088-exec-4] o.j.s.OpenEntityManagerInViewInterceptor : Closing JPA EntityManager in OpenEntityManagerInViewInterceptor
2025-09-06T12:35:21.583+02:00 DEBUG 84692 --- [demo10] [nio-8088-exec-4] o.s.web.servlet.DispatcherServlet        : Completed 500 INTERNAL_SERVER_ERROR
2025-09-06T12:35:35.585+02:00 DEBUG 84692 --- [demo10] [nio-8088-exec-5] o.s.web.servlet.DispatcherServlet        : OPTIONS "/api/maintenance", parameters={}
2025-09-06T12:35:35.584+02:00 DEBUG 84692 --- [demo10] [nio-8088-exec-6] o.s.web.servlet.DispatcherServlet        : OPTIONS "/api/maintenance", parameters={}
2025-09-06T12:35:35.596+02:00 DEBUG 84692 --- [demo10] [nio-8088-exec-5] o.s.w.s.handler.SimpleUrlHandlerMapping  : Mapped to ResourceHttpRequestHandler [classpath [META-INF/resources/], classpath [resources/], classpath [static/], classpath [public/], ServletContext [/]]
2025-09-06T12:35:35.596+02:00 DEBUG 84692 --- [demo10] [nio-8088-exec-6] o.s.w.s.handler.SimpleUrlHandlerMapping  : Mapped to ResourceHttpRequestHandler [classpath [META-INF/resources/], classpath [resources/], classpath [static/], classpath [public/], ServletContext [/]]
2025-09-06T12:35:35.604+02:00 DEBUG 84692 --- [demo10] [nio-8088-exec-5] o.j.s.OpenEntityManagerInViewInterceptor : Opening JPA EntityManager in OpenEntityManagerInViewInterceptor
2025-09-06T12:35:35.604+02:00 DEBUG 84692 --- [demo10] [nio-8088-exec-6] o.j.s.OpenEntityManagerInViewInterceptor : Opening JPA EntityManager in OpenEntityManagerInViewInterceptor
2025-09-06T12:35:35.611+02:00 DEBUG 84692 --- [demo10] [nio-8088-exec-5] o.j.s.OpenEntityManagerInViewInterceptor : Closing JPA EntityManager in OpenEntityManagerInViewInterceptor
2025-09-06T12:35:35.611+02:00 DEBUG 84692 --- [demo10] [nio-8088-exec-6] o.j.s.OpenEntityManagerInViewInterceptor : Closing JPA EntityManager in OpenEntityManagerInViewInterceptor
2025-09-06T12:35:35.615+02:00 DEBUG 84692 --- [demo10] [nio-8088-exec-6] o.s.web.servlet.DispatcherServlet        : Completed 200 OK
2025-09-06T12:35:35.615+02:00 DEBUG 84692 --- [demo10] [nio-8088-exec-5] o.s.web.servlet.DispatcherServlet        : Completed 200 OK
2025-09-06T12:35:35.635+02:00 DEBUG 84692 --- [demo10] [nio-8088-exec-7] o.s.web.servlet.DispatcherServlet        : GET "/api/maintenance", parameters={}
2025-09-06T12:35:35.635+02:00 DEBUG 84692 --- [demo10] [nio-8088-exec-9] o.s.web.servlet.DispatcherServlet        : GET "/api/maintenance", parameters={}
2025-09-06T12:35:35.636+02:00 DEBUG 84692 --- [demo10] [nio-8088-exec-7] o.s.w.s.handler.SimpleUrlHandlerMapping  : Mapped to ResourceHttpRequestHandler [classpath [META-INF/resources/], classpath [resources/], classpath [static/], classpath [public/], ServletContext [/]]
2025-09-06T12:35:35.636+02:00 DEBUG 84692 --- [demo10] [nio-8088-exec-9] o.s.w.s.handler.SimpleUrlHandlerMapping  : Mapped to ResourceHttpRequestHandler [classpath [META-INF/resources/], classpath [resources/], classpath [static/], classpath [public/], ServletContext [/]]
2025-09-06T12:35:35.636+02:00 DEBUG 84692 --- [demo10] [nio-8088-exec-9] o.j.s.OpenEntityManagerInViewInterceptor : Opening JPA EntityManager in OpenEntityManagerInViewInterceptor
2025-09-06T12:35:35.636+02:00 DEBUG 84692 --- [demo10] [nio-8088-exec-7] o.j.s.OpenEntityManagerInViewInterceptor : Opening JPA EntityManager in OpenEntityManagerInViewInterceptor
2025-09-06T12:35:35.646+02:00 DEBUG 84692 --- [demo10] [nio-8088-exec-9] o.s.w.s.r.ResourceHttpRequestHandler     : Resource not found
2025-09-06T12:35:35.646+02:00 DEBUG 84692 --- [demo10] [nio-8088-exec-7] o.s.w.s.r.ResourceHttpRequestHandler     : Resource not found
2025-09-06T12:35:35.655+02:00 DEBUG 84692 --- [demo10] [nio-8088-exec-9] .m.m.a.ExceptionHandlerExceptionResolver : Using @ExceptionHandler com.example.demo.GlobalExceptionHandler#handleAllExceptions(Exception)
2025-09-06T12:35:35.655+02:00 DEBUG 84692 --- [demo10] [nio-8088-exec-7] .m.m.a.ExceptionHandlerExceptionResolver : Using @ExceptionHandler com.example.demo.GlobalExceptionHandler#handleAllExceptions(Exception)
org.springframework.web.servlet.resource.NoResourceFoundException: No static resource api/maintenance.
	at org.springframework.web.servlet.resource.ResourceHttpRequestHandler.handleRequest(ResourceHttpRequestHandler.java:585)
	at org.springframework.web.servlet.mvc.HttpRequestHandlerAdapter.handle(HttpRequestHandlerAdapter.java:52)
	at org.springframework.web.servlet.DispatcherServlet.doDispatch(DispatcherServlet.java:1089)
	at org.springframework.web.servlet.DispatcherServlet.doService(DispatcherServlet.java:979)
	at org.springframework.web.servlet.FrameworkServlet.processRequest(FrameworkServlet.java:1014)
	at org.springframework.web.servlet.FrameworkServlet.doGet(FrameworkServlet.java:903)
	at jakarta.servlet.http.HttpServlet.service(HttpServlet.java:564)
	at org.springframework.web.servlet.FrameworkServlet.service(FrameworkServlet.java:885)
	at jakarta.servlet.http.HttpServlet.service(HttpServlet.java:658)
	at org.apache.catalina.core.ApplicationFilterChain.internalDoFilter(ApplicationFilterChain.java:195)
	at org.apache.catalina.core.ApplicationFilterChain.doFilter(ApplicationFilterChain.java:140)
	at org.apache.tomcat.websocket.server.WsFilter.doFilter(WsFilter.java:51)
	at org.apache.catalina.core.ApplicationFilterChain.internalDoFilter(ApplicationFilterChain.java:164)
	at org.apache.catalina.core.ApplicationFilterChain.doFilter(ApplicationFilterChain.java:140)
	at org.springframework.web.filter.RequestContextFilter.doFilterInternal(RequestContextFilter.java:100)
	at org.springframework.web.filter.OncePerRequestFilter.doFilter(OncePerRequestFilter.java:116)
	at org.apache.catalina.core.ApplicationFilterChain.internalDoFilter(ApplicationFilterChain.java:164)
	at org.apache.catalina.core.ApplicationFilterChain.doFilter(ApplicationFilterChain.java:140)
	at org.springframework.web.filter.FormContentFilter.doFilterInternal(FormContentFilter.java:93)
	at org.springframework.web.filter.OncePerRequestFilter.doFilter(OncePerRequestFilter.java:116)
	at org.apache.catalina.core.ApplicationFilterChain.internalDoFilter(ApplicationFilterChain.java:164)
	at org.apache.catalina.core.ApplicationFilterChain.doFilter(ApplicationFilterChain.java:140)
	at org.springframework.web.filter.CharacterEncodingFilter.doFilterInternal(CharacterEncodingFilter.java:201)
	at org.springframework.web.filter.OncePerRequestFilter.doFilter(OncePerRequestFilter.java:116)
	at org.apache.catalina.core.ApplicationFilterChain.internalDoFilter(ApplicationFilterChain.java:164)
	at org.apache.catalina.core.ApplicationFilterChain.doFilter(ApplicationFilterChain.java:140)
	at org.apache.catalina.core.StandardWrapperValve.invoke(StandardWrapperValve.java:167)
	at org.apache.catalina.core.StandardContextValve.invoke(StandardContextValve.java:90)
	at org.apache.catalina.authenticator.AuthenticatorBase.invoke(AuthenticatorBase.java:483)
	at org.apache.catalina.core.StandardHostValve.invoke(StandardHostValve.java:116)
	at org.apache.catalina.valves.ErrorReportValve.invoke(ErrorReportValve.java:93)
	at org.apache.catalina.core.StandardEngineValve.invoke(StandardEngineValve.java:74)
	at org.apache.catalina.connector.CoyoteAdapter.service(CoyoteAdapter.java:344)
	at org.apache.coyote.http11.Http11Processor.service(Http11Processor.java:398)
	at org.apache.coyote.AbstractProcessorLight.process(AbstractProcessorLight.java:63)
	at org.apache.coyote.AbstractProtocol$ConnectionHandler.process(AbstractProtocol.java:903)
	at org.apache.tomcat.util.net.NioEndpoint$SocketProcessor.doRun(NioEndpoint.java:1769)
	at org.apache.tomcat.util.net.SocketProcessorBase.run(SocketProcessorBase.java:52)
	at org.apache.tomcat.util.threads.ThreadPoolExecutor.runWorker(ThreadPoolExecutor.java:1189)
	at org.apache.tomcat.util.threads.ThreadPoolExecutor$Worker.run(ThreadPoolExecutor.java:658)
	at org.apache.tomcat.util.threads.TaskThread$WrappingRunnable.run(TaskThread.java:63)
	at java.base/java.lang.Thread.run(Thread.java:1589)
org.springframework.web.servlet.resource.NoResourceFoundException: No static resource api/maintenance.
	at org.springframework.web.servlet.resource.ResourceHttpRequestHandler.handleRequest(ResourceHttpRequestHandler.java:585)
	at org.springframework.web.servlet.mvc.HttpRequestHandlerAdapter.handle(HttpRequestHandlerAdapter.java:52)
	at org.springframework.web.servlet.DispatcherServlet.doDispatch(DispatcherServlet.java:1089)
	at org.springframework.web.servlet.DispatcherServlet.doService(DispatcherServlet.java:979)
	at org.springframework.web.servlet.FrameworkServlet.processRequest(FrameworkServlet.java:1014)
	at org.springframework.web.servlet.FrameworkServlet.doGet(FrameworkServlet.java:903)
	at jakarta.servlet.http.HttpServlet.service(HttpServlet.java:564)
	at org.springframework.web.servlet.FrameworkServlet.service(FrameworkServlet.java:885)
	at jakarta.servlet.http.HttpServlet.service(HttpServlet.java:658)
	at org.apache.catalina.core.ApplicationFilterChain.internalDoFilter(ApplicationFilterChain.java:195)
	at org.apache.catalina.core.ApplicationFilterChain.doFilter(ApplicationFilterChain.java:140)
	at org.apache.tomcat.websocket.server.WsFilter.doFilter(WsFilter.java:51)
	at org.apache.catalina.core.ApplicationFilterChain.internalDoFilter(ApplicationFilterChain.java:164)
	at org.apache.catalina.core.ApplicationFilterChain.doFilter(ApplicationFilterChain.java:140)
	at org.springframework.web.filter.RequestContextFilter.doFilterInternal(RequestContextFilter.java:100)
	at org.springframework.web.filter.OncePerRequestFilter.doFilter(OncePerRequestFilter.java:116)
	at org.apache.catalina.core.ApplicationFilterChain.internalDoFilter(ApplicationFilterChain.java:164)
	at org.apache.catalina.core.ApplicationFilterChain.doFilter(ApplicationFilterChain.java:140)
	at org.springframework.web.filter.FormContentFilter.doFilterInternal(FormContentFilter.java:93)
	at org.springframework.web.filter.OncePerRequestFilter.doFilter(OncePerRequestFilter.java:116)
	at org.apache.catalina.core.ApplicationFilterChain.internalDoFilter(ApplicationFilterChain.java:164)
	at org.apache.catalina.core.ApplicationFilterChain.doFilter(ApplicationFilterChain.java:140)
	at org.springframework.web.filter.CharacterEncodingFilter.doFilterInternal(CharacterEncodingFilter.java:201)
	at org.springframework.web.filter.OncePerRequestFilter.doFilter(OncePerRequestFilter.java:116)
	at org.apache.catalina.core.ApplicationFilterChain.internalDoFilter(ApplicationFilterChain.java:164)
	at org.apache.catalina.core.ApplicationFilterChain.doFilter(ApplicationFilterChain.java:140)
	at org.apache.catalina.core.StandardWrapperValve.invoke(StandardWrapperValve.java:167)
	at org.apache.catalina.core.StandardContextValve.invoke(StandardContextValve.java:90)
	at org.apache.catalina.authenticator.AuthenticatorBase.invoke(AuthenticatorBase.java:483)
	at org.apache.catalina.core.StandardHostValve.invoke(StandardHostValve.java:116)
	at org.apache.catalina.valves.ErrorReportValve.invoke(ErrorReportValve.java:93)
	at org.apache.catalina.core.StandardEngineValve.invoke(StandardEngineValve.java:74)
	at org.apache.catalina.connector.CoyoteAdapter.service(CoyoteAdapter.java:344)
	at org.apache.coyote.http11.Http11Processor.service(Http11Processor.java:398)
	at org.apache.coyote.AbstractProcessorLight.process(AbstractProcessorLight.java:63)
	at org.apache.coyote.AbstractProtocol$ConnectionHandler.process(AbstractProtocol.java:903)
	at org.apache.tomcat.util.net.NioEndpoint$SocketProcessor.doRun(NioEndpoint.java:1769)
	at org.apache.tomcat.util.net.SocketProcessorBase.run(SocketProcessorBase.java:52)
	at org.apache.tomcat.util.threads.ThreadPoolExecutor.runWorker(ThreadPoolExecutor.java:1189)
	at org.apache.tomcat.util.threads.ThreadPoolExecutor$Worker.run(ThreadPoolExecutor.java:658)
	at org.apache.tomcat.util.threads.TaskThread$WrappingRunnable.run(TaskThread.java:63)
	at java.base/java.lang.Thread.run(Thread.java:1589)
2025-09-06T12:35:35.656+02:00 DEBUG 84692 --- [demo10] [nio-8088-exec-7] o.s.w.s.m.m.a.HttpEntityMethodProcessor  : Using 'text/plain', given [*/*] and supported [text/plain, */*, application/json, application/*+json]
2025-09-06T12:35:35.656+02:00 DEBUG 84692 --- [demo10] [nio-8088-exec-9] o.s.w.s.m.m.a.HttpEntityMethodProcessor  : Using 'text/plain', given [*/*] and supported [text/plain, */*, application/json, application/*+json]
2025-09-06T12:35:35.656+02:00 DEBUG 84692 --- [demo10] [nio-8088-exec-9] o.s.w.s.m.m.a.HttpEntityMethodProcessor  : Writing ["Internal Server Error: No static resource api/maintenance."]
2025-09-06T12:35:35.656+02:00 DEBUG 84692 --- [demo10] [nio-8088-exec-7] o.s.w.s.m.m.a.HttpEntityMethodProcessor  : Writing ["Internal Server Error: No static resource api/maintenance."]
2025-09-06T12:35:35.656+02:00 DEBUG 84692 --- [demo10] [nio-8088-exec-9] .m.m.a.ExceptionHandlerExceptionResolver : Resolved [org.springframework.web.servlet.resource.NoResourceFoundException: No static resource api/maintenance.]
2025-09-06T12:35:35.656+02:00 DEBUG 84692 --- [demo10] [nio-8088-exec-7] .m.m.a.ExceptionHandlerExceptionResolver : Resolved [org.springframework.web.servlet.resource.NoResourceFoundException: No static resource api/maintenance.]
2025-09-06T12:35:35.656+02:00 DEBUG 84692 --- [demo10] [nio-8088-exec-9] o.j.s.OpenEntityManagerInViewInterceptor : Closing JPA EntityManager in OpenEntityManagerInViewInterceptor
2025-09-06T12:35:35.656+02:00 DEBUG 84692 --- [demo10] [nio-8088-exec-7] o.j.s.OpenEntityManagerInViewInterceptor : Closing JPA EntityManager in OpenEntityManagerInViewInterceptor
2025-09-06T12:35:35.656+02:00 DEBUG 84692 --- [demo10] [nio-8088-exec-9] o.s.web.servlet.DispatcherServlet        : Completed 500 INTERNAL_SERVER_ERROR
2025-09-06T12:35:35.656+02:00 DEBUG 84692 --- [demo10] [nio-8088-exec-7] o.s.web.servlet.DispatcherServlet        : Completed 500 INTERNAL_SERVER_ERROR
2025-09-06T12:35:55.489+02:00 DEBUG 84692 --- [demo10] [nio-8088-exec-1] o.s.web.servlet.DispatcherServlet        : OPTIONS "/api/towers", parameters={}
2025-09-06T12:35:55.490+02:00 DEBUG 84692 --- [demo10] [nio-8088-exec-1] s.w.s.m.m.a.RequestMappingHandlerMapping : Mapped to com.example.demo.controller.TowerController#getAllTowers()
2025-09-06T12:35:55.490+02:00 DEBUG 84692 --- [demo10] [nio-8088-exec-1] o.j.s.OpenEntityManagerInViewInterceptor : Opening JPA EntityManager in OpenEntityManagerInViewInterceptor
2025-09-06T12:35:55.490+02:00 DEBUG 84692 --- [demo10] [nio-8088-exec-1] o.j.s.OpenEntityManagerInViewInterceptor : Closing JPA EntityManager in OpenEntityManagerInViewInterceptor
2025-09-06T12:35:55.490+02:00 DEBUG 84692 --- [demo10] [nio-8088-exec-1] o.s.web.servlet.DispatcherServlet        : Completed 200 OK
2025-09-06T12:35:55.491+02:00 DEBUG 84692 --- [demo10] [nio-8088-exec-8] o.s.web.servlet.DispatcherServlet        : GET "/api/towers", parameters={}
2025-09-06T12:35:55.491+02:00 DEBUG 84692 --- [demo10] [nio-8088-exec-8] s.w.s.m.m.a.RequestMappingHandlerMapping : Mapped to com.example.demo.controller.TowerController#getAllTowers()
2025-09-06T12:35:55.491+02:00 DEBUG 84692 --- [demo10] [nio-8088-exec-8] o.j.s.OpenEntityManagerInViewInterceptor : Opening JPA EntityManager in OpenEntityManagerInViewInterceptor
2025-09-06T12:35:55.492+02:00 DEBUG 84692 --- [demo10] [nio-8088-exec-8] o.s.orm.jpa.JpaTransactionManager        : Found thread-bound EntityManager [SessionImpl(1864170605<open>)] for JPA transaction
2025-09-06T12:35:55.492+02:00 DEBUG 84692 --- [demo10] [nio-8088-exec-8] o.s.orm.jpa.JpaTransactionManager        : Creating new transaction with name [org.springframework.data.jpa.repository.support.SimpleJpaRepository.findAll]: PROPAGATION_REQUIRED,ISOLATION_DEFAULT,readOnly
2025-09-06T12:35:55.492+02:00 DEBUG 84692 --- [demo10] [nio-8088-exec-8] o.s.jdbc.datasource.DataSourceUtils      : Setting JDBC Connection [HikariProxyConnection@1166203317 wrapping org.postgresql.jdbc.PgConnection@a1c768a] read-only
2025-09-06T12:35:55.492+02:00 DEBUG 84692 --- [demo10] [nio-8088-exec-8] o.s.orm.jpa.JpaTransactionManager        : Exposing JPA transaction as JDBC [org.springframework.orm.jpa.vendor.HibernateJpaDialect$HibernateConnectionHandle@54ee83cc]
Hibernate: 
    /* <criteria> */ select
        t1_0.tower_id,
        t1_0.api_endpoint_url,
        t1_0.api_key,
        t1_0.battery,
        t1_0.city,
        t1_0.created_at,
        t1_0.last_maintenance,
        t1_0.latitude,
        t1_0.longitude,
        t1_0.model_3d_path,
        t1_0.name,
        t1_0.network_load,
        t1_0.region,
        t1_0.status,
        t1_0.temperature,
        t1_0.updated_at,
        t1_0.uptime,
        t1_0.use_case 
    from
        towers t1_0
2025-09-06T12:35:55.496+02:00 DEBUG 84692 --- [demo10] [nio-8088-exec-8] o.s.orm.jpa.JpaTransactionManager        : Initiating transaction commit
2025-09-06T12:35:55.496+02:00 DEBUG 84692 --- [demo10] [nio-8088-exec-8] o.s.orm.jpa.JpaTransactionManager        : Committing JPA transaction on EntityManager [SessionImpl(1864170605<open>)]
2025-09-06T12:35:55.497+02:00 DEBUG 84692 --- [demo10] [nio-8088-exec-8] o.s.jdbc.datasource.DataSourceUtils      : Resetting read-only flag of JDBC Connection [HikariProxyConnection@1166203317 wrapping org.postgresql.jdbc.PgConnection@a1c768a]
2025-09-06T12:35:55.497+02:00 DEBUG 84692 --- [demo10] [nio-8088-exec-8] o.s.orm.jpa.JpaTransactionManager        : Not closing pre-bound JPA EntityManager after transaction
2025-09-06T12:35:55.497+02:00 DEBUG 84692 --- [demo10] [nio-8088-exec-8] o.s.w.s.m.m.a.HttpEntityMethodProcessor  : Using 'application/json', given [*/*] and supported [application/json, application/*+json]
2025-09-06T12:35:55.497+02:00 DEBUG 84692 --- [demo10] [nio-8088-exec-8] o.s.w.s.m.m.a.HttpEntityMethodProcessor  : Writing [[TowerDTO(id=20, name=Test, status=online, latitude=25.092, longitude=55.1381, city=Dubai, UAE, batt (truncated)...]
2025-09-06T12:35:55.498+02:00 DEBUG 84692 --- [demo10] [nio-8088-exec-8] o.j.s.OpenEntityManagerInViewInterceptor : Closing JPA EntityManager in OpenEntityManagerInViewInterceptor
2025-09-06T12:35:55.498+02:00 DEBUG 84692 --- [demo10] [nio-8088-exec-8] o.s.web.servlet.DispatcherServlet        : Completed 200 OK
2025-09-06T12:35:55.499+02:00 DEBUG 84692 --- [demo10] [io-8088-exec-10] o.s.web.servlet.DispatcherServlet        : GET "/api/towers", parameters={}
2025-09-06T12:35:55.499+02:00 DEBUG 84692 --- [demo10] [io-8088-exec-10] s.w.s.m.m.a.RequestMappingHandlerMapping : Mapped to com.example.demo.controller.TowerController#getAllTowers()
2025-09-06T12:35:55.499+02:00 DEBUG 84692 --- [demo10] [io-8088-exec-10] o.j.s.OpenEntityManagerInViewInterceptor : Opening JPA EntityManager in OpenEntityManagerInViewInterceptor
2025-09-06T12:35:55.500+02:00 DEBUG 84692 --- [demo10] [io-8088-exec-10] o.s.orm.jpa.JpaTransactionManager        : Found thread-bound EntityManager [SessionImpl(207323734<open>)] for JPA transaction
2025-09-06T12:35:55.500+02:00 DEBUG 84692 --- [demo10] [io-8088-exec-10] o.s.orm.jpa.JpaTransactionManager        : Creating new transaction with name [org.springframework.data.jpa.repository.support.SimpleJpaRepository.findAll]: PROPAGATION_REQUIRED,ISOLATION_DEFAULT,readOnly
2025-09-06T12:35:55.500+02:00 DEBUG 84692 --- [demo10] [io-8088-exec-10] o.s.jdbc.datasource.DataSourceUtils      : Setting JDBC Connection [HikariProxyConnection@1883373861 wrapping org.postgresql.jdbc.PgConnection@63198a9d] read-only
2025-09-06T12:35:55.500+02:00 DEBUG 84692 --- [demo10] [io-8088-exec-10] o.s.orm.jpa.JpaTransactionManager        : Exposing JPA transaction as JDBC [org.springframework.orm.jpa.vendor.HibernateJpaDialect$HibernateConnectionHandle@38fac3dc]
Hibernate: 
    /* <criteria> */ select
        t1_0.tower_id,
        t1_0.api_endpoint_url,
        t1_0.api_key,
        t1_0.battery,
        t1_0.city,
        t1_0.created_at,
        t1_0.last_maintenance,
        t1_0.latitude,
        t1_0.longitude,
        t1_0.model_3d_path,
        t1_0.name,
        t1_0.network_load,
        t1_0.region,
        t1_0.status,
        t1_0.temperature,
        t1_0.updated_at,
        t1_0.uptime,
        t1_0.use_case 
    from
        towers t1_0
2025-09-06T12:35:55.502+02:00 DEBUG 84692 --- [demo10] [io-8088-exec-10] o.s.orm.jpa.JpaTransactionManager        : Initiating transaction commit
2025-09-06T12:35:55.502+02:00 DEBUG 84692 --- [demo10] [io-8088-exec-10] o.s.orm.jpa.JpaTransactionManager        : Committing JPA transaction on EntityManager [SessionImpl(207323734<open>)]
2025-09-06T12:35:55.503+02:00 DEBUG 84692 --- [demo10] [io-8088-exec-10] o.s.jdbc.datasource.DataSourceUtils      : Resetting read-only flag of JDBC Connection [HikariProxyConnection@1883373861 wrapping org.postgresql.jdbc.PgConnection@63198a9d]
2025-09-06T12:35:55.503+02:00 DEBUG 84692 --- [demo10] [io-8088-exec-10] o.s.orm.jpa.JpaTransactionManager        : Not closing pre-bound JPA EntityManager after transaction
2025-09-06T12:35:55.503+02:00 DEBUG 84692 --- [demo10] [io-8088-exec-10] o.s.w.s.m.m.a.HttpEntityMethodProcessor  : Using 'application/json', given [*/*] and supported [application/json, application/*+json]
2025-09-06T12:35:55.503+02:00 DEBUG 84692 --- [demo10] [io-8088-exec-10] o.s.w.s.m.m.a.HttpEntityMethodProcessor  : Writing [[TowerDTO(id=20, name=Test, status=online, latitude=25.092, longitude=55.1381, city=Dubai, UAE, batt (truncated)...]
2025-09-06T12:35:55.504+02:00 DEBUG 84692 --- [demo10] [io-8088-exec-10] o.j.s.OpenEntityManagerInViewInterceptor : Closing JPA EntityManager in OpenEntityManagerInViewInterceptor
2025-09-06T12:35:55.504+02:00 DEBUG 84692 --- [demo10] [io-8088-exec-10] o.s.web.servlet.DispatcherServlet        : Completed 200 OK
2025-09-06T12:35:58.525+02:00 DEBUG 84692 --- [demo10] [nio-8088-exec-2] o.s.web.servlet.DispatcherServlet        : GET "/api/maintenance", parameters={}
2025-09-06T12:35:58.526+02:00 DEBUG 84692 --- [demo10] [nio-8088-exec-2] o.s.w.s.handler.SimpleUrlHandlerMapping  : Mapped to ResourceHttpRequestHandler [classpath [META-INF/resources/], classpath [resources/], classpath [static/], classpath [public/], ServletContext [/]]
2025-09-06T12:35:58.526+02:00 DEBUG 84692 --- [demo10] [nio-8088-exec-2] o.j.s.OpenEntityManagerInViewInterceptor : Opening JPA EntityManager in OpenEntityManagerInViewInterceptor
2025-09-06T12:35:58.527+02:00 DEBUG 84692 --- [demo10] [nio-8088-exec-2] o.s.w.s.r.ResourceHttpRequestHandler     : Resource not found
2025-09-06T12:35:58.527+02:00 DEBUG 84692 --- [demo10] [nio-8088-exec-2] .m.m.a.ExceptionHandlerExceptionResolver : Using @ExceptionHandler com.example.demo.GlobalExceptionHandler#handleAllExceptions(Exception)
org.springframework.web.servlet.resource.NoResourceFoundException: No static resource api/maintenance.
	at org.springframework.web.servlet.resource.ResourceHttpRequestHandler.handleRequest(ResourceHttpRequestHandler.java:585)
	at org.springframework.web.servlet.mvc.HttpRequestHandlerAdapter.handle(HttpRequestHandlerAdapter.java:52)
	at org.springframework.web.servlet.DispatcherServlet.doDispatch(DispatcherServlet.java:1089)
	at org.springframework.web.servlet.DispatcherServlet.doService(DispatcherServlet.java:979)
	at org.springframework.web.servlet.FrameworkServlet.processRequest(FrameworkServlet.java:1014)
	at org.springframework.web.servlet.FrameworkServlet.doGet(FrameworkServlet.java:903)
	at jakarta.servlet.http.HttpServlet.service(HttpServlet.java:564)
	at org.springframework.web.servlet.FrameworkServlet.service(FrameworkServlet.java:885)
	at jakarta.servlet.http.HttpServlet.service(HttpServlet.java:658)
	at org.apache.catalina.core.ApplicationFilterChain.internalDoFilter(ApplicationFilterChain.java:195)
	at org.apache.catalina.core.ApplicationFilterChain.doFilter(ApplicationFilterChain.java:140)
	at org.apache.tomcat.websocket.server.WsFilter.doFilter(WsFilter.java:51)
	at org.apache.catalina.core.ApplicationFilterChain.internalDoFilter(ApplicationFilterChain.java:164)
	at org.apache.catalina.core.ApplicationFilterChain.doFilter(ApplicationFilterChain.java:140)
	at org.springframework.web.filter.RequestContextFilter.doFilterInternal(RequestContextFilter.java:100)
	at org.springframework.web.filter.OncePerRequestFilter.doFilter(OncePerRequestFilter.java:116)
	at org.apache.catalina.core.ApplicationFilterChain.internalDoFilter(ApplicationFilterChain.java:164)
	at org.apache.catalina.core.ApplicationFilterChain.doFilter(ApplicationFilterChain.java:140)
	at org.springframework.web.filter.FormContentFilter.doFilterInternal(FormContentFilter.java:93)
	at org.springframework.web.filter.OncePerRequestFilter.doFilter(OncePerRequestFilter.java:116)
	at org.apache.catalina.core.ApplicationFilterChain.internalDoFilter(ApplicationFilterChain.java:164)
	at org.apache.catalina.core.ApplicationFilterChain.doFilter(ApplicationFilterChain.java:140)
	at org.springframework.web.filter.CharacterEncodingFilter.doFilterInternal(CharacterEncodingFilter.java:201)
	at org.springframework.web.filter.OncePerRequestFilter.doFilter(OncePerRequestFilter.java:116)
	at org.apache.catalina.core.ApplicationFilterChain.internalDoFilter(ApplicationFilterChain.java:164)
	at org.apache.catalina.core.ApplicationFilterChain.doFilter(ApplicationFilterChain.java:140)
	at org.apache.catalina.core.StandardWrapperValve.invoke(StandardWrapperValve.java:167)
	at org.apache.catalina.core.StandardContextValve.invoke(StandardContextValve.java:90)
	at org.apache.catalina.authenticator.AuthenticatorBase.invoke(AuthenticatorBase.java:483)
	at org.apache.catalina.core.StandardHostValve.invoke(StandardHostValve.java:116)
	at org.apache.catalina.valves.ErrorReportValve.invoke(ErrorReportValve.java:93)
	at org.apache.catalina.core.StandardEngineValve.invoke(StandardEngineValve.java:74)
	at org.apache.catalina.connector.CoyoteAdapter.service(CoyoteAdapter.java:344)
	at org.apache.coyote.http11.Http11Processor.service(Http11Processor.java:398)
	at org.apache.coyote.AbstractProcessorLight.process(AbstractProcessorLight.java:63)
	at org.apache.coyote.AbstractProtocol$ConnectionHandler.process(AbstractProtocol.java:903)
	at org.apache.tomcat.util.net.NioEndpoint$SocketProcessor.doRun(NioEndpoint.java:1769)
	at org.apache.tomcat.util.net.SocketProcessorBase.run(SocketProcessorBase.java:52)
	at org.apache.tomcat.util.threads.ThreadPoolExecutor.runWorker(ThreadPoolExecutor.java:1189)
	at org.apache.tomcat.util.threads.ThreadPoolExecutor$Worker.run(ThreadPoolExecutor.java:658)
	at org.apache.tomcat.util.threads.TaskThread$WrappingRunnable.run(TaskThread.java:63)
	at java.base/java.lang.Thread.run(Thread.java:1589)
2025-09-06T12:35:58.527+02:00 DEBUG 84692 --- [demo10] [nio-8088-exec-2] o.s.w.s.m.m.a.HttpEntityMethodProcessor  : Using 'text/plain', given [*/*] and supported [text/plain, */*, application/json, application/*+json]
2025-09-06T12:35:58.528+02:00 DEBUG 84692 --- [demo10] [nio-8088-exec-2] o.s.w.s.m.m.a.HttpEntityMethodProcessor  : Writing ["Internal Server Error: No static resource api/maintenance."]
2025-09-06T12:35:58.528+02:00 DEBUG 84692 --- [demo10] [nio-8088-exec-2] .m.m.a.ExceptionHandlerExceptionResolver : Resolved [org.springframework.web.servlet.resource.NoResourceFoundException: No static resource api/maintenance.]
2025-09-06T12:35:58.528+02:00 DEBUG 84692 --- [demo10] [nio-8088-exec-2] o.j.s.OpenEntityManagerInViewInterceptor : Closing JPA EntityManager in OpenEntityManagerInViewInterceptor
2025-09-06T12:35:58.528+02:00 DEBUG 84692 --- [demo10] [nio-8088-exec-2] o.s.web.servlet.DispatcherServlet        : Completed 500 INTERNAL_SERVER_ERROR
2025-09-06T12:35:58.529+02:00 DEBUG 84692 --- [demo10] [nio-8088-exec-3] o.s.web.servlet.DispatcherServlet        : GET "/api/maintenance", parameters={}
2025-09-06T12:35:58.529+02:00 DEBUG 84692 --- [demo10] [nio-8088-exec-3] o.s.w.s.handler.SimpleUrlHandlerMapping  : Mapped to ResourceHttpRequestHandler [classpath [META-INF/resources/], classpath [resources/], classpath [static/], classpath [public/], ServletContext [/]]
2025-09-06T12:35:58.529+02:00 DEBUG 84692 --- [demo10] [nio-8088-exec-3] o.j.s.OpenEntityManagerInViewInterceptor : Opening JPA EntityManager in OpenEntityManagerInViewInterceptor
2025-09-06T12:35:58.530+02:00 DEBUG 84692 --- [demo10] [nio-8088-exec-3] o.s.w.s.r.ResourceHttpRequestHandler     : Resource not found
2025-09-06T12:35:58.530+02:00 DEBUG 84692 --- [demo10] [nio-8088-exec-3] .m.m.a.ExceptionHandlerExceptionResolver : Using @ExceptionHandler com.example.demo.GlobalExceptionHandler#handleAllExceptions(Exception)
org.springframework.web.servlet.resource.NoResourceFoundException: No static resource api/maintenance.
	at org.springframework.web.servlet.resource.ResourceHttpRequestHandler.handleRequest(ResourceHttpRequestHandler.java:585)
	at org.springframework.web.servlet.mvc.HttpRequestHandlerAdapter.handle(HttpRequestHandlerAdapter.java:52)
	at org.springframework.web.servlet.DispatcherServlet.doDispatch(DispatcherServlet.java:1089)
	at org.springframework.web.servlet.DispatcherServlet.doService(DispatcherServlet.java:979)
	at org.springframework.web.servlet.FrameworkServlet.processRequest(FrameworkServlet.java:1014)
	at org.springframework.web.servlet.FrameworkServlet.doGet(FrameworkServlet.java:903)
	at jakarta.servlet.http.HttpServlet.service(HttpServlet.java:564)
	at org.springframework.web.servlet.FrameworkServlet.service(FrameworkServlet.java:885)
	at jakarta.servlet.http.HttpServlet.service(HttpServlet.java:658)
	at org.apache.catalina.core.ApplicationFilterChain.internalDoFilter(ApplicationFilterChain.java:195)
	at org.apache.catalina.core.ApplicationFilterChain.doFilter(ApplicationFilterChain.java:140)
	at org.apache.tomcat.websocket.server.WsFilter.doFilter(WsFilter.java:51)
	at org.apache.catalina.core.ApplicationFilterChain.internalDoFilter(ApplicationFilterChain.java:164)
	at org.apache.catalina.core.ApplicationFilterChain.doFilter(ApplicationFilterChain.java:140)
	at org.springframework.web.filter.RequestContextFilter.doFilterInternal(RequestContextFilter.java:100)
	at org.springframework.web.filter.OncePerRequestFilter.doFilter(OncePerRequestFilter.java:116)
	at org.apache.catalina.core.ApplicationFilterChain.internalDoFilter(ApplicationFilterChain.java:164)
	at org.apache.catalina.core.ApplicationFilterChain.doFilter(ApplicationFilterChain.java:140)
	at org.springframework.web.filter.FormContentFilter.doFilterInternal(FormContentFilter.java:93)
	at org.springframework.web.filter.OncePerRequestFilter.doFilter(OncePerRequestFilter.java:116)
	at org.apache.catalina.core.ApplicationFilterChain.internalDoFilter(ApplicationFilterChain.java:164)
	at org.apache.catalina.core.ApplicationFilterChain.doFilter(ApplicationFilterChain.java:140)
	at org.springframework.web.filter.CharacterEncodingFilter.doFilterInternal(CharacterEncodingFilter.java:201)
	at org.springframework.web.filter.OncePerRequestFilter.doFilter(OncePerRequestFilter.java:116)
	at org.apache.catalina.core.ApplicationFilterChain.internalDoFilter(ApplicationFilterChain.java:164)
	at org.apache.catalina.core.ApplicationFilterChain.doFilter(ApplicationFilterChain.java:140)
	at org.apache.catalina.core.StandardWrapperValve.invoke(StandardWrapperValve.java:167)
	at org.apache.catalina.core.StandardContextValve.invoke(StandardContextValve.java:90)
	at org.apache.catalina.authenticator.AuthenticatorBase.invoke(AuthenticatorBase.java:483)
	at org.apache.catalina.core.StandardHostValve.invoke(StandardHostValve.java:116)
	at org.apache.catalina.valves.ErrorReportValve.invoke(ErrorReportValve.java:93)
	at org.apache.catalina.core.StandardEngineValve.invoke(StandardEngineValve.java:74)
	at org.apache.catalina.connector.CoyoteAdapter.service(CoyoteAdapter.java:344)
	at org.apache.coyote.http11.Http11Processor.service(Http11Processor.java:398)
	at org.apache.coyote.AbstractProcessorLight.process(AbstractProcessorLight.java:63)
	at org.apache.coyote.AbstractProtocol$ConnectionHandler.process(AbstractProtocol.java:903)
	at org.apache.tomcat.util.net.NioEndpoint$SocketProcessor.doRun(NioEndpoint.java:1769)
	at org.apache.tomcat.util.net.SocketProcessorBase.run(SocketProcessorBase.java:52)
	at org.apache.tomcat.util.threads.ThreadPoolExecutor.runWorker(ThreadPoolExecutor.java:1189)
	at org.apache.tomcat.util.threads.ThreadPoolExecutor$Worker.run(ThreadPoolExecutor.java:658)
	at org.apache.tomcat.util.threads.TaskThread$WrappingRunnable.run(TaskThread.java:63)
	at java.base/java.lang.Thread.run(Thread.java:1589)
2025-09-06T12:35:58.530+02:00 DEBUG 84692 --- [demo10] [nio-8088-exec-3] o.s.w.s.m.m.a.HttpEntityMethodProcessor  : Using 'text/plain', given [*/*] and supported [text/plain, */*, application/json, application/*+json]
2025-09-06T12:35:58.530+02:00 DEBUG 84692 --- [demo10] [nio-8088-exec-3] o.s.w.s.m.m.a.HttpEntityMethodProcessor  : Writing ["Internal Server Error: No static resource api/maintenance."]
2025-09-06T12:35:58.530+02:00 DEBUG 84692 --- [demo10] [nio-8088-exec-3] .m.m.a.ExceptionHandlerExceptionResolver : Resolved [org.springframework.web.servlet.resource.NoResourceFoundException: No static resource api/maintenance.]
2025-09-06T12:35:58.530+02:00 DEBUG 84692 --- [demo10] [nio-8088-exec-3] o.j.s.OpenEntityManagerInViewInterceptor : Closing JPA EntityManager in OpenEntityManagerInViewInterceptor
2025-09-06T12:35:58.530+02:00 DEBUG 84692 --- [demo10] [nio-8088-exec-3] o.s.web.servlet.DispatcherServlet        : Completed 500 INTERNAL_SERVER_ERROR
2025-09-06T12:36:26.126+02:00 DEBUG 84692 --- [demo10] [nio-8088-exec-4] o.s.web.servlet.DispatcherServlet        : GET "/api/maintenance", parameters={}
2025-09-06T12:36:26.126+02:00 DEBUG 84692 --- [demo10] [nio-8088-exec-4] o.s.w.s.handler.SimpleUrlHandlerMapping  : Mapped to ResourceHttpRequestHandler [classpath [META-INF/resources/], classpath [resources/], classpath [static/], classpath [public/], ServletContext [/]]
2025-09-06T12:36:26.127+02:00 DEBUG 84692 --- [demo10] [nio-8088-exec-4] o.j.s.OpenEntityManagerInViewInterceptor : Opening JPA EntityManager in OpenEntityManagerInViewInterceptor
2025-09-06T12:36:26.127+02:00 DEBUG 84692 --- [demo10] [nio-8088-exec-4] o.s.w.s.r.ResourceHttpRequestHandler     : Resource not found
2025-09-06T12:36:26.127+02:00 DEBUG 84692 --- [demo10] [nio-8088-exec-4] .m.m.a.ExceptionHandlerExceptionResolver : Using @ExceptionHandler com.example.demo.GlobalExceptionHandler#handleAllExceptions(Exception)
org.springframework.web.servlet.resource.NoResourceFoundException: No static resource api/maintenance.
	at org.springframework.web.servlet.resource.ResourceHttpRequestHandler.handleRequest(ResourceHttpRequestHandler.java:585)
	at org.springframework.web.servlet.mvc.HttpRequestHandlerAdapter.handle(HttpRequestHandlerAdapter.java:52)
	at org.springframework.web.servlet.DispatcherServlet.doDispatch(DispatcherServlet.java:1089)
	at org.springframework.web.servlet.DispatcherServlet.doService(DispatcherServlet.java:979)
	at org.springframework.web.servlet.FrameworkServlet.processRequest(FrameworkServlet.java:1014)
	at org.springframework.web.servlet.FrameworkServlet.doGet(FrameworkServlet.java:903)
	at jakarta.servlet.http.HttpServlet.service(HttpServlet.java:564)
	at org.springframework.web.servlet.FrameworkServlet.service(FrameworkServlet.java:885)
	at jakarta.servlet.http.HttpServlet.service(HttpServlet.java:658)
	at org.apache.catalina.core.ApplicationFilterChain.internalDoFilter(ApplicationFilterChain.java:195)
	at org.apache.catalina.core.ApplicationFilterChain.doFilter(ApplicationFilterChain.java:140)
	at org.apache.tomcat.websocket.server.WsFilter.doFilter(WsFilter.java:51)
	at org.apache.catalina.core.ApplicationFilterChain.internalDoFilter(ApplicationFilterChain.java:164)
	at org.apache.catalina.core.ApplicationFilterChain.doFilter(ApplicationFilterChain.java:140)
	at org.springframework.web.filter.RequestContextFilter.doFilterInternal(RequestContextFilter.java:100)
	at org.springframework.web.filter.OncePerRequestFilter.doFilter(OncePerRequestFilter.java:116)
	at org.apache.catalina.core.ApplicationFilterChain.internalDoFilter(ApplicationFilterChain.java:164)
	at org.apache.catalina.core.ApplicationFilterChain.doFilter(ApplicationFilterChain.java:140)
	at org.springframework.web.filter.FormContentFilter.doFilterInternal(FormContentFilter.java:93)
	at org.springframework.web.filter.OncePerRequestFilter.doFilter(OncePerRequestFilter.java:116)
	at org.apache.catalina.core.ApplicationFilterChain.internalDoFilter(ApplicationFilterChain.java:164)
	at org.apache.catalina.core.ApplicationFilterChain.doFilter(ApplicationFilterChain.java:140)
	at org.springframework.web.filter.CharacterEncodingFilter.doFilterInternal(CharacterEncodingFilter.java:201)
	at org.springframework.web.filter.OncePerRequestFilter.doFilter(OncePerRequestFilter.java:116)
	at org.apache.catalina.core.ApplicationFilterChain.internalDoFilter(ApplicationFilterChain.java:164)
	at org.apache.catalina.core.ApplicationFilterChain.doFilter(ApplicationFilterChain.java:140)
	at org.apache.catalina.core.StandardWrapperValve.invoke(StandardWrapperValve.java:167)
	at org.apache.catalina.core.StandardContextValve.invoke(StandardContextValve.java:90)
	at org.apache.catalina.authenticator.AuthenticatorBase.invoke(AuthenticatorBase.java:483)
	at org.apache.catalina.core.StandardHostValve.invoke(StandardHostValve.java:116)
	at org.apache.catalina.valves.ErrorReportValve.invoke(ErrorReportValve.java:93)
	at org.apache.catalina.core.StandardEngineValve.invoke(StandardEngineValve.java:74)
	at org.apache.catalina.connector.CoyoteAdapter.service(CoyoteAdapter.java:344)
	at org.apache.coyote.http11.Http11Processor.service(Http11Processor.java:398)
	at org.apache.coyote.AbstractProcessorLight.process(AbstractProcessorLight.java:63)
	at org.apache.coyote.AbstractProtocol$ConnectionHandler.process(AbstractProtocol.java:903)
	at org.apache.tomcat.util.net.NioEndpoint$SocketProcessor.doRun(NioEndpoint.java:1769)
	at org.apache.tomcat.util.net.SocketProcessorBase.run(SocketProcessorBase.java:52)
	at org.apache.tomcat.util.threads.ThreadPoolExecutor.runWorker(ThreadPoolExecutor.java:1189)
	at org.apache.tomcat.util.threads.ThreadPoolExecutor$Worker.run(ThreadPoolExecutor.java:658)
	at org.apache.tomcat.util.threads.TaskThread$WrappingRunnable.run(TaskThread.java:63)
	at java.base/java.lang.Thread.run(Thread.java:1589)
2025-09-06T12:36:26.128+02:00 DEBUG 84692 --- [demo10] [nio-8088-exec-4] o.s.w.s.m.m.a.HttpEntityMethodProcessor  : Using 'text/plain', given [*/*] and supported [text/plain, */*, application/json, application/*+json]
2025-09-06T12:36:26.128+02:00 DEBUG 84692 --- [demo10] [nio-8088-exec-4] o.s.w.s.m.m.a.HttpEntityMethodProcessor  : Writing ["Internal Server Error: No static resource api/maintenance."]
2025-09-06T12:36:26.128+02:00 DEBUG 84692 --- [demo10] [nio-8088-exec-4] .m.m.a.ExceptionHandlerExceptionResolver : Resolved [org.springframework.web.servlet.resource.NoResourceFoundException: No static resource api/maintenance.]
2025-09-06T12:36:26.128+02:00 DEBUG 84692 --- [demo10] [nio-8088-exec-4] o.j.s.OpenEntityManagerInViewInterceptor : Closing JPA EntityManager in OpenEntityManagerInViewInterceptor
2025-09-06T12:36:26.128+02:00 DEBUG 84692 --- [demo10] [nio-8088-exec-4] o.s.web.servlet.DispatcherServlet        : Completed 500 INTERNAL_SERVER_ERROR
2025-09-06T12:36:35.465+02:00 DEBUG 84692 --- [demo10] [nio-8088-exec-6] o.s.web.servlet.DispatcherServlet        : GET "/api/towers", parameters={}
2025-09-06T12:36:35.467+02:00 DEBUG 84692 --- [demo10] [nio-8088-exec-6] s.w.s.m.m.a.RequestMappingHandlerMapping : Mapped to com.example.demo.controller.TowerController#getAllTowers()
2025-09-06T12:36:35.467+02:00 DEBUG 84692 --- [demo10] [nio-8088-exec-6] o.j.s.OpenEntityManagerInViewInterceptor : Opening JPA EntityManager in OpenEntityManagerInViewInterceptor
2025-09-06T12:36:35.469+02:00 DEBUG 84692 --- [demo10] [nio-8088-exec-6] o.s.orm.jpa.JpaTransactionManager        : Found thread-bound EntityManager [SessionImpl(424477871<open>)] for JPA transaction
2025-09-06T12:36:35.469+02:00 DEBUG 84692 --- [demo10] [nio-8088-exec-6] o.s.orm.jpa.JpaTransactionManager        : Creating new transaction with name [org.springframework.data.jpa.repository.support.SimpleJpaRepository.findAll]: PROPAGATION_REQUIRED,ISOLATION_DEFAULT,readOnly
2025-09-06T12:36:35.470+02:00 DEBUG 84692 --- [demo10] [nio-8088-exec-6] o.s.jdbc.datasource.DataSourceUtils      : Setting JDBC Connection [HikariProxyConnection@1223313492 wrapping org.postgresql.jdbc.PgConnection@63198a9d] read-only
2025-09-06T12:36:35.478+02:00 DEBUG 84692 --- [demo10] [nio-8088-exec-6] o.s.orm.jpa.JpaTransactionManager        : Exposing JPA transaction as JDBC [org.springframework.orm.jpa.vendor.HibernateJpaDialect$HibernateConnectionHandle@2444caa]
Hibernate: 
    /* <criteria> */ select
        t1_0.tower_id,
        t1_0.api_endpoint_url,
        t1_0.api_key,
        t1_0.battery,
        t1_0.city,
        t1_0.created_at,
        t1_0.last_maintenance,
        t1_0.latitude,
        t1_0.longitude,
        t1_0.model_3d_path,
        t1_0.name,
        t1_0.network_load,
        t1_0.region,
        t1_0.status,
        t1_0.temperature,
        t1_0.updated_at,
        t1_0.uptime,
        t1_0.use_case 
    from
        towers t1_0
2025-09-06T12:36:35.490+02:00 DEBUG 84692 --- [demo10] [nio-8088-exec-6] o.s.orm.jpa.JpaTransactionManager        : Initiating transaction commit
2025-09-06T12:36:35.490+02:00 DEBUG 84692 --- [demo10] [nio-8088-exec-6] o.s.orm.jpa.JpaTransactionManager        : Committing JPA transaction on EntityManager [SessionImpl(424477871<open>)]
2025-09-06T12:36:35.491+02:00 DEBUG 84692 --- [demo10] [nio-8088-exec-6] o.s.jdbc.datasource.DataSourceUtils      : Resetting read-only flag of JDBC Connection [HikariProxyConnection@1223313492 wrapping org.postgresql.jdbc.PgConnection@63198a9d]
2025-09-06T12:36:35.491+02:00 DEBUG 84692 --- [demo10] [nio-8088-exec-6] o.s.orm.jpa.JpaTransactionManager        : Not closing pre-bound JPA EntityManager after transaction
2025-09-06T12:36:35.492+02:00 DEBUG 84692 --- [demo10] [nio-8088-exec-6] o.s.w.s.m.m.a.HttpEntityMethodProcessor  : Using 'application/json', given [*/*] and supported [application/json, application/*+json]
2025-09-06T12:36:35.492+02:00 DEBUG 84692 --- [demo10] [nio-8088-exec-6] o.s.w.s.m.m.a.HttpEntityMethodProcessor  : Writing [[TowerDTO(id=20, name=Test, status=online, latitude=25.092, longitude=55.1381, city=Dubai, UAE, batt (truncated)...]
2025-09-06T12:36:35.494+02:00 DEBUG 84692 --- [demo10] [nio-8088-exec-6] o.j.s.OpenEntityManagerInViewInterceptor : Closing JPA EntityManager in OpenEntityManagerInViewInterceptor
2025-09-06T12:36:35.494+02:00 DEBUG 84692 --- [demo10] [nio-8088-exec-6] o.s.web.servlet.DispatcherServlet        : Completed 200 OK
2025-09-06T12:38:25.165+02:00 DEBUG 84692 --- [demo10] [nio-8088-exec-7] o.s.web.servlet.DispatcherServlet        : GET "/api/maintenance", parameters={}
2025-09-06T12:38:25.166+02:00 DEBUG 84692 --- [demo10] [nio-8088-exec-7] o.s.w.s.handler.SimpleUrlHandlerMapping  : Mapped to ResourceHttpRequestHandler [classpath [META-INF/resources/], classpath [resources/], classpath [static/], classpath [public/], ServletContext [/]]
2025-09-06T12:38:25.166+02:00 DEBUG 84692 --- [demo10] [nio-8088-exec-7] o.j.s.OpenEntityManagerInViewInterceptor : Opening JPA EntityManager in OpenEntityManagerInViewInterceptor
2025-09-06T12:38:25.168+02:00 DEBUG 84692 --- [demo10] [nio-8088-exec-7] o.s.w.s.r.ResourceHttpRequestHandler     : Resource not found
2025-09-06T12:38:25.168+02:00 DEBUG 84692 --- [demo10] [nio-8088-exec-7] .m.m.a.ExceptionHandlerExceptionResolver : Using @ExceptionHandler com.example.demo.GlobalExceptionHandler#handleAllExceptions(Exception)
org.springframework.web.servlet.resource.NoResourceFoundException: No static resource api/maintenance.
	at org.springframework.web.servlet.resource.ResourceHttpRequestHandler.handleRequest(ResourceHttpRequestHandler.java:585)
	at org.springframework.web.servlet.mvc.HttpRequestHandlerAdapter.handle(HttpRequestHandlerAdapter.java:52)
	at org.springframework.web.servlet.DispatcherServlet.doDispatch(DispatcherServlet.java:1089)
	at org.springframework.web.servlet.DispatcherServlet.doService(DispatcherServlet.java:979)
	at org.springframework.web.servlet.FrameworkServlet.processRequest(FrameworkServlet.java:1014)
	at org.springframework.web.servlet.FrameworkServlet.doGet(FrameworkServlet.java:903)
	at jakarta.servlet.http.HttpServlet.service(HttpServlet.java:564)
	at org.springframework.web.servlet.FrameworkServlet.service(FrameworkServlet.java:885)
	at jakarta.servlet.http.HttpServlet.service(HttpServlet.java:658)
	at org.apache.catalina.core.ApplicationFilterChain.internalDoFilter(ApplicationFilterChain.java:195)
	at org.apache.catalina.core.ApplicationFilterChain.doFilter(ApplicationFilterChain.java:140)
	at org.apache.tomcat.websocket.server.WsFilter.doFilter(WsFilter.java:51)
	at org.apache.catalina.core.ApplicationFilterChain.internalDoFilter(ApplicationFilterChain.java:164)
	at org.apache.catalina.core.ApplicationFilterChain.doFilter(ApplicationFilterChain.java:140)
	at org.springframework.web.filter.RequestContextFilter.doFilterInternal(RequestContextFilter.java:100)
	at org.springframework.web.filter.OncePerRequestFilter.doFilter(OncePerRequestFilter.java:116)
	at org.apache.catalina.core.ApplicationFilterChain.internalDoFilter(ApplicationFilterChain.java:164)
	at org.apache.catalina.core.ApplicationFilterChain.doFilter(ApplicationFilterChain.java:140)
	at org.springframework.web.filter.FormContentFilter.doFilterInternal(FormContentFilter.java:93)
	at org.springframework.web.filter.OncePerRequestFilter.doFilter(OncePerRequestFilter.java:116)
	at org.apache.catalina.core.ApplicationFilterChain.internalDoFilter(ApplicationFilterChain.java:164)
	at org.apache.catalina.core.ApplicationFilterChain.doFilter(ApplicationFilterChain.java:140)
	at org.springframework.web.filter.CharacterEncodingFilter.doFilterInternal(CharacterEncodingFilter.java:201)
	at org.springframework.web.filter.OncePerRequestFilter.doFilter(OncePerRequestFilter.java:116)
	at org.apache.catalina.core.ApplicationFilterChain.internalDoFilter(ApplicationFilterChain.java:164)
	at org.apache.catalina.core.ApplicationFilterChain.doFilter(ApplicationFilterChain.java:140)
	at org.apache.catalina.core.StandardWrapperValve.invoke(StandardWrapperValve.java:167)
	at org.apache.catalina.core.StandardContextValve.invoke(StandardContextValve.java:90)
	at org.apache.catalina.authenticator.AuthenticatorBase.invoke(AuthenticatorBase.java:483)
	at org.apache.catalina.core.StandardHostValve.invoke(StandardHostValve.java:116)
	at org.apache.catalina.valves.ErrorReportValve.invoke(ErrorReportValve.java:93)
	at org.apache.catalina.core.StandardEngineValve.invoke(StandardEngineValve.java:74)
	at org.apache.catalina.connector.CoyoteAdapter.service(CoyoteAdapter.java:344)
	at org.apache.coyote.http11.Http11Processor.service(Http11Processor.java:398)
	at org.apache.coyote.AbstractProcessorLight.process(AbstractProcessorLight.java:63)
	at org.apache.coyote.AbstractProtocol$ConnectionHandler.process(AbstractProtocol.java:903)
	at org.apache.tomcat.util.net.NioEndpoint$SocketProcessor.doRun(NioEndpoint.java:1769)
	at org.apache.tomcat.util.net.SocketProcessorBase.run(SocketProcessorBase.java:52)
	at org.apache.tomcat.util.threads.ThreadPoolExecutor.runWorker(ThreadPoolExecutor.java:1189)
	at org.apache.tomcat.util.threads.ThreadPoolExecutor$Worker.run(ThreadPoolExecutor.java:658)
	at org.apache.tomcat.util.threads.TaskThread$WrappingRunnable.run(TaskThread.java:63)
	at java.base/java.lang.Thread.run(Thread.java:1589)
2025-09-06T12:38:25.169+02:00 DEBUG 84692 --- [demo10] [nio-8088-exec-7] o.s.w.s.m.m.a.HttpEntityMethodProcessor  : Using 'text/plain', given [*/*] and supported [text/plain, */*, application/json, application/*+json]
2025-09-06T12:38:25.169+02:00 DEBUG 84692 --- [demo10] [nio-8088-exec-7] o.s.w.s.m.m.a.HttpEntityMethodProcessor  : Writing ["Internal Server Error: No static resource api/maintenance."]
2025-09-06T12:38:25.169+02:00 DEBUG 84692 --- [demo10] [nio-8088-exec-7] .m.m.a.ExceptionHandlerExceptionResolver : Resolved [org.springframework.web.servlet.resource.NoResourceFoundException: No static resource api/maintenance.]
2025-09-06T12:38:25.169+02:00 DEBUG 84692 --- [demo10] [nio-8088-exec-7] o.j.s.OpenEntityManagerInViewInterceptor : Closing JPA EntityManager in OpenEntityManagerInViewInterceptor
2025-09-06T12:38:25.169+02:00 DEBUG 84692 --- [demo10] [nio-8088-exec-7] o.s.web.servlet.DispatcherServlet        : Completed 500 INTERNAL_SERVER_ERROR
2025-09-06T12:38:32.090+02:00 DEBUG 84692 --- [demo10] [nio-8088-exec-9] o.s.web.servlet.DispatcherServlet        : GET "/api/towers", parameters={}
2025-09-06T12:38:32.091+02:00 DEBUG 84692 --- [demo10] [nio-8088-exec-9] s.w.s.m.m.a.RequestMappingHandlerMapping : Mapped to com.example.demo.controller.TowerController#getAllTowers()
2025-09-06T12:38:32.091+02:00 DEBUG 84692 --- [demo10] [nio-8088-exec-9] o.j.s.OpenEntityManagerInViewInterceptor : Opening JPA EntityManager in OpenEntityManagerInViewInterceptor
2025-09-06T12:38:32.092+02:00 DEBUG 84692 --- [demo10] [nio-8088-exec-9] o.s.orm.jpa.JpaTransactionManager        : Found thread-bound EntityManager [SessionImpl(257163426<open>)] for JPA transaction
2025-09-06T12:38:32.092+02:00 DEBUG 84692 --- [demo10] [nio-8088-exec-9] o.s.orm.jpa.JpaTransactionManager        : Creating new transaction with name [org.springframework.data.jpa.repository.support.SimpleJpaRepository.findAll]: PROPAGATION_REQUIRED,ISOLATION_DEFAULT,readOnly
2025-09-06T12:38:32.093+02:00 DEBUG 84692 --- [demo10] [nio-8088-exec-9] o.s.jdbc.datasource.DataSourceUtils      : Setting JDBC Connection [HikariProxyConnection@1096771607 wrapping org.postgresql.jdbc.PgConnection@63198a9d] read-only
2025-09-06T12:38:32.093+02:00 DEBUG 84692 --- [demo10] [nio-8088-exec-9] o.s.orm.jpa.JpaTransactionManager        : Exposing JPA transaction as JDBC [org.springframework.orm.jpa.vendor.HibernateJpaDialect$HibernateConnectionHandle@48b36c6]
Hibernate: 
    /* <criteria> */ select
        t1_0.tower_id,
        t1_0.api_endpoint_url,
        t1_0.api_key,
        t1_0.battery,
        t1_0.city,
        t1_0.created_at,
        t1_0.last_maintenance,
        t1_0.latitude,
        t1_0.longitude,
        t1_0.model_3d_path,
        t1_0.name,
        t1_0.network_load,
        t1_0.region,
        t1_0.status,
        t1_0.temperature,
        t1_0.updated_at,
        t1_0.uptime,
        t1_0.use_case 
    from
        towers t1_0
2025-09-06T12:38:32.101+02:00 DEBUG 84692 --- [demo10] [nio-8088-exec-9] o.s.orm.jpa.JpaTransactionManager        : Initiating transaction commit
2025-09-06T12:38:32.101+02:00 DEBUG 84692 --- [demo10] [nio-8088-exec-9] o.s.orm.jpa.JpaTransactionManager        : Committing JPA transaction on EntityManager [SessionImpl(257163426<open>)]
2025-09-06T12:38:32.102+02:00 DEBUG 84692 --- [demo10] [nio-8088-exec-9] o.s.jdbc.datasource.DataSourceUtils      : Resetting read-only flag of JDBC Connection [HikariProxyConnection@1096771607 wrapping org.postgresql.jdbc.PgConnection@63198a9d]
2025-09-06T12:38:32.102+02:00 DEBUG 84692 --- [demo10] [nio-8088-exec-9] o.s.orm.jpa.JpaTransactionManager        : Not closing pre-bound JPA EntityManager after transaction
2025-09-06T12:38:32.104+02:00 DEBUG 84692 --- [demo10] [nio-8088-exec-9] o.s.w.s.m.m.a.HttpEntityMethodProcessor  : Using 'application/json', given [*/*] and supported [application/json, application/*+json]
2025-09-06T12:38:32.104+02:00 DEBUG 84692 --- [demo10] [nio-8088-exec-9] o.s.w.s.m.m.a.HttpEntityMethodProcessor  : Writing [[TowerDTO(id=20, name=Test, status=online, latitude=25.092, longitude=55.1381, city=Dubai, UAE, batt (truncated)...]
2025-09-06T12:38:32.106+02:00 DEBUG 84692 --- [demo10] [nio-8088-exec-9] o.j.s.OpenEntityManagerInViewInterceptor : Closing JPA EntityManager in OpenEntityManagerInViewInterceptor
2025-09-06T12:38:32.109+02:00 DEBUG 84692 --- [demo10] [nio-8088-exec-9] o.s.web.servlet.DispatcherServlet        : Completed 200 OK
2025-09-06T13:26:34.135+02:00 DEBUG 84692 --- [demo10] [nio-8088-exec-8] o.s.web.servlet.DispatcherServlet        : OPTIONS "/api/towers", parameters={}
2025-09-06T13:26:34.136+02:00 DEBUG 84692 --- [demo10] [nio-8088-exec-8] s.w.s.m.m.a.RequestMappingHandlerMapping : Mapped to com.example.demo.controller.TowerController#getAllTowers()
2025-09-06T13:26:34.136+02:00 DEBUG 84692 --- [demo10] [nio-8088-exec-8] o.j.s.OpenEntityManagerInViewInterceptor : Opening JPA EntityManager in OpenEntityManagerInViewInterceptor
2025-09-06T13:26:34.137+02:00 DEBUG 84692 --- [demo10] [nio-8088-exec-8] o.j.s.OpenEntityManagerInViewInterceptor : Closing JPA EntityManager in OpenEntityManagerInViewInterceptor
2025-09-06T13:26:34.137+02:00 DEBUG 84692 --- [demo10] [nio-8088-exec-8] o.s.web.servlet.DispatcherServlet        : Completed 200 OK
2025-09-06T13:26:34.138+02:00 DEBUG 84692 --- [demo10] [io-8088-exec-10] o.s.web.servlet.DispatcherServlet        : GET "/api/towers", parameters={}
2025-09-06T13:26:34.138+02:00 DEBUG 84692 --- [demo10] [io-8088-exec-10] s.w.s.m.m.a.RequestMappingHandlerMapping : Mapped to com.example.demo.controller.TowerController#getAllTowers()
2025-09-06T13:26:34.138+02:00 DEBUG 84692 --- [demo10] [io-8088-exec-10] o.j.s.OpenEntityManagerInViewInterceptor : Opening JPA EntityManager in OpenEntityManagerInViewInterceptor
2025-09-06T13:26:34.140+02:00 DEBUG 84692 --- [demo10] [io-8088-exec-10] o.s.orm.jpa.JpaTransactionManager        : Found thread-bound EntityManager [SessionImpl(792917063<open>)] for JPA transaction
2025-09-06T13:26:34.140+02:00 DEBUG 84692 --- [demo10] [io-8088-exec-10] o.s.orm.jpa.JpaTransactionManager        : Creating new transaction with name [org.springframework.data.jpa.repository.support.SimpleJpaRepository.findAll]: PROPAGATION_REQUIRED,ISOLATION_DEFAULT,readOnly
2025-09-06T13:26:34.140+02:00 DEBUG 84692 --- [demo10] [io-8088-exec-10] o.s.jdbc.datasource.DataSourceUtils      : Setting JDBC Connection [HikariProxyConnection@1545491493 wrapping org.postgresql.jdbc.PgConnection@5958bee1] read-only
2025-09-06T13:26:34.140+02:00 DEBUG 84692 --- [demo10] [io-8088-exec-10] o.s.orm.jpa.JpaTransactionManager        : Exposing JPA transaction as JDBC [org.springframework.orm.jpa.vendor.HibernateJpaDialect$HibernateConnectionHandle@5e8970bd]
Hibernate: 
    /* <criteria> */ select
        t1_0.tower_id,
        t1_0.api_endpoint_url,
        t1_0.api_key,
        t1_0.battery,
        t1_0.city,
        t1_0.created_at,
        t1_0.last_maintenance,
        t1_0.latitude,
        t1_0.longitude,
        t1_0.model_3d_path,
        t1_0.name,
        t1_0.network_load,
        t1_0.region,
        t1_0.status,
        t1_0.temperature,
        t1_0.updated_at,
        t1_0.uptime,
        t1_0.use_case 
    from
        towers t1_0
2025-09-06T13:26:34.145+02:00 DEBUG 84692 --- [demo10] [io-8088-exec-10] o.s.orm.jpa.JpaTransactionManager        : Initiating transaction commit
2025-09-06T13:26:34.145+02:00 DEBUG 84692 --- [demo10] [io-8088-exec-10] o.s.orm.jpa.JpaTransactionManager        : Committing JPA transaction on EntityManager [SessionImpl(792917063<open>)]
2025-09-06T13:26:34.145+02:00 DEBUG 84692 --- [demo10] [io-8088-exec-10] o.s.jdbc.datasource.DataSourceUtils      : Resetting read-only flag of JDBC Connection [HikariProxyConnection@1545491493 wrapping org.postgresql.jdbc.PgConnection@5958bee1]
2025-09-06T13:26:34.145+02:00 DEBUG 84692 --- [demo10] [io-8088-exec-10] o.s.orm.jpa.JpaTransactionManager        : Not closing pre-bound JPA EntityManager after transaction
2025-09-06T13:26:34.146+02:00 DEBUG 84692 --- [demo10] [io-8088-exec-10] o.s.w.s.m.m.a.HttpEntityMethodProcessor  : Using 'application/json', given [*/*] and supported [application/json, application/*+json]
2025-09-06T13:26:34.146+02:00 DEBUG 84692 --- [demo10] [io-8088-exec-10] o.s.w.s.m.m.a.HttpEntityMethodProcessor  : Writing [[TowerDTO(id=20, name=Test, status=online, latitude=25.092, longitude=55.1381, city=Dubai, UAE, batt (truncated)...]
2025-09-06T13:26:34.146+02:00 DEBUG 84692 --- [demo10] [nio-8088-exec-2] o.s.web.servlet.DispatcherServlet        : GET "/api/towers", parameters={}
2025-09-06T13:26:34.146+02:00 DEBUG 84692 --- [demo10] [nio-8088-exec-2] s.w.s.m.m.a.RequestMappingHandlerMapping : Mapped to com.example.demo.controller.TowerController#getAllTowers()
2025-09-06T13:26:34.146+02:00 DEBUG 84692 --- [demo10] [nio-8088-exec-2] o.j.s.OpenEntityManagerInViewInterceptor : Opening JPA EntityManager in OpenEntityManagerInViewInterceptor
2025-09-06T13:26:34.146+02:00 DEBUG 84692 --- [demo10] [io-8088-exec-10] o.j.s.OpenEntityManagerInViewInterceptor : Closing JPA EntityManager in OpenEntityManagerInViewInterceptor
2025-09-06T13:26:34.147+02:00 DEBUG 84692 --- [demo10] [nio-8088-exec-2] o.s.orm.jpa.JpaTransactionManager        : Found thread-bound EntityManager [SessionImpl(390208290<open>)] for JPA transaction
2025-09-06T13:26:34.147+02:00 DEBUG 84692 --- [demo10] [io-8088-exec-10] o.s.web.servlet.DispatcherServlet        : Completed 200 OK
2025-09-06T13:26:34.147+02:00 DEBUG 84692 --- [demo10] [nio-8088-exec-2] o.s.orm.jpa.JpaTransactionManager        : Creating new transaction with name [org.springframework.data.jpa.repository.support.SimpleJpaRepository.findAll]: PROPAGATION_REQUIRED,ISOLATION_DEFAULT,readOnly
2025-09-06T13:26:34.147+02:00 DEBUG 84692 --- [demo10] [nio-8088-exec-2] o.s.jdbc.datasource.DataSourceUtils      : Setting JDBC Connection [HikariProxyConnection@1963502422 wrapping org.postgresql.jdbc.PgConnection@5958bee1] read-only
2025-09-06T13:26:34.147+02:00 DEBUG 84692 --- [demo10] [nio-8088-exec-2] o.s.orm.jpa.JpaTransactionManager        : Exposing JPA transaction as JDBC [org.springframework.orm.jpa.vendor.HibernateJpaDialect$HibernateConnectionHandle@6b2caa65]
Hibernate: 
    /* <criteria> */ select
        t1_0.tower_id,
        t1_0.api_endpoint_url,
        t1_0.api_key,
        t1_0.battery,
        t1_0.city,
        t1_0.created_at,
        t1_0.last_maintenance,
        t1_0.latitude,
        t1_0.longitude,
        t1_0.model_3d_path,
        t1_0.name,
        t1_0.network_load,
        t1_0.region,
        t1_0.status,
        t1_0.temperature,
        t1_0.updated_at,
        t1_0.uptime,
        t1_0.use_case 
    from
        towers t1_0
2025-09-06T13:26:34.149+02:00 DEBUG 84692 --- [demo10] [nio-8088-exec-2] o.s.orm.jpa.JpaTransactionManager        : Initiating transaction commit
2025-09-06T13:26:34.149+02:00 DEBUG 84692 --- [demo10] [nio-8088-exec-2] o.s.orm.jpa.JpaTransactionManager        : Committing JPA transaction on EntityManager [SessionImpl(390208290<open>)]
2025-09-06T13:26:34.149+02:00 DEBUG 84692 --- [demo10] [nio-8088-exec-2] o.s.jdbc.datasource.DataSourceUtils      : Resetting read-only flag of JDBC Connection [HikariProxyConnection@1963502422 wrapping org.postgresql.jdbc.PgConnection@5958bee1]
2025-09-06T13:26:34.149+02:00 DEBUG 84692 --- [demo10] [nio-8088-exec-2] o.s.orm.jpa.JpaTransactionManager        : Not closing pre-bound JPA EntityManager after transaction
2025-09-06T13:26:34.149+02:00 DEBUG 84692 --- [demo10] [nio-8088-exec-2] o.s.w.s.m.m.a.HttpEntityMethodProcessor  : Using 'application/json', given [*/*] and supported [application/json, application/*+json]
2025-09-06T13:26:34.149+02:00 DEBUG 84692 --- [demo10] [nio-8088-exec-2] o.s.w.s.m.m.a.HttpEntityMethodProcessor  : Writing [[TowerDTO(id=20, name=Test, status=online, latitude=25.092, longitude=55.1381, city=Dubai, UAE, batt (truncated)...]
2025-09-06T13:26:34.150+02:00 DEBUG 84692 --- [demo10] [nio-8088-exec-2] o.j.s.OpenEntityManagerInViewInterceptor : Closing JPA EntityManager in OpenEntityManagerInViewInterceptor
2025-09-06T13:26:34.150+02:00 DEBUG 84692 --- [demo10] [nio-8088-exec-2] o.s.web.servlet.DispatcherServlet        : Completed 200 OK
2025-09-06T14:05:33.595+02:00 DEBUG 84692 --- [demo10] [nio-8088-exec-6] o.s.web.servlet.DispatcherServlet        : OPTIONS "/api/towers", parameters={}
2025-09-06T14:05:33.595+02:00 DEBUG 84692 --- [demo10] [nio-8088-exec-5] o.s.web.servlet.DispatcherServlet        : OPTIONS "/api/towers", parameters={}
2025-09-06T14:05:33.598+02:00 DEBUG 84692 --- [demo10] [nio-8088-exec-5] s.w.s.m.m.a.RequestMappingHandlerMapping : Mapped to com.example.demo.controller.TowerController#getAllTowers()
2025-09-06T14:05:33.598+02:00 DEBUG 84692 --- [demo10] [nio-8088-exec-6] s.w.s.m.m.a.RequestMappingHandlerMapping : Mapped to com.example.demo.controller.TowerController#getAllTowers()
2025-09-06T14:05:33.599+02:00 DEBUG 84692 --- [demo10] [nio-8088-exec-6] o.j.s.OpenEntityManagerInViewInterceptor : Opening JPA EntityManager in OpenEntityManagerInViewInterceptor
2025-09-06T14:05:33.599+02:00 DEBUG 84692 --- [demo10] [nio-8088-exec-5] o.j.s.OpenEntityManagerInViewInterceptor : Opening JPA EntityManager in OpenEntityManagerInViewInterceptor
2025-09-06T14:05:33.600+02:00 DEBUG 84692 --- [demo10] [nio-8088-exec-5] o.j.s.OpenEntityManagerInViewInterceptor : Closing JPA EntityManager in OpenEntityManagerInViewInterceptor
2025-09-06T14:05:33.601+02:00 DEBUG 84692 --- [demo10] [nio-8088-exec-6] o.j.s.OpenEntityManagerInViewInterceptor : Closing JPA EntityManager in OpenEntityManagerInViewInterceptor
2025-09-06T14:05:33.602+02:00 DEBUG 84692 --- [demo10] [nio-8088-exec-6] o.s.web.servlet.DispatcherServlet        : Completed 200 OK
2025-09-06T14:05:33.602+02:00 DEBUG 84692 --- [demo10] [nio-8088-exec-5] o.s.web.servlet.DispatcherServlet        : Completed 200 OK
2025-09-06T14:05:33.607+02:00 DEBUG 84692 --- [demo10] [nio-8088-exec-7] o.s.web.servlet.DispatcherServlet        : GET "/api/towers", parameters={}
2025-09-06T14:05:33.607+02:00 DEBUG 84692 --- [demo10] [nio-8088-exec-9] o.s.web.servlet.DispatcherServlet        : GET "/api/towers", parameters={}
2025-09-06T14:05:33.608+02:00 DEBUG 84692 --- [demo10] [nio-8088-exec-7] s.w.s.m.m.a.RequestMappingHandlerMapping : Mapped to com.example.demo.controller.TowerController#getAllTowers()
2025-09-06T14:05:33.608+02:00 DEBUG 84692 --- [demo10] [nio-8088-exec-9] s.w.s.m.m.a.RequestMappingHandlerMapping : Mapped to com.example.demo.controller.TowerController#getAllTowers()
2025-09-06T14:05:33.613+02:00 DEBUG 84692 --- [demo10] [nio-8088-exec-9] o.j.s.OpenEntityManagerInViewInterceptor : Opening JPA EntityManager in OpenEntityManagerInViewInterceptor
2025-09-06T14:05:33.613+02:00 DEBUG 84692 --- [demo10] [nio-8088-exec-7] o.j.s.OpenEntityManagerInViewInterceptor : Opening JPA EntityManager in OpenEntityManagerInViewInterceptor
2025-09-06T14:05:33.620+02:00 DEBUG 84692 --- [demo10] [nio-8088-exec-7] o.s.orm.jpa.JpaTransactionManager        : Found thread-bound EntityManager [SessionImpl(1638908168<open>)] for JPA transaction
2025-09-06T14:05:33.620+02:00 DEBUG 84692 --- [demo10] [nio-8088-exec-7] o.s.orm.jpa.JpaTransactionManager        : Creating new transaction with name [org.springframework.data.jpa.repository.support.SimpleJpaRepository.findAll]: PROPAGATION_REQUIRED,ISOLATION_DEFAULT,readOnly
2025-09-06T14:05:33.622+02:00 DEBUG 84692 --- [demo10] [nio-8088-exec-9] o.s.orm.jpa.JpaTransactionManager        : Found thread-bound EntityManager [SessionImpl(184019066<open>)] for JPA transaction
2025-09-06T14:05:33.622+02:00 DEBUG 84692 --- [demo10] [nio-8088-exec-9] o.s.orm.jpa.JpaTransactionManager        : Creating new transaction with name [org.springframework.data.jpa.repository.support.SimpleJpaRepository.findAll]: PROPAGATION_REQUIRED,ISOLATION_DEFAULT,readOnly
2025-09-06T14:05:33.624+02:00 DEBUG 84692 --- [demo10] [nio-8088-exec-7] o.s.jdbc.datasource.DataSourceUtils      : Setting JDBC Connection [HikariProxyConnection@897496350 wrapping org.postgresql.jdbc.PgConnection@5a7c0a86] read-only
2025-09-06T14:05:33.625+02:00 DEBUG 84692 --- [demo10] [nio-8088-exec-7] o.s.orm.jpa.JpaTransactionManager        : Exposing JPA transaction as JDBC [org.springframework.orm.jpa.vendor.HibernateJpaDialect$HibernateConnectionHandle@168f43b6]
2025-09-06T14:05:33.626+02:00 DEBUG 84692 --- [demo10] [nio-8088-exec-9] o.s.jdbc.datasource.DataSourceUtils      : Setting JDBC Connection [HikariProxyConnection@745915842 wrapping org.postgresql.jdbc.PgConnection@5aac5ab5] read-only
2025-09-06T14:05:33.626+02:00 DEBUG 84692 --- [demo10] [nio-8088-exec-9] o.s.orm.jpa.JpaTransactionManager        : Exposing JPA transaction as JDBC [org.springframework.orm.jpa.vendor.HibernateJpaDialect$HibernateConnectionHandle@7cfa42ad]
Hibernate: 
    /* <criteria> */ select
        t1_0.tower_id,
        t1_0.api_endpoint_url,
        t1_0.api_key,
        t1_0.battery,
        t1_0.city,
        t1_0.created_at,
        t1_0.last_maintenance,
        t1_0.latitude,
        t1_0.longitude,
        t1_0.model_3d_path,
        t1_0.name,
        t1_0.network_load,
        t1_0.region,
        t1_0.status,
        t1_0.temperature,
        t1_0.updated_at,
        t1_0.uptime,
        t1_0.use_case 
    from
        towers t1_0
Hibernate: 
    /* <criteria> */ select
        t1_0.tower_id,
        t1_0.api_endpoint_url,
        t1_0.api_key,
        t1_0.battery,
        t1_0.city,
        t1_0.created_at,
        t1_0.last_maintenance,
        t1_0.latitude,
        t1_0.longitude,
        t1_0.model_3d_path,
        t1_0.name,
        t1_0.network_load,
        t1_0.region,
        t1_0.status,
        t1_0.temperature,
        t1_0.updated_at,
        t1_0.uptime,
        t1_0.use_case 
    from
        towers t1_0
2025-09-06T14:05:33.661+02:00 DEBUG 84692 --- [demo10] [nio-8088-exec-9] o.s.orm.jpa.JpaTransactionManager        : Initiating transaction commit
2025-09-06T14:05:33.661+02:00 DEBUG 84692 --- [demo10] [nio-8088-exec-7] o.s.orm.jpa.JpaTransactionManager        : Initiating transaction commit
2025-09-06T14:05:33.662+02:00 DEBUG 84692 --- [demo10] [nio-8088-exec-9] o.s.orm.jpa.JpaTransactionManager        : Committing JPA transaction on EntityManager [SessionImpl(184019066<open>)]
2025-09-06T14:05:33.662+02:00 DEBUG 84692 --- [demo10] [nio-8088-exec-7] o.s.orm.jpa.JpaTransactionManager        : Committing JPA transaction on EntityManager [SessionImpl(1638908168<open>)]
2025-09-06T14:05:33.664+02:00 DEBUG 84692 --- [demo10] [nio-8088-exec-9] o.s.jdbc.datasource.DataSourceUtils      : Resetting read-only flag of JDBC Connection [HikariProxyConnection@745915842 wrapping org.postgresql.jdbc.PgConnection@5aac5ab5]
2025-09-06T14:05:33.664+02:00 DEBUG 84692 --- [demo10] [nio-8088-exec-9] o.s.orm.jpa.JpaTransactionManager        : Not closing pre-bound JPA EntityManager after transaction
2025-09-06T14:05:33.664+02:00 DEBUG 84692 --- [demo10] [nio-8088-exec-7] o.s.jdbc.datasource.DataSourceUtils      : Resetting read-only flag of JDBC Connection [HikariProxyConnection@897496350 wrapping org.postgresql.jdbc.PgConnection@5a7c0a86]
2025-09-06T14:05:33.664+02:00 DEBUG 84692 --- [demo10] [nio-8088-exec-7] o.s.orm.jpa.JpaTransactionManager        : Not closing pre-bound JPA EntityManager after transaction
2025-09-06T14:05:33.669+02:00 DEBUG 84692 --- [demo10] [nio-8088-exec-9] o.s.w.s.m.m.a.HttpEntityMethodProcessor  : Using 'application/json', given [*/*] and supported [application/json, application/*+json]
2025-09-06T14:05:33.669+02:00 DEBUG 84692 --- [demo10] [nio-8088-exec-7] o.s.w.s.m.m.a.HttpEntityMethodProcessor  : Using 'application/json', given [*/*] and supported [application/json, application/*+json]
2025-09-06T14:05:33.670+02:00 DEBUG 84692 --- [demo10] [nio-8088-exec-9] o.s.w.s.m.m.a.HttpEntityMethodProcessor  : Writing [[TowerDTO(id=20, name=Test, status=online, latitude=25.092, longitude=55.1381, city=Dubai, UAE, batt (truncated)...]
2025-09-06T14:05:33.670+02:00 DEBUG 84692 --- [demo10] [nio-8088-exec-7] o.s.w.s.m.m.a.HttpEntityMethodProcessor  : Writing [[TowerDTO(id=20, name=Test, status=online, latitude=25.092, longitude=55.1381, city=Dubai, UAE, batt (truncated)...]
2025-09-06T14:05:33.673+02:00 DEBUG 84692 --- [demo10] [nio-8088-exec-9] o.j.s.OpenEntityManagerInViewInterceptor : Closing JPA EntityManager in OpenEntityManagerInViewInterceptor
2025-09-06T14:05:33.674+02:00 DEBUG 84692 --- [demo10] [nio-8088-exec-7] o.j.s.OpenEntityManagerInViewInterceptor : Closing JPA EntityManager in OpenEntityManagerInViewInterceptor
2025-09-06T14:05:33.674+02:00 DEBUG 84692 --- [demo10] [nio-8088-exec-9] o.s.web.servlet.DispatcherServlet        : Completed 200 OK
2025-09-06T14:05:33.674+02:00 DEBUG 84692 --- [demo10] [nio-8088-exec-7] o.s.web.servlet.DispatcherServlet        : Completed 200 OK
2025-09-06T14:05:33.680+02:00 DEBUG 84692 --- [demo10] [nio-8088-exec-1] o.s.web.servlet.DispatcherServlet        : OPTIONS "/api/alerts/recent", parameters={}
2025-09-06T14:05:33.681+02:00 DEBUG 84692 --- [demo10] [nio-8088-exec-8] o.s.web.servlet.DispatcherServlet        : OPTIONS "/api/alerts/recent", parameters={}
2025-09-06T14:05:33.681+02:00 DEBUG 84692 --- [demo10] [nio-8088-exec-1] s.w.s.m.m.a.RequestMappingHandlerMapping : Mapped to com.example.demo.controller.AlertController#getRecentAlerts(int)
2025-09-06T14:05:33.681+02:00 DEBUG 84692 --- [demo10] [nio-8088-exec-8] s.w.s.m.m.a.RequestMappingHandlerMapping : Mapped to com.example.demo.controller.AlertController#getRecentAlerts(int)
2025-09-06T14:05:33.681+02:00 DEBUG 84692 --- [demo10] [nio-8088-exec-1] o.j.s.OpenEntityManagerInViewInterceptor : Opening JPA EntityManager in OpenEntityManagerInViewInterceptor
2025-09-06T14:05:33.681+02:00 DEBUG 84692 --- [demo10] [nio-8088-exec-8] o.j.s.OpenEntityManagerInViewInterceptor : Opening JPA EntityManager in OpenEntityManagerInViewInterceptor
2025-09-06T14:05:33.681+02:00 DEBUG 84692 --- [demo10] [nio-8088-exec-8] o.j.s.OpenEntityManagerInViewInterceptor : Closing JPA EntityManager in OpenEntityManagerInViewInterceptor
2025-09-06T14:05:33.681+02:00 DEBUG 84692 --- [demo10] [nio-8088-exec-8] o.s.web.servlet.DispatcherServlet        : Completed 200 OK
2025-09-06T14:05:33.681+02:00 DEBUG 84692 --- [demo10] [nio-8088-exec-1] o.j.s.OpenEntityManagerInViewInterceptor : Closing JPA EntityManager in OpenEntityManagerInViewInterceptor
2025-09-06T14:05:33.681+02:00 DEBUG 84692 --- [demo10] [nio-8088-exec-1] o.s.web.servlet.DispatcherServlet        : Completed 200 OK
2025-09-06T14:05:33.684+02:00 DEBUG 84692 --- [demo10] [io-8088-exec-10] o.s.web.servlet.DispatcherServlet        : GET "/api/alerts/recent", parameters={}
2025-09-06T14:05:33.684+02:00 DEBUG 84692 --- [demo10] [io-8088-exec-10] s.w.s.m.m.a.RequestMappingHandlerMapping : Mapped to com.example.demo.controller.AlertController#getRecentAlerts(int)
2025-09-06T14:05:33.684+02:00 DEBUG 84692 --- [demo10] [nio-8088-exec-2] o.s.web.servlet.DispatcherServlet        : GET "/api/alerts/recent", parameters={}
2025-09-06T14:05:33.684+02:00 DEBUG 84692 --- [demo10] [io-8088-exec-10] o.j.s.OpenEntityManagerInViewInterceptor : Opening JPA EntityManager in OpenEntityManagerInViewInterceptor
2025-09-06T14:05:33.684+02:00 DEBUG 84692 --- [demo10] [nio-8088-exec-2] s.w.s.m.m.a.RequestMappingHandlerMapping : Mapped to com.example.demo.controller.AlertController#getRecentAlerts(int)
2025-09-06T14:05:33.684+02:00 DEBUG 84692 --- [demo10] [nio-8088-exec-2] o.j.s.OpenEntityManagerInViewInterceptor : Opening JPA EntityManager in OpenEntityManagerInViewInterceptor
Hibernate: 
    /* <criteria> */ select
        a1_0.alert_id,
        a1_0.message,
        a1_0.resolved,
        a1_0.severity,
        a1_0.timestamp,
        a1_0.tower_id,
        a1_0.tower_name 
    from
        alerts a1_0 
    order by
        a1_0.timestamp desc 
    fetch
        first ? rows only
Hibernate: 
    /* <criteria> */ select
        a1_0.alert_id,
        a1_0.message,
        a1_0.resolved,
        a1_0.severity,
        a1_0.timestamp,
        a1_0.tower_id,
        a1_0.tower_name 
    from
        alerts a1_0 
    order by
        a1_0.timestamp desc 
    fetch
        first ? rows only
2025-09-06T14:05:33.703+02:00 DEBUG 84692 --- [demo10] [nio-8088-exec-2] o.s.w.s.m.m.a.HttpEntityMethodProcessor  : Using 'application/json', given [*/*] and supported [application/json, application/*+json]
2025-09-06T14:05:33.703+02:00 DEBUG 84692 --- [demo10] [io-8088-exec-10] o.s.w.s.m.m.a.HttpEntityMethodProcessor  : Using 'application/json', given [*/*] and supported [application/json, application/*+json]
2025-09-06T14:05:33.703+02:00 DEBUG 84692 --- [demo10] [io-8088-exec-10] o.s.w.s.m.m.a.HttpEntityMethodProcessor  : Writing [[]]
2025-09-06T14:05:33.703+02:00 DEBUG 84692 --- [demo10] [nio-8088-exec-2] o.s.w.s.m.m.a.HttpEntityMethodProcessor  : Writing [[]]
2025-09-06T14:05:33.703+02:00 DEBUG 84692 --- [demo10] [io-8088-exec-10] o.j.s.OpenEntityManagerInViewInterceptor : Closing JPA EntityManager in OpenEntityManagerInViewInterceptor
2025-09-06T14:05:33.703+02:00 DEBUG 84692 --- [demo10] [io-8088-exec-10] o.s.web.servlet.DispatcherServlet        : Completed 200 OK
2025-09-06T14:05:33.703+02:00 DEBUG 84692 --- [demo10] [nio-8088-exec-2] o.j.s.OpenEntityManagerInViewInterceptor : Closing JPA EntityManager in OpenEntityManagerInViewInterceptor
2025-09-06T14:05:33.704+02:00 DEBUG 84692 --- [demo10] [nio-8088-exec-2] o.s.web.servlet.DispatcherServlet        : Completed 200 OK
2025-09-06T15:27:52.936+02:00 DEBUG 84692 --- [demo10] [nio-8088-exec-5] o.s.web.servlet.DispatcherServlet        : OPTIONS "/api/towers", parameters={}
2025-09-06T15:27:52.937+02:00 DEBUG 84692 --- [demo10] [nio-8088-exec-5] s.w.s.m.m.a.RequestMappingHandlerMapping : Mapped to com.example.demo.controller.TowerController#getAllTowers()
2025-09-06T15:27:52.938+02:00 DEBUG 84692 --- [demo10] [nio-8088-exec-6] o.s.web.servlet.DispatcherServlet        : OPTIONS "/api/towers", parameters={}
2025-09-06T15:27:52.938+02:00 DEBUG 84692 --- [demo10] [nio-8088-exec-5] o.j.s.OpenEntityManagerInViewInterceptor : Opening JPA EntityManager in OpenEntityManagerInViewInterceptor
2025-09-06T15:27:52.938+02:00 DEBUG 84692 --- [demo10] [nio-8088-exec-6] s.w.s.m.m.a.RequestMappingHandlerMapping : Mapped to com.example.demo.controller.TowerController#getAllTowers()
2025-09-06T15:27:52.938+02:00 DEBUG 84692 --- [demo10] [nio-8088-exec-6] o.j.s.OpenEntityManagerInViewInterceptor : Opening JPA EntityManager in OpenEntityManagerInViewInterceptor
2025-09-06T15:27:52.939+02:00 DEBUG 84692 --- [demo10] [nio-8088-exec-5] o.j.s.OpenEntityManagerInViewInterceptor : Closing JPA EntityManager in OpenEntityManagerInViewInterceptor
2025-09-06T15:27:52.939+02:00 DEBUG 84692 --- [demo10] [nio-8088-exec-6] o.j.s.OpenEntityManagerInViewInterceptor : Closing JPA EntityManager in OpenEntityManagerInViewInterceptor
2025-09-06T15:27:52.939+02:00 DEBUG 84692 --- [demo10] [nio-8088-exec-5] o.s.web.servlet.DispatcherServlet        : Completed 200 OK
2025-09-06T15:27:52.939+02:00 DEBUG 84692 --- [demo10] [nio-8088-exec-6] o.s.web.servlet.DispatcherServlet        : Completed 200 OK
2025-09-06T15:27:52.941+02:00 DEBUG 84692 --- [demo10] [nio-8088-exec-9] o.s.web.servlet.DispatcherServlet        : GET "/api/towers", parameters={}
2025-09-06T15:27:52.941+02:00 DEBUG 84692 --- [demo10] [nio-8088-exec-7] o.s.web.servlet.DispatcherServlet        : GET "/api/towers", parameters={}
2025-09-06T15:27:52.941+02:00 DEBUG 84692 --- [demo10] [nio-8088-exec-9] s.w.s.m.m.a.RequestMappingHandlerMapping : Mapped to com.example.demo.controller.TowerController#getAllTowers()
2025-09-06T15:27:52.941+02:00 DEBUG 84692 --- [demo10] [nio-8088-exec-7] s.w.s.m.m.a.RequestMappingHandlerMapping : Mapped to com.example.demo.controller.TowerController#getAllTowers()
2025-09-06T15:27:52.941+02:00 DEBUG 84692 --- [demo10] [nio-8088-exec-7] o.j.s.OpenEntityManagerInViewInterceptor : Opening JPA EntityManager in OpenEntityManagerInViewInterceptor
2025-09-06T15:27:52.941+02:00 DEBUG 84692 --- [demo10] [nio-8088-exec-9] o.j.s.OpenEntityManagerInViewInterceptor : Opening JPA EntityManager in OpenEntityManagerInViewInterceptor
2025-09-06T15:27:52.943+02:00 DEBUG 84692 --- [demo10] [nio-8088-exec-9] o.s.orm.jpa.JpaTransactionManager        : Found thread-bound EntityManager [SessionImpl(1273472334<open>)] for JPA transaction
2025-09-06T15:27:52.943+02:00 DEBUG 84692 --- [demo10] [nio-8088-exec-7] o.s.orm.jpa.JpaTransactionManager        : Found thread-bound EntityManager [SessionImpl(533178278<open>)] for JPA transaction
2025-09-06T15:27:52.943+02:00 DEBUG 84692 --- [demo10] [nio-8088-exec-7] o.s.orm.jpa.JpaTransactionManager        : Creating new transaction with name [org.springframework.data.jpa.repository.support.SimpleJpaRepository.findAll]: PROPAGATION_REQUIRED,ISOLATION_DEFAULT,readOnly
2025-09-06T15:27:52.943+02:00 DEBUG 84692 --- [demo10] [nio-8088-exec-9] o.s.orm.jpa.JpaTransactionManager        : Creating new transaction with name [org.springframework.data.jpa.repository.support.SimpleJpaRepository.findAll]: PROPAGATION_REQUIRED,ISOLATION_DEFAULT,readOnly
2025-09-06T15:27:52.944+02:00 DEBUG 84692 --- [demo10] [nio-8088-exec-9] o.s.jdbc.datasource.DataSourceUtils      : Setting JDBC Connection [HikariProxyConnection@768328489 wrapping org.postgresql.jdbc.PgConnection@79587843] read-only
2025-09-06T15:27:52.944+02:00 DEBUG 84692 --- [demo10] [nio-8088-exec-7] o.s.jdbc.datasource.DataSourceUtils      : Setting JDBC Connection [HikariProxyConnection@1050763972 wrapping org.postgresql.jdbc.PgConnection@72517396] read-only
2025-09-06T15:27:52.944+02:00 DEBUG 84692 --- [demo10] [nio-8088-exec-9] o.s.orm.jpa.JpaTransactionManager        : Exposing JPA transaction as JDBC [org.springframework.orm.jpa.vendor.HibernateJpaDialect$HibernateConnectionHandle@779882b3]
2025-09-06T15:27:52.944+02:00 DEBUG 84692 --- [demo10] [nio-8088-exec-7] o.s.orm.jpa.JpaTransactionManager        : Exposing JPA transaction as JDBC [org.springframework.orm.jpa.vendor.HibernateJpaDialect$HibernateConnectionHandle@1b65049f]
Hibernate: 
    /* <criteria> */ select
        t1_0.tower_id,
        t1_0.api_endpoint_url,
        t1_0.api_key,
        t1_0.battery,
        t1_0.city,
        t1_0.created_at,
        t1_0.last_maintenance,
        t1_0.latitude,
        t1_0.longitude,
        t1_0.model_3d_path,
        t1_0.name,
        t1_0.network_load,
        t1_0.region,
        t1_0.status,
        t1_0.temperature,
        t1_0.updated_at,
        t1_0.uptime,
        t1_0.use_case 
    from
        towers t1_0
Hibernate: 
    /* <criteria> */ select
        t1_0.tower_id,
        t1_0.api_endpoint_url,
        t1_0.api_key,
        t1_0.battery,
        t1_0.city,
        t1_0.created_at,
        t1_0.last_maintenance,
        t1_0.latitude,
        t1_0.longitude,
        t1_0.model_3d_path,
        t1_0.name,
        t1_0.network_load,
        t1_0.region,
        t1_0.status,
        t1_0.temperature,
        t1_0.updated_at,
        t1_0.uptime,
        t1_0.use_case 
    from
        towers t1_0
2025-09-06T15:27:52.952+02:00 DEBUG 84692 --- [demo10] [nio-8088-exec-7] o.s.orm.jpa.JpaTransactionManager        : Initiating transaction commit
2025-09-06T15:27:52.952+02:00 DEBUG 84692 --- [demo10] [nio-8088-exec-9] o.s.orm.jpa.JpaTransactionManager        : Initiating transaction commit
2025-09-06T15:27:52.953+02:00 DEBUG 84692 --- [demo10] [nio-8088-exec-9] o.s.orm.jpa.JpaTransactionManager        : Committing JPA transaction on EntityManager [SessionImpl(1273472334<open>)]
2025-09-06T15:27:52.953+02:00 DEBUG 84692 --- [demo10] [nio-8088-exec-7] o.s.orm.jpa.JpaTransactionManager        : Committing JPA transaction on EntityManager [SessionImpl(533178278<open>)]
2025-09-06T15:27:52.953+02:00 DEBUG 84692 --- [demo10] [nio-8088-exec-9] o.s.jdbc.datasource.DataSourceUtils      : Resetting read-only flag of JDBC Connection [HikariProxyConnection@768328489 wrapping org.postgresql.jdbc.PgConnection@79587843]
2025-09-06T15:27:52.953+02:00 DEBUG 84692 --- [demo10] [nio-8088-exec-7] o.s.jdbc.datasource.DataSourceUtils      : Resetting read-only flag of JDBC Connection [HikariProxyConnection@1050763972 wrapping org.postgresql.jdbc.PgConnection@72517396]
2025-09-06T15:27:52.953+02:00 DEBUG 84692 --- [demo10] [nio-8088-exec-9] o.s.orm.jpa.JpaTransactionManager        : Not closing pre-bound JPA EntityManager after transaction
2025-09-06T15:27:52.953+02:00 DEBUG 84692 --- [demo10] [nio-8088-exec-7] o.s.orm.jpa.JpaTransactionManager        : Not closing pre-bound JPA EntityManager after transaction
2025-09-06T15:27:52.955+02:00 DEBUG 84692 --- [demo10] [nio-8088-exec-9] o.s.w.s.m.m.a.HttpEntityMethodProcessor  : Using 'application/json', given [*/*] and supported [application/json, application/*+json]
2025-09-06T15:27:52.955+02:00 DEBUG 84692 --- [demo10] [nio-8088-exec-7] o.s.w.s.m.m.a.HttpEntityMethodProcessor  : Using 'application/json', given [*/*] and supported [application/json, application/*+json]
2025-09-06T15:27:52.957+02:00 DEBUG 84692 --- [demo10] [nio-8088-exec-9] o.s.w.s.m.m.a.HttpEntityMethodProcessor  : Writing [[TowerDTO(id=20, name=Test, status=online, latitude=25.092, longitude=55.1381, city=Dubai, UAE, batt (truncated)...]
2025-09-06T15:27:52.957+02:00 DEBUG 84692 --- [demo10] [nio-8088-exec-7] o.s.w.s.m.m.a.HttpEntityMethodProcessor  : Writing [[TowerDTO(id=20, name=Test, status=online, latitude=25.092, longitude=55.1381, city=Dubai, UAE, batt (truncated)...]
2025-09-06T15:27:52.963+02:00 DEBUG 84692 --- [demo10] [nio-8088-exec-7] o.j.s.OpenEntityManagerInViewInterceptor : Closing JPA EntityManager in OpenEntityManagerInViewInterceptor
2025-09-06T15:27:52.963+02:00 DEBUG 84692 --- [demo10] [nio-8088-exec-9] o.j.s.OpenEntityManagerInViewInterceptor : Closing JPA EntityManager in OpenEntityManagerInViewInterceptor
2025-09-06T15:27:52.964+02:00 DEBUG 84692 --- [demo10] [nio-8088-exec-7] o.s.web.servlet.DispatcherServlet        : Completed 200 OK
2025-09-06T15:27:52.964+02:00 DEBUG 84692 --- [demo10] [nio-8088-exec-9] o.s.web.servlet.DispatcherServlet        : Completed 200 OK
2025-09-06T15:27:55.964+02:00 DEBUG 84692 --- [demo10] [nio-8088-exec-1] o.s.web.servlet.DispatcherServlet        : OPTIONS "/api/maintenance", parameters={}
2025-09-06T15:27:55.966+02:00 DEBUG 84692 --- [demo10] [nio-8088-exec-8] o.s.web.servlet.DispatcherServlet        : OPTIONS "/api/maintenance", parameters={}
2025-09-06T15:27:55.967+02:00 DEBUG 84692 --- [demo10] [nio-8088-exec-1] o.s.w.s.handler.SimpleUrlHandlerMapping  : Mapped to ResourceHttpRequestHandler [classpath [META-INF/resources/], classpath [resources/], classpath [static/], classpath [public/], ServletContext [/]]
2025-09-06T15:27:55.967+02:00 DEBUG 84692 --- [demo10] [nio-8088-exec-8] o.s.w.s.handler.SimpleUrlHandlerMapping  : Mapped to ResourceHttpRequestHandler [classpath [META-INF/resources/], classpath [resources/], classpath [static/], classpath [public/], ServletContext [/]]
2025-09-06T15:27:55.968+02:00 DEBUG 84692 --- [demo10] [nio-8088-exec-1] o.j.s.OpenEntityManagerInViewInterceptor : Opening JPA EntityManager in OpenEntityManagerInViewInterceptor
2025-09-06T15:27:55.968+02:00 DEBUG 84692 --- [demo10] [nio-8088-exec-8] o.j.s.OpenEntityManagerInViewInterceptor : Opening JPA EntityManager in OpenEntityManagerInViewInterceptor
2025-09-06T15:27:55.968+02:00 DEBUG 84692 --- [demo10] [nio-8088-exec-1] o.j.s.OpenEntityManagerInViewInterceptor : Closing JPA EntityManager in OpenEntityManagerInViewInterceptor
2025-09-06T15:27:55.968+02:00 DEBUG 84692 --- [demo10] [nio-8088-exec-8] o.j.s.OpenEntityManagerInViewInterceptor : Closing JPA EntityManager in OpenEntityManagerInViewInterceptor
2025-09-06T15:27:55.968+02:00 DEBUG 84692 --- [demo10] [nio-8088-exec-1] o.s.web.servlet.DispatcherServlet        : Completed 200 OK
2025-09-06T15:27:55.968+02:00 DEBUG 84692 --- [demo10] [nio-8088-exec-8] o.s.web.servlet.DispatcherServlet        : Completed 200 OK
2025-09-06T15:27:55.970+02:00 DEBUG 84692 --- [demo10] [io-8088-exec-10] o.s.web.servlet.DispatcherServlet        : GET "/api/maintenance", parameters={}
2025-09-06T15:27:55.970+02:00 DEBUG 84692 --- [demo10] [nio-8088-exec-2] o.s.web.servlet.DispatcherServlet        : GET "/api/maintenance", parameters={}
2025-09-06T15:27:55.971+02:00 DEBUG 84692 --- [demo10] [io-8088-exec-10] o.s.w.s.handler.SimpleUrlHandlerMapping  : Mapped to ResourceHttpRequestHandler [classpath [META-INF/resources/], classpath [resources/], classpath [static/], classpath [public/], ServletContext [/]]
2025-09-06T15:27:55.971+02:00 DEBUG 84692 --- [demo10] [nio-8088-exec-2] o.s.w.s.handler.SimpleUrlHandlerMapping  : Mapped to ResourceHttpRequestHandler [classpath [META-INF/resources/], classpath [resources/], classpath [static/], classpath [public/], ServletContext [/]]
2025-09-06T15:27:55.971+02:00 DEBUG 84692 --- [demo10] [nio-8088-exec-2] o.j.s.OpenEntityManagerInViewInterceptor : Opening JPA EntityManager in OpenEntityManagerInViewInterceptor
2025-09-06T15:27:55.972+02:00 DEBUG 84692 --- [demo10] [io-8088-exec-10] o.j.s.OpenEntityManagerInViewInterceptor : Opening JPA EntityManager in OpenEntityManagerInViewInterceptor
2025-09-06T15:27:55.979+02:00 DEBUG 84692 --- [demo10] [nio-8088-exec-2] o.s.w.s.r.ResourceHttpRequestHandler     : Resource not found
2025-09-06T15:27:55.979+02:00 DEBUG 84692 --- [demo10] [io-8088-exec-10] o.s.w.s.r.ResourceHttpRequestHandler     : Resource not found
2025-09-06T15:27:55.981+02:00 DEBUG 84692 --- [demo10] [nio-8088-exec-2] .m.m.a.ExceptionHandlerExceptionResolver : Using @ExceptionHandler com.example.demo.GlobalExceptionHandler#handleAllExceptions(Exception)
2025-09-06T15:27:55.981+02:00 DEBUG 84692 --- [demo10] [io-8088-exec-10] .m.m.a.ExceptionHandlerExceptionResolver : Using @ExceptionHandler com.example.demo.GlobalExceptionHandler#handleAllExceptions(Exception)
org.springframework.web.servlet.resource.NoResourceFoundException: No static resource api/maintenance.
	at org.springframework.web.servlet.resource.ResourceHttpRequestHandler.handleRequest(ResourceHttpRequestHandler.java:585)
	at org.springframework.web.servlet.mvc.HttpRequestHandlerAdapter.handle(HttpRequestHandlerAdapter.java:52)
	at org.springframework.web.servlet.DispatcherServlet.doDispatch(DispatcherServlet.java:1089)
	at org.springframework.web.servlet.DispatcherServlet.doService(DispatcherServlet.java:979)
	at org.springframework.web.servlet.FrameworkServlet.processRequest(FrameworkServlet.java:1014)
	at org.springframework.web.servlet.FrameworkServlet.doGet(FrameworkServlet.java:903)
	at jakarta.servlet.http.HttpServlet.service(HttpServlet.java:564)
	at org.springframework.web.servlet.FrameworkServlet.service(FrameworkServlet.java:885)
	at jakarta.servlet.http.HttpServlet.service(HttpServlet.java:658)
	at org.apache.catalina.core.ApplicationFilterChain.internalDoFilter(ApplicationFilterChain.java:195)
	at org.apache.catalina.core.ApplicationFilterChain.doFilter(ApplicationFilterChain.java:140)
	at org.apache.tomcat.websocket.server.WsFilter.doFilter(WsFilter.java:51)
	at org.apache.catalina.core.ApplicationFilterChain.internalDoFilter(ApplicationFilterChain.java:164)
	at org.apache.catalina.core.ApplicationFilterChain.doFilter(ApplicationFilterChain.java:140)
	at org.springframework.web.filter.RequestContextFilter.doFilterInternal(RequestContextFilter.java:100)
	at org.springframework.web.filter.OncePerRequestFilter.doFilter(OncePerRequestFilter.java:116)
	at org.apache.catalina.core.ApplicationFilterChain.internalDoFilter(ApplicationFilterChain.java:164)
	at org.apache.catalina.core.ApplicationFilterChain.doFilter(ApplicationFilterChain.java:140)
	at org.springframework.web.filter.FormContentFilter.doFilterInternal(FormContentFilter.java:93)
	at org.springframework.web.filter.OncePerRequestFilter.doFilter(OncePerRequestFilter.java:116)
	at org.apache.catalina.core.ApplicationFilterChain.internalDoFilter(ApplicationFilterChain.java:164)
	at org.apache.catalina.core.ApplicationFilterChain.doFilter(ApplicationFilterChain.java:140)
	at org.springframework.web.filter.CharacterEncodingFilter.doFilterInternal(CharacterEncodingFilter.java:201)
	at org.springframework.web.filter.OncePerRequestFilter.doFilter(OncePerRequestFilter.java:116)
	at org.apache.catalina.core.ApplicationFilterChain.internalDoFilter(ApplicationFilterChain.java:164)
	at org.apache.catalina.core.ApplicationFilterChain.doFilter(ApplicationFilterChain.java:140)
	at org.apache.catalina.core.StandardWrapperValve.invoke(StandardWrapperValve.java:167)
	at org.apache.catalina.core.StandardContextValve.invoke(StandardContextValve.java:90)
	at org.apache.catalina.authenticator.AuthenticatorBase.invoke(AuthenticatorBase.java:483)
	at org.apache.catalina.core.StandardHostValve.invoke(StandardHostValve.java:116)
	at org.apache.catalina.valves.ErrorReportValve.invoke(ErrorReportValve.java:93)
	at org.apache.catalina.core.StandardEngineValve.invoke(StandardEngineValve.java:74)
	at org.apache.catalina.connector.CoyoteAdapter.service(CoyoteAdapter.java:344)
	at org.apache.coyote.http11.Http11Processor.service(Http11Processor.java:398)
	at org.apache.coyote.AbstractProcessorLight.process(AbstractProcessorLight.java:63)
	at org.apache.coyote.AbstractProtocol$ConnectionHandler.process(AbstractProtocol.java:903)
	at org.apache.tomcat.util.net.NioEndpoint$SocketProcessor.doRun(NioEndpoint.java:1769)
	at org.apache.tomcat.util.net.SocketProcessorBase.run(SocketProcessorBase.java:52)
	at org.apache.tomcat.util.threads.ThreadPoolExecutor.runWorker(ThreadPoolExecutor.java:1189)
	at org.apache.tomcat.util.threads.ThreadPoolExecutor$Worker.run(ThreadPoolExecutor.java:658)
	at org.apache.tomcat.util.threads.TaskThread$WrappingRunnable.run(TaskThread.java:63)
	at java.base/java.lang.Thread.run(Thread.java:1589)
org.springframework.web.servlet.resource.NoResourceFoundException: No static resource api/maintenance.
	at org.springframework.web.servlet.resource.ResourceHttpRequestHandler.handleRequest(ResourceHttpRequestHandler.java:585)
	at org.springframework.web.servlet.mvc.HttpRequestHandlerAdapter.handle(HttpRequestHandlerAdapter.java:52)
	at org.springframework.web.servlet.DispatcherServlet.doDispatch(DispatcherServlet.java:1089)
	at org.springframework.web.servlet.DispatcherServlet.doService(DispatcherServlet.java:979)
	at org.springframework.web.servlet.FrameworkServlet.processRequest(FrameworkServlet.java:1014)
	at org.springframework.web.servlet.FrameworkServlet.doGet(FrameworkServlet.java:903)
	at jakarta.servlet.http.HttpServlet.service(HttpServlet.java:564)
	at org.springframework.web.servlet.FrameworkServlet.service(FrameworkServlet.java:885)
	at jakarta.servlet.http.HttpServlet.service(HttpServlet.java:658)
	at org.apache.catalina.core.ApplicationFilterChain.internalDoFilter(ApplicationFilterChain.java:195)
	at org.apache.catalina.core.ApplicationFilterChain.doFilter(ApplicationFilterChain.java:140)
	at org.apache.tomcat.websocket.server.WsFilter.doFilter(WsFilter.java:51)
	at org.apache.catalina.core.ApplicationFilterChain.internalDoFilter(ApplicationFilterChain.java:164)
	at org.apache.catalina.core.ApplicationFilterChain.doFilter(ApplicationFilterChain.java:140)
	at org.springframework.web.filter.RequestContextFilter.doFilterInternal(RequestContextFilter.java:100)
	at org.springframework.web.filter.OncePerRequestFilter.doFilter(OncePerRequestFilter.java:116)
	at org.apache.catalina.core.ApplicationFilterChain.internalDoFilter(ApplicationFilterChain.java:164)
	at org.apache.catalina.core.ApplicationFilterChain.doFilter(ApplicationFilterChain.java:140)
	at org.springframework.web.filter.FormContentFilter.doFilterInternal(FormContentFilter.java:93)
	at org.springframework.web.filter.OncePerRequestFilter.doFilter(OncePerRequestFilter.java:116)
	at org.apache.catalina.core.ApplicationFilterChain.internalDoFilter(ApplicationFilterChain.java:164)
	at org.apache.catalina.core.ApplicationFilterChain.doFilter(ApplicationFilterChain.java:140)
	at org.springframework.web.filter.CharacterEncodingFilter.doFilterInternal(CharacterEncodingFilter.java:201)
	at org.springframework.web.filter.OncePerRequestFilter.doFilter(OncePerRequestFilter.java:116)
	at org.apache.catalina.core.ApplicationFilterChain.internalDoFilter(ApplicationFilterChain.java:164)
	at org.apache.catalina.core.ApplicationFilterChain.doFilter(ApplicationFilterChain.java:140)
	at org.apache.catalina.core.StandardWrapperValve.invoke(StandardWrapperValve.java:167)
	at org.apache.catalina.core.StandardContextValve.invoke(StandardContextValve.java:90)
	at org.apache.catalina.authenticator.AuthenticatorBase.invoke(AuthenticatorBase.java:483)
2025-09-06T15:27:55.983+02:00 DEBUG 84692 --- [demo10] [nio-8088-exec-2] o.s.w.s.m.m.a.HttpEntityMethodProcessor  : Using 'text/plain', given [*/*] and supported [text/plain, */*, application/json, application/*+json]
2025-09-06T15:27:55.983+02:00 DEBUG 84692 --- [demo10] [nio-8088-exec-2] o.s.w.s.m.m.a.HttpEntityMethodProcessor  : Writing ["Internal Server Error: No static resource api/maintenance."]
	at org.apache.catalina.core.StandardHostValve.invoke(StandardHostValve.java:116)
	at org.apache.catalina.valves.ErrorReportValve.invoke(ErrorReportValve.java:93)
	at org.apache.catalina.core.StandardEngineValve.invoke(StandardEngineValve.java:74)
	at org.apache.catalina.connector.CoyoteAdapter.service(CoyoteAdapter.java:344)
	at org.apache.coyote.http11.Http11Processor.service(Http11Processor.java:398)
	at org.apache.coyote.AbstractProcessorLight.process(AbstractProcessorLight.java:63)
	at org.apache.coyote.AbstractProtocol$ConnectionHandler.process(AbstractProtocol.java:903)
	at org.apache.tomcat.util.net.NioEndpoint$SocketProcessor.doRun(NioEndpoint.java:1769)
	at org.apache.tomcat.util.net.SocketProcessorBase.run(SocketProcessorBase.java:52)
	at org.apache.tomcat.util.threads.ThreadPoolExecutor.runWorker(ThreadPoolExecutor.java:1189)
	at org.apache.tomcat.util.threads.ThreadPoolExecutor$Worker.run(ThreadPoolExecutor.java:658)
	at org.apache.tomcat.util.threads.TaskThread$WrappingRunnable.run(TaskThread.java:63)
	at java.base/java.lang.Thread.run(Thread.java:1589)
2025-09-06T15:27:55.983+02:00 DEBUG 84692 --- [demo10] [io-8088-exec-10] o.s.w.s.m.m.a.HttpEntityMethodProcessor  : Using 'text/plain', given [*/*] and supported [text/plain, */*, application/json, application/*+json]
2025-09-06T15:27:55.983+02:00 DEBUG 84692 --- [demo10] [io-8088-exec-10] o.s.w.s.m.m.a.HttpEntityMethodProcessor  : Writing ["Internal Server Error: No static resource api/maintenance."]
2025-09-06T15:27:55.983+02:00 DEBUG 84692 --- [demo10] [io-8088-exec-10] .m.m.a.ExceptionHandlerExceptionResolver : Resolved [org.springframework.web.servlet.resource.NoResourceFoundException: No static resource api/maintenance.]
2025-09-06T15:27:55.983+02:00 DEBUG 84692 --- [demo10] [nio-8088-exec-2] .m.m.a.ExceptionHandlerExceptionResolver : Resolved [org.springframework.web.servlet.resource.NoResourceFoundException: No static resource api/maintenance.]
2025-09-06T15:27:55.984+02:00 DEBUG 84692 --- [demo10] [nio-8088-exec-2] o.j.s.OpenEntityManagerInViewInterceptor : Closing JPA EntityManager in OpenEntityManagerInViewInterceptor
2025-09-06T15:27:55.984+02:00 DEBUG 84692 --- [demo10] [nio-8088-exec-2] o.s.web.servlet.DispatcherServlet        : Completed 500 INTERNAL_SERVER_ERROR
2025-09-06T15:27:55.984+02:00 DEBUG 84692 --- [demo10] [io-8088-exec-10] o.j.s.OpenEntityManagerInViewInterceptor : Closing JPA EntityManager in OpenEntityManagerInViewInterceptor
2025-09-06T15:27:55.984+02:00 DEBUG 84692 --- [demo10] [io-8088-exec-10] o.s.web.servlet.DispatcherServlet        : Completed 500 INTERNAL_SERVER_ERROR
2025-09-06T15:27:58.429+02:00 DEBUG 84692 --- [demo10] [nio-8088-exec-3] o.s.web.servlet.DispatcherServlet        : GET "/api/towers", parameters={}
2025-09-06T15:27:58.429+02:00 DEBUG 84692 --- [demo10] [nio-8088-exec-3] s.w.s.m.m.a.RequestMappingHandlerMapping : Mapped to com.example.demo.controller.TowerController#getAllTowers()
2025-09-06T15:27:58.429+02:00 DEBUG 84692 --- [demo10] [nio-8088-exec-3] o.j.s.OpenEntityManagerInViewInterceptor : Opening JPA EntityManager in OpenEntityManagerInViewInterceptor
2025-09-06T15:27:58.430+02:00 DEBUG 84692 --- [demo10] [nio-8088-exec-3] o.s.orm.jpa.JpaTransactionManager        : Found thread-bound EntityManager [SessionImpl(1045303924<open>)] for JPA transaction
2025-09-06T15:27:58.430+02:00 DEBUG 84692 --- [demo10] [nio-8088-exec-3] o.s.orm.jpa.JpaTransactionManager        : Creating new transaction with name [org.springframework.data.jpa.repository.support.SimpleJpaRepository.findAll]: PROPAGATION_REQUIRED,ISOLATION_DEFAULT,readOnly
2025-09-06T15:27:58.431+02:00 DEBUG 84692 --- [demo10] [nio-8088-exec-3] o.s.jdbc.datasource.DataSourceUtils      : Setting JDBC Connection [HikariProxyConnection@517538663 wrapping org.postgresql.jdbc.PgConnection@79587843] read-only
2025-09-06T15:27:58.431+02:00 DEBUG 84692 --- [demo10] [nio-8088-exec-3] o.s.orm.jpa.JpaTransactionManager        : Exposing JPA transaction as JDBC [org.springframework.orm.jpa.vendor.HibernateJpaDialect$HibernateConnectionHandle@12fbca9c]
Hibernate: 
    /* <criteria> */ select
        t1_0.tower_id,
        t1_0.api_endpoint_url,
        t1_0.api_key,
        t1_0.battery,
        t1_0.city,
        t1_0.created_at,
        t1_0.last_maintenance,
        t1_0.latitude,
        t1_0.longitude,
        t1_0.model_3d_path,
        t1_0.name,
        t1_0.network_load,
        t1_0.region,
        t1_0.status,
        t1_0.temperature,
        t1_0.updated_at,
        t1_0.uptime,
        t1_0.use_case 
    from
        towers t1_0
2025-09-06T15:27:58.434+02:00 DEBUG 84692 --- [demo10] [nio-8088-exec-3] o.s.orm.jpa.JpaTransactionManager        : Initiating transaction commit
2025-09-06T15:27:58.434+02:00 DEBUG 84692 --- [demo10] [nio-8088-exec-3] o.s.orm.jpa.JpaTransactionManager        : Committing JPA transaction on EntityManager [SessionImpl(1045303924<open>)]
2025-09-06T15:27:58.434+02:00 DEBUG 84692 --- [demo10] [nio-8088-exec-3] o.s.jdbc.datasource.DataSourceUtils      : Resetting read-only flag of JDBC Connection [HikariProxyConnection@517538663 wrapping org.postgresql.jdbc.PgConnection@79587843]
2025-09-06T15:27:58.434+02:00 DEBUG 84692 --- [demo10] [nio-8088-exec-3] o.s.orm.jpa.JpaTransactionManager        : Not closing pre-bound JPA EntityManager after transaction
2025-09-06T15:27:58.434+02:00 DEBUG 84692 --- [demo10] [nio-8088-exec-3] o.s.w.s.m.m.a.HttpEntityMethodProcessor  : Using 'application/json', given [*/*] and supported [application/json, application/*+json]
2025-09-06T15:27:58.435+02:00 DEBUG 84692 --- [demo10] [nio-8088-exec-3] o.s.w.s.m.m.a.HttpEntityMethodProcessor  : Writing [[TowerDTO(id=20, name=Test, status=online, latitude=25.092, longitude=55.1381, city=Dubai, UAE, batt (truncated)...]
2025-09-06T15:27:58.436+02:00 DEBUG 84692 --- [demo10] [nio-8088-exec-3] o.j.s.OpenEntityManagerInViewInterceptor : Closing JPA EntityManager in OpenEntityManagerInViewInterceptor
2025-09-06T15:27:58.436+02:00 DEBUG 84692 --- [demo10] [nio-8088-exec-3] o.s.web.servlet.DispatcherServlet        : Completed 200 OK
2025-09-06T15:27:58.441+02:00 DEBUG 84692 --- [demo10] [nio-8088-exec-4] o.s.web.servlet.DispatcherServlet        : GET "/api/towers", parameters={}
2025-09-06T15:27:58.441+02:00 DEBUG 84692 --- [demo10] [nio-8088-exec-4] s.w.s.m.m.a.RequestMappingHandlerMapping : Mapped to com.example.demo.controller.TowerController#getAllTowers()
2025-09-06T15:27:58.441+02:00 DEBUG 84692 --- [demo10] [nio-8088-exec-4] o.j.s.OpenEntityManagerInViewInterceptor : Opening JPA EntityManager in OpenEntityManagerInViewInterceptor
2025-09-06T15:27:58.442+02:00 DEBUG 84692 --- [demo10] [nio-8088-exec-4] o.s.orm.jpa.JpaTransactionManager        : Found thread-bound EntityManager [SessionImpl(424829725<open>)] for JPA transaction
2025-09-06T15:27:58.442+02:00 DEBUG 84692 --- [demo10] [nio-8088-exec-4] o.s.orm.jpa.JpaTransactionManager        : Creating new transaction with name [org.springframework.data.jpa.repository.support.SimpleJpaRepository.findAll]: PROPAGATION_REQUIRED,ISOLATION_DEFAULT,readOnly
2025-09-06T15:27:58.442+02:00 DEBUG 84692 --- [demo10] [nio-8088-exec-4] o.s.jdbc.datasource.DataSourceUtils      : Setting JDBC Connection [HikariProxyConnection@100011895 wrapping org.postgresql.jdbc.PgConnection@79587843] read-only
2025-09-06T15:27:58.442+02:00 DEBUG 84692 --- [demo10] [nio-8088-exec-4] o.s.orm.jpa.JpaTransactionManager        : Exposing JPA transaction as JDBC [org.springframework.orm.jpa.vendor.HibernateJpaDialect$HibernateConnectionHandle@746365ad]
Hibernate: 
    /* <criteria> */ select
        t1_0.tower_id,
        t1_0.api_endpoint_url,
        t1_0.api_key,
        t1_0.battery,
        t1_0.city,
        t1_0.created_at,
        t1_0.last_maintenance,
        t1_0.latitude,
        t1_0.longitude,
        t1_0.model_3d_path,
        t1_0.name,
        t1_0.network_load,
        t1_0.region,
        t1_0.status,
        t1_0.temperature,
        t1_0.updated_at,
        t1_0.uptime,
        t1_0.use_case 
    from
        towers t1_0
2025-09-06T15:27:58.445+02:00 DEBUG 84692 --- [demo10] [nio-8088-exec-4] o.s.orm.jpa.JpaTransactionManager        : Initiating transaction commit
2025-09-06T15:27:58.445+02:00 DEBUG 84692 --- [demo10] [nio-8088-exec-4] o.s.orm.jpa.JpaTransactionManager        : Committing JPA transaction on EntityManager [SessionImpl(424829725<open>)]
2025-09-06T15:27:58.445+02:00 DEBUG 84692 --- [demo10] [nio-8088-exec-4] o.s.jdbc.datasource.DataSourceUtils      : Resetting read-only flag of JDBC Connection [HikariProxyConnection@100011895 wrapping org.postgresql.jdbc.PgConnection@79587843]
2025-09-06T15:27:58.445+02:00 DEBUG 84692 --- [demo10] [nio-8088-exec-4] o.s.orm.jpa.JpaTransactionManager        : Not closing pre-bound JPA EntityManager after transaction
2025-09-06T15:27:58.446+02:00 DEBUG 84692 --- [demo10] [nio-8088-exec-4] o.s.w.s.m.m.a.HttpEntityMethodProcessor  : Using 'application/json', given [*/*] and supported [application/json, application/*+json]
2025-09-06T15:27:58.446+02:00 DEBUG 84692 --- [demo10] [nio-8088-exec-4] o.s.w.s.m.m.a.HttpEntityMethodProcessor  : Writing [[TowerDTO(id=20, name=Test, status=online, latitude=25.092, longitude=55.1381, city=Dubai, UAE, batt (truncated)...]
2025-09-06T15:27:58.446+02:00 DEBUG 84692 --- [demo10] [nio-8088-exec-4] o.j.s.OpenEntityManagerInViewInterceptor : Closing JPA EntityManager in OpenEntityManagerInViewInterceptor
2025-09-06T15:27:58.447+02:00 DEBUG 84692 --- [demo10] [nio-8088-exec-4] o.s.web.servlet.DispatcherServlet        : Completed 200 OK
2025-09-06T15:28:45.845+02:00 DEBUG 84692 --- [demo10] [nio-8088-exec-5] o.s.web.servlet.DispatcherServlet        : OPTIONS "/api/maintenance/MAINT-001", parameters={}
2025-09-06T15:28:45.847+02:00 DEBUG 84692 --- [demo10] [nio-8088-exec-5] o.s.w.s.handler.SimpleUrlHandlerMapping  : Mapped to ResourceHttpRequestHandler [classpath [META-INF/resources/], classpath [resources/], classpath [static/], classpath [public/], ServletContext [/]]
2025-09-06T15:28:45.847+02:00 DEBUG 84692 --- [demo10] [nio-8088-exec-5] o.j.s.OpenEntityManagerInViewInterceptor : Opening JPA EntityManager in OpenEntityManagerInViewInterceptor
2025-09-06T15:28:45.847+02:00 DEBUG 84692 --- [demo10] [nio-8088-exec-5] o.j.s.OpenEntityManagerInViewInterceptor : Closing JPA EntityManager in OpenEntityManagerInViewInterceptor
2025-09-06T15:28:45.847+02:00 DEBUG 84692 --- [demo10] [nio-8088-exec-5] o.s.web.servlet.DispatcherServlet        : Completed 200 OK
2025-09-06T15:28:45.849+02:00 DEBUG 84692 --- [demo10] [nio-8088-exec-6] o.s.web.servlet.DispatcherServlet        : DELETE "/api/maintenance/MAINT-001", parameters={}
2025-09-06T15:28:45.849+02:00 DEBUG 84692 --- [demo10] [nio-8088-exec-6] o.s.w.s.handler.SimpleUrlHandlerMapping  : Mapped to ResourceHttpRequestHandler [classpath [META-INF/resources/], classpath [resources/], classpath [static/], classpath [public/], ServletContext [/]]
2025-09-06T15:28:45.849+02:00 DEBUG 84692 --- [demo10] [nio-8088-exec-6] o.j.s.OpenEntityManagerInViewInterceptor : Opening JPA EntityManager in OpenEntityManagerInViewInterceptor
2025-09-06T15:28:45.854+02:00 DEBUG 84692 --- [demo10] [nio-8088-exec-6] o.s.w.s.r.ResourceHttpRequestHandler     : Resource not found
2025-09-06T15:28:45.854+02:00 DEBUG 84692 --- [demo10] [nio-8088-exec-6] .m.m.a.ExceptionHandlerExceptionResolver : Using @ExceptionHandler com.example.demo.GlobalExceptionHandler#handleAllExceptions(Exception)
org.springframework.web.servlet.resource.NoResourceFoundException: No static resource api/maintenance/MAINT-001.
	at org.springframework.web.servlet.resource.ResourceHttpRequestHandler.handleRequest(ResourceHttpRequestHandler.java:585)
	at org.springframework.web.servlet.mvc.HttpRequestHandlerAdapter.handle(HttpRequestHandlerAdapter.java:52)
	at org.springframework.web.servlet.DispatcherServlet.doDispatch(DispatcherServlet.java:1089)
	at org.springframework.web.servlet.DispatcherServlet.doService(DispatcherServlet.java:979)
	at org.springframework.web.servlet.FrameworkServlet.processRequest(FrameworkServlet.java:1014)
	at org.springframework.web.servlet.FrameworkServlet.doDelete(FrameworkServlet.java:936)
	at jakarta.servlet.http.HttpServlet.service(HttpServlet.java:596)
	at org.springframework.web.servlet.FrameworkServlet.service(FrameworkServlet.java:885)
	at jakarta.servlet.http.HttpServlet.service(HttpServlet.java:658)
	at org.apache.catalina.core.ApplicationFilterChain.internalDoFilter(ApplicationFilterChain.java:195)
	at org.apache.catalina.core.ApplicationFilterChain.doFilter(ApplicationFilterChain.java:140)
	at org.apache.tomcat.websocket.server.WsFilter.doFilter(WsFilter.java:51)
	at org.apache.catalina.core.ApplicationFilterChain.internalDoFilter(ApplicationFilterChain.java:164)
	at org.apache.catalina.core.ApplicationFilterChain.doFilter(ApplicationFilterChain.java:140)
	at org.springframework.web.filter.RequestContextFilter.doFilterInternal(RequestContextFilter.java:100)
	at org.springframework.web.filter.OncePerRequestFilter.doFilter(OncePerRequestFilter.java:116)
	at org.apache.catalina.core.ApplicationFilterChain.internalDoFilter(ApplicationFilterChain.java:164)
	at org.apache.catalina.core.ApplicationFilterChain.doFilter(ApplicationFilterChain.java:140)
	at org.springframework.web.filter.FormContentFilter.doFilterInternal(FormContentFilter.java:93)
	at org.springframework.web.filter.OncePerRequestFilter.doFilter(OncePerRequestFilter.java:116)
	at org.apache.catalina.core.ApplicationFilterChain.internalDoFilter(ApplicationFilterChain.java:164)
	at org.apache.catalina.core.ApplicationFilterChain.doFilter(ApplicationFilterChain.java:140)
	at org.springframework.web.filter.CharacterEncodingFilter.doFilterInternal(CharacterEncodingFilter.java:201)
	at org.springframework.web.filter.OncePerRequestFilter.doFilter(OncePerRequestFilter.java:116)
	at org.apache.catalina.core.ApplicationFilterChain.internalDoFilter(ApplicationFilterChain.java:164)
	at org.apache.catalina.core.ApplicationFilterChain.doFilter(ApplicationFilterChain.java:140)
	at org.apache.catalina.core.StandardWrapperValve.invoke(StandardWrapperValve.java:167)
	at org.apache.catalina.core.StandardContextValve.invoke(StandardContextValve.java:90)
	at org.apache.catalina.authenticator.AuthenticatorBase.invoke(AuthenticatorBase.java:483)
	at org.apache.catalina.core.StandardHostValve.invoke(StandardHostValve.java:116)
	at org.apache.catalina.valves.ErrorReportValve.invoke(ErrorReportValve.java:93)
	at org.apache.catalina.core.StandardEngineValve.invoke(StandardEngineValve.java:74)
	at org.apache.catalina.connector.CoyoteAdapter.service(CoyoteAdapter.java:344)
	at org.apache.coyote.http11.Http11Processor.service(Http11Processor.java:398)
	at org.apache.coyote.AbstractProcessorLight.process(AbstractProcessorLight.java:63)
	at org.apache.coyote.AbstractProtocol$ConnectionHandler.process(AbstractProtocol.java:903)
	at org.apache.tomcat.util.net.NioEndpoint$SocketProcessor.doRun(NioEndpoint.java:1769)
	at org.apache.tomcat.util.net.SocketProcessorBase.run(SocketProcessorBase.java:52)
	at org.apache.tomcat.util.threads.ThreadPoolExecutor.runWorker(ThreadPoolExecutor.java:1189)
	at org.apache.tomcat.util.threads.ThreadPoolExecutor$Worker.run(ThreadPoolExecutor.java:658)
	at org.apache.tomcat.util.threads.TaskThread$WrappingRunnable.run(TaskThread.java:63)
	at java.base/java.lang.Thread.run(Thread.java:1589)
2025-09-06T15:28:45.855+02:00 DEBUG 84692 --- [demo10] [nio-8088-exec-6] o.s.w.s.m.m.a.HttpEntityMethodProcessor  : Using 'text/plain', given [*/*] and supported [text/plain, */*, application/json, application/*+json]
2025-09-06T15:28:45.855+02:00 DEBUG 84692 --- [demo10] [nio-8088-exec-6] o.s.w.s.m.m.a.HttpEntityMethodProcessor  : Writing ["Internal Server Error: No static resource api/maintenance/MAINT-001."]
2025-09-06T15:28:45.855+02:00 DEBUG 84692 --- [demo10] [nio-8088-exec-6] .m.m.a.ExceptionHandlerExceptionResolver : Resolved [org.springframework.web.servlet.resource.NoResourceFoundException: No static resource api/maintenance/MAINT-001.]
2025-09-06T15:28:45.855+02:00 DEBUG 84692 --- [demo10] [nio-8088-exec-6] o.j.s.OpenEntityManagerInViewInterceptor : Closing JPA EntityManager in OpenEntityManagerInViewInterceptor
2025-09-06T15:28:45.855+02:00 DEBUG 84692 --- [demo10] [nio-8088-exec-6] o.s.web.servlet.DispatcherServlet        : Completed 500 INTERNAL_SERVER_ERROR
2025-09-06T15:28:47.442+02:00 DEBUG 84692 --- [demo10] [nio-8088-exec-7] o.s.web.servlet.DispatcherServlet        : DELETE "/api/maintenance/MAINT-001", parameters={}
2025-09-06T15:28:47.443+02:00 DEBUG 84692 --- [demo10] [nio-8088-exec-7] o.s.w.s.handler.SimpleUrlHandlerMapping  : Mapped to ResourceHttpRequestHandler [classpath [META-INF/resources/], classpath [resources/], classpath [static/], classpath [public/], ServletContext [/]]
2025-09-06T15:28:47.443+02:00 DEBUG 84692 --- [demo10] [nio-8088-exec-7] o.j.s.OpenEntityManagerInViewInterceptor : Opening JPA EntityManager in OpenEntityManagerInViewInterceptor
2025-09-06T15:28:47.443+02:00 DEBUG 84692 --- [demo10] [nio-8088-exec-7] o.s.w.s.r.ResourceHttpRequestHandler     : Resource not found
2025-09-06T15:28:47.443+02:00 DEBUG 84692 --- [demo10] [nio-8088-exec-7] .m.m.a.ExceptionHandlerExceptionResolver : Using @ExceptionHandler com.example.demo.GlobalExceptionHandler#handleAllExceptions(Exception)
org.springframework.web.servlet.resource.NoResourceFoundException: No static resource api/maintenance/MAINT-001.
	at org.springframework.web.servlet.resource.ResourceHttpRequestHandler.handleRequest(ResourceHttpRequestHandler.java:585)
	at org.springframework.web.servlet.mvc.HttpRequestHandlerAdapter.handle(HttpRequestHandlerAdapter.java:52)
	at org.springframework.web.servlet.DispatcherServlet.doDispatch(DispatcherServlet.java:1089)
	at org.springframework.web.servlet.DispatcherServlet.doService(DispatcherServlet.java:979)
	at org.springframework.web.servlet.FrameworkServlet.processRequest(FrameworkServlet.java:1014)
	at org.springframework.web.servlet.FrameworkServlet.doDelete(FrameworkServlet.java:936)
	at jakarta.servlet.http.HttpServlet.service(HttpServlet.java:596)
	at org.springframework.web.servlet.FrameworkServlet.service(FrameworkServlet.java:885)
	at jakarta.servlet.http.HttpServlet.service(HttpServlet.java:658)
	at org.apache.catalina.core.ApplicationFilterChain.internalDoFilter(ApplicationFilterChain.java:195)
	at org.apache.catalina.core.ApplicationFilterChain.doFilter(ApplicationFilterChain.java:140)
	at org.apache.tomcat.websocket.server.WsFilter.doFilter(WsFilter.java:51)
	at org.apache.catalina.core.ApplicationFilterChain.internalDoFilter(ApplicationFilterChain.java:164)
	at org.apache.catalina.core.ApplicationFilterChain.doFilter(ApplicationFilterChain.java:140)
	at org.springframework.web.filter.RequestContextFilter.doFilterInternal(RequestContextFilter.java:100)
	at org.springframework.web.filter.OncePerRequestFilter.doFilter(OncePerRequestFilter.java:116)
	at org.apache.catalina.core.ApplicationFilterChain.internalDoFilter(ApplicationFilterChain.java:164)
	at org.apache.catalina.core.ApplicationFilterChain.doFilter(ApplicationFilterChain.java:140)
	at org.springframework.web.filter.FormContentFilter.doFilterInternal(FormContentFilter.java:93)
	at org.springframework.web.filter.OncePerRequestFilter.doFilter(OncePerRequestFilter.java:116)
	at org.apache.catalina.core.ApplicationFilterChain.internalDoFilter(ApplicationFilterChain.java:164)
	at org.apache.catalina.core.ApplicationFilterChain.doFilter(ApplicationFilterChain.java:140)
	at org.springframework.web.filter.CharacterEncodingFilter.doFilterInternal(CharacterEncodingFilter.java:201)
	at org.springframework.web.filter.OncePerRequestFilter.doFilter(OncePerRequestFilter.java:116)
	at org.apache.catalina.core.ApplicationFilterChain.internalDoFilter(ApplicationFilterChain.java:164)
	at org.apache.catalina.core.ApplicationFilterChain.doFilter(ApplicationFilterChain.java:140)
	at org.apache.catalina.core.StandardWrapperValve.invoke(StandardWrapperValve.java:167)
	at org.apache.catalina.core.StandardContextValve.invoke(StandardContextValve.java:90)
	at org.apache.catalina.authenticator.AuthenticatorBase.invoke(AuthenticatorBase.java:483)
	at org.apache.catalina.core.StandardHostValve.invoke(StandardHostValve.java:116)
	at org.apache.catalina.valves.ErrorReportValve.invoke(ErrorReportValve.java:93)
	at org.apache.catalina.core.StandardEngineValve.invoke(StandardEngineValve.java:74)
	at org.apache.catalina.connector.CoyoteAdapter.service(CoyoteAdapter.java:344)
	at org.apache.coyote.http11.Http11Processor.service(Http11Processor.java:398)
	at org.apache.coyote.AbstractProcessorLight.process(AbstractProcessorLight.java:63)
	at org.apache.coyote.AbstractProtocol$ConnectionHandler.process(AbstractProtocol.java:903)
	at org.apache.tomcat.util.net.NioEndpoint$SocketProcessor.doRun(NioEndpoint.java:1769)
	at org.apache.tomcat.util.net.SocketProcessorBase.run(SocketProcessorBase.java:52)
	at org.apache.tomcat.util.threads.ThreadPoolExecutor.runWorker(ThreadPoolExecutor.java:1189)
	at org.apache.tomcat.util.threads.ThreadPoolExecutor$Worker.run(ThreadPoolExecutor.java:658)
	at org.apache.tomcat.util.threads.TaskThread$WrappingRunnable.run(TaskThread.java:63)
	at java.base/java.lang.Thread.run(Thread.java:1589)
2025-09-06T15:28:47.445+02:00 DEBUG 84692 --- [demo10] [nio-8088-exec-7] o.s.w.s.m.m.a.HttpEntityMethodProcessor  : Using 'text/plain', given [*/*] and supported [text/plain, */*, application/json, application/*+json]
2025-09-06T15:28:47.445+02:00 DEBUG 84692 --- [demo10] [nio-8088-exec-7] o.s.w.s.m.m.a.HttpEntityMethodProcessor  : Writing ["Internal Server Error: No static resource api/maintenance/MAINT-001."]
2025-09-06T15:28:47.445+02:00 DEBUG 84692 --- [demo10] [nio-8088-exec-7] .m.m.a.ExceptionHandlerExceptionResolver : Resolved [org.springframework.web.servlet.resource.NoResourceFoundException: No static resource api/maintenance/MAINT-001.]
2025-09-06T15:28:47.445+02:00 DEBUG 84692 --- [demo10] [nio-8088-exec-7] o.j.s.OpenEntityManagerInViewInterceptor : Closing JPA EntityManager in OpenEntityManagerInViewInterceptor
2025-09-06T15:28:47.445+02:00 DEBUG 84692 --- [demo10] [nio-8088-exec-7] o.s.web.servlet.DispatcherServlet        : Completed 500 INTERNAL_SERVER_ERROR
2025-09-06T16:21:49.335+02:00 DEBUG 84692 --- [demo10] [nio-8088-exec-9] o.s.web.servlet.DispatcherServlet        : OPTIONS "/api/maintenance", parameters={}
2025-09-06T16:21:49.336+02:00 DEBUG 84692 --- [demo10] [nio-8088-exec-8] o.s.web.servlet.DispatcherServlet        : OPTIONS "/api/maintenance", parameters={}
2025-09-06T16:21:49.336+02:00 DEBUG 84692 --- [demo10] [nio-8088-exec-9] o.s.w.s.handler.SimpleUrlHandlerMapping  : Mapped to ResourceHttpRequestHandler [classpath [META-INF/resources/], classpath [resources/], classpath [static/], classpath [public/], ServletContext [/]]
2025-09-06T16:21:49.337+02:00 DEBUG 84692 --- [demo10] [nio-8088-exec-8] o.s.w.s.handler.SimpleUrlHandlerMapping  : Mapped to ResourceHttpRequestHandler [classpath [META-INF/resources/], classpath [resources/], classpath [static/], classpath [public/], ServletContext [/]]
2025-09-06T16:21:49.337+02:00 DEBUG 84692 --- [demo10] [nio-8088-exec-8] o.j.s.OpenEntityManagerInViewInterceptor : Opening JPA EntityManager in OpenEntityManagerInViewInterceptor
2025-09-06T16:21:49.337+02:00 DEBUG 84692 --- [demo10] [nio-8088-exec-9] o.j.s.OpenEntityManagerInViewInterceptor : Opening JPA EntityManager in OpenEntityManagerInViewInterceptor
2025-09-06T16:21:49.338+02:00 DEBUG 84692 --- [demo10] [nio-8088-exec-9] o.j.s.OpenEntityManagerInViewInterceptor : Closing JPA EntityManager in OpenEntityManagerInViewInterceptor
2025-09-06T16:21:49.338+02:00 DEBUG 84692 --- [demo10] [nio-8088-exec-8] o.j.s.OpenEntityManagerInViewInterceptor : Closing JPA EntityManager in OpenEntityManagerInViewInterceptor
2025-09-06T16:21:49.338+02:00 DEBUG 84692 --- [demo10] [nio-8088-exec-8] o.s.web.servlet.DispatcherServlet        : Completed 200 OK
2025-09-06T16:21:49.338+02:00 DEBUG 84692 --- [demo10] [nio-8088-exec-9] o.s.web.servlet.DispatcherServlet        : Completed 200 OK
2025-09-06T16:21:49.340+02:00 DEBUG 84692 --- [demo10] [nio-8088-exec-1] o.s.web.servlet.DispatcherServlet        : GET "/api/maintenance", parameters={}
2025-09-06T16:21:49.340+02:00 DEBUG 84692 --- [demo10] [nio-8088-exec-1] o.s.w.s.handler.SimpleUrlHandlerMapping  : Mapped to ResourceHttpRequestHandler [classpath [META-INF/resources/], classpath [resources/], classpath [static/], classpath [public/], ServletContext [/]]
2025-09-06T16:21:49.340+02:00 DEBUG 84692 --- [demo10] [io-8088-exec-10] o.s.web.servlet.DispatcherServlet        : GET "/api/maintenance", parameters={}
2025-09-06T16:21:49.340+02:00 DEBUG 84692 --- [demo10] [io-8088-exec-10] o.s.w.s.handler.SimpleUrlHandlerMapping  : Mapped to ResourceHttpRequestHandler [classpath [META-INF/resources/], classpath [resources/], classpath [static/], classpath [public/], ServletContext [/]]
2025-09-06T16:21:49.340+02:00 DEBUG 84692 --- [demo10] [nio-8088-exec-1] o.j.s.OpenEntityManagerInViewInterceptor : Opening JPA EntityManager in OpenEntityManagerInViewInterceptor
2025-09-06T16:21:49.340+02:00 DEBUG 84692 --- [demo10] [io-8088-exec-10] o.j.s.OpenEntityManagerInViewInterceptor : Opening JPA EntityManager in OpenEntityManagerInViewInterceptor
2025-09-06T16:21:49.342+02:00 DEBUG 84692 --- [demo10] [io-8088-exec-10] o.s.w.s.r.ResourceHttpRequestHandler     : Resource not found
2025-09-06T16:21:49.342+02:00 DEBUG 84692 --- [demo10] [nio-8088-exec-1] o.s.w.s.r.ResourceHttpRequestHandler     : Resource not found
2025-09-06T16:21:49.343+02:00 DEBUG 84692 --- [demo10] [nio-8088-exec-1] .m.m.a.ExceptionHandlerExceptionResolver : Using @ExceptionHandler com.example.demo.GlobalExceptionHandler#handleAllExceptions(Exception)
2025-09-06T16:21:49.343+02:00 DEBUG 84692 --- [demo10] [io-8088-exec-10] .m.m.a.ExceptionHandlerExceptionResolver : Using @ExceptionHandler com.example.demo.GlobalExceptionHandler#handleAllExceptions(Exception)
org.springframework.web.servlet.resource.NoResourceFoundException: No static resource api/maintenance.
	at org.springframework.web.servlet.resource.ResourceHttpRequestHandler.handleRequest(ResourceHttpRequestHandler.java:585)
	at org.springframework.web.servlet.mvc.HttpRequestHandlerAdapter.handle(HttpRequestHandlerAdapter.java:52)
	at org.springframework.web.servlet.DispatcherServlet.doDispatch(DispatcherServlet.java:1089)
	at org.springframework.web.servlet.DispatcherServlet.doService(DispatcherServlet.java:979)
	at org.springframework.web.servlet.FrameworkServlet.processRequest(FrameworkServlet.java:1014)
	at org.springframework.web.servlet.FrameworkServlet.doGet(FrameworkServlet.java:903)
	at jakarta.servlet.http.HttpServlet.service(HttpServlet.java:564)
	at org.springframework.web.servlet.FrameworkServlet.service(FrameworkServlet.java:885)
	at jakarta.servlet.http.HttpServlet.service(HttpServlet.java:658)
	at org.apache.catalina.core.ApplicationFilterChain.internalDoFilter(ApplicationFilterChain.java:195)
	at org.apache.catalina.core.ApplicationFilterChain.doFilter(ApplicationFilterChain.java:140)
	at org.apache.tomcat.websocket.server.WsFilter.doFilter(WsFilter.java:51)
	at org.apache.catalina.core.ApplicationFilterChain.internalDoFilter(ApplicationFilterChain.java:164)
	at org.apache.catalina.core.ApplicationFilterChain.doFilter(ApplicationFilterChain.java:140)
	at org.springframework.web.filter.RequestContextFilter.doFilterInternal(RequestContextFilter.java:100)
	at org.springframework.web.filter.OncePerRequestFilter.doFilter(OncePerRequestFilter.java:116)
	at org.apache.catalina.core.ApplicationFilterChain.internalDoFilter(ApplicationFilterChain.java:164)
	at org.apache.catalina.core.ApplicationFilterChain.doFilter(ApplicationFilterChain.java:140)
	at org.springframework.web.filter.FormContentFilter.doFilterInternal(FormContentFilter.java:93)
	at org.springframework.web.filter.OncePerRequestFilter.doFilter(OncePerRequestFilter.java:116)
	at org.apache.catalina.core.ApplicationFilterChain.internalDoFilter(ApplicationFilterChain.java:164)
	at org.apache.catalina.core.ApplicationFilterChain.doFilter(ApplicationFilterChain.java:140)
	at org.springframework.web.filter.CharacterEncodingFilter.doFilterInternal(CharacterEncodingFilter.java:201)
	at org.springframework.web.filter.OncePerRequestFilter.doFilter(OncePerRequestFilter.java:116)
	at org.apache.catalina.core.ApplicationFilterChain.internalDoFilter(ApplicationFilterChain.java:164)
	at org.apache.catalina.core.ApplicationFilterChain.doFilter(ApplicationFilterChain.java:140)
	at org.apache.catalina.core.StandardWrapperValve.invoke(StandardWrapperValve.java:167)
	at org.apache.catalina.core.StandardContextValve.invoke(StandardContextValve.java:90)
	at org.apache.catalina.authenticator.AuthenticatorBase.invoke(AuthenticatorBase.java:483)
	at org.apache.catalina.core.StandardHostValve.invoke(StandardHostValve.java:116)
	at org.apache.catalina.valves.ErrorReportValve.invoke(ErrorReportValve.java:93)
	at org.apache.catalina.core.StandardEngineValve.invoke(StandardEngineValve.java:74)
	at org.apache.catalina.connector.CoyoteAdapter.service(CoyoteAdapter.java:344)
	at org.apache.coyote.http11.Http11Processor.service(Http11Processor.java:398)
	at org.apache.coyote.AbstractProcessorLight.process(AbstractProcessorLight.java:63)
	at org.apache.coyote.AbstractProtocol$ConnectionHandler.process(AbstractProtocol.java:903)
	at org.apache.tomcat.util.net.NioEndpoint$SocketProcessor.doRun(NioEndpoint.java:1769)
	at org.apache.tomcat.util.net.SocketProcessorBase.run(SocketProcessorBase.java:52)
	at org.apache.tomcat.util.threads.ThreadPoolExecutor.runWorker(ThreadPoolExecutor.java:1189)
	at org.apache.tomcat.util.threads.ThreadPoolExecutor$Worker.run(ThreadPoolExecutor.java:658)
	at org.apache.tomcat.util.threads.TaskThread$WrappingRunnable.run(TaskThread.java:63)
	at java.base/java.lang.Thread.run(Thread.java:1589)
org.springframework.web.servlet.resource.NoResourceFoundException: No static resource api/maintenance.
2025-09-06T16:21:49.344+02:00 DEBUG 84692 --- [demo10] [nio-8088-exec-1] o.s.w.s.m.m.a.HttpEntityMethodProcessor  : Using 'text/plain', given [*/*] and supported [text/plain, */*, application/json, application/*+json]
	at org.springframework.web.servlet.resource.ResourceHttpRequestHandler.handleRequest(ResourceHttpRequestHandler.java:585)
	at org.springframework.web.servlet.mvc.HttpRequestHandlerAdapter.handle(HttpRequestHandlerAdapter.java:52)
	at org.springframework.web.servlet.DispatcherServlet.doDispatch(DispatcherServlet.java:1089)
	at org.springframework.web.servlet.DispatcherServlet.doService(DispatcherServlet.java:979)
	at org.springframework.web.servlet.FrameworkServlet.processRequest(FrameworkServlet.java:1014)
	at org.springframework.web.servlet.FrameworkServlet.doGet(FrameworkServlet.java:903)
	at jakarta.servlet.http.HttpServlet.service(HttpServlet.java:564)
	at org.springframework.web.servlet.FrameworkServlet.service(FrameworkServlet.java:885)
	at jakarta.servlet.http.HttpServlet.service(HttpServlet.java:658)
	at org.apache.catalina.core.ApplicationFilterChain.internalDoFilter(ApplicationFilterChain.java:195)
2025-09-06T16:21:49.344+02:00 DEBUG 84692 --- [demo10] [nio-8088-exec-1] o.s.w.s.m.m.a.HttpEntityMethodProcessor  : Writing ["Internal Server Error: No static resource api/maintenance."]
2025-09-06T16:21:49.344+02:00 DEBUG 84692 --- [demo10] [nio-8088-exec-1] .m.m.a.ExceptionHandlerExceptionResolver : Resolved [org.springframework.web.servlet.resource.NoResourceFoundException: No static resource api/maintenance.]
2025-09-06T16:21:49.344+02:00 DEBUG 84692 --- [demo10] [nio-8088-exec-1] o.j.s.OpenEntityManagerInViewInterceptor : Closing JPA EntityManager in OpenEntityManagerInViewInterceptor
2025-09-06T16:21:49.344+02:00 DEBUG 84692 --- [demo10] [nio-8088-exec-1] o.s.web.servlet.DispatcherServlet        : Completed 500 INTERNAL_SERVER_ERROR
	at org.apache.catalina.core.ApplicationFilterChain.doFilter(ApplicationFilterChain.java:140)
	at org.apache.tomcat.websocket.server.WsFilter.doFilter(WsFilter.java:51)
	at org.apache.catalina.core.ApplicationFilterChain.internalDoFilter(ApplicationFilterChain.java:164)
	at org.apache.catalina.core.ApplicationFilterChain.doFilter(ApplicationFilterChain.java:140)
	at org.springframework.web.filter.RequestContextFilter.doFilterInternal(RequestContextFilter.java:100)
	at org.springframework.web.filter.OncePerRequestFilter.doFilter(OncePerRequestFilter.java:116)
	at org.apache.catalina.core.ApplicationFilterChain.internalDoFilter(ApplicationFilterChain.java:164)
	at org.apache.catalina.core.ApplicationFilterChain.doFilter(ApplicationFilterChain.java:140)
	at org.springframework.web.filter.FormContentFilter.doFilterInternal(FormContentFilter.java:93)
	at org.springframework.web.filter.OncePerRequestFilter.doFilter(OncePerRequestFilter.java:116)
	at org.apache.catalina.core.ApplicationFilterChain.internalDoFilter(ApplicationFilterChain.java:164)
	at org.apache.catalina.core.ApplicationFilterChain.doFilter(ApplicationFilterChain.java:140)
	at org.springframework.web.filter.CharacterEncodingFilter.doFilterInternal(CharacterEncodingFilter.java:201)
	at org.springframework.web.filter.OncePerRequestFilter.doFilter(OncePerRequestFilter.java:116)
	at org.apache.catalina.core.ApplicationFilterChain.internalDoFilter(ApplicationFilterChain.java:164)
	at org.apache.catalina.core.ApplicationFilterChain.doFilter(ApplicationFilterChain.java:140)
	at org.apache.catalina.core.StandardWrapperValve.invoke(StandardWrapperValve.java:167)
	at org.apache.catalina.core.StandardContextValve.invoke(StandardContextValve.java:90)
	at org.apache.catalina.authenticator.AuthenticatorBase.invoke(AuthenticatorBase.java:483)
	at org.apache.catalina.core.StandardHostValve.invoke(StandardHostValve.java:116)
	at org.apache.catalina.valves.ErrorReportValve.invoke(ErrorReportValve.java:93)
	at org.apache.catalina.core.StandardEngineValve.invoke(StandardEngineValve.java:74)
	at org.apache.catalina.connector.CoyoteAdapter.service(CoyoteAdapter.java:344)
	at org.apache.coyote.http11.Http11Processor.service(Http11Processor.java:398)
	at org.apache.coyote.AbstractProcessorLight.process(AbstractProcessorLight.java:63)
	at org.apache.coyote.AbstractProtocol$ConnectionHandler.process(AbstractProtocol.java:903)
	at org.apache.tomcat.util.net.NioEndpoint$SocketProcessor.doRun(NioEndpoint.java:1769)
	at org.apache.tomcat.util.net.SocketProcessorBase.run(SocketProcessorBase.java:52)
	at org.apache.tomcat.util.threads.ThreadPoolExecutor.runWorker(ThreadPoolExecutor.java:1189)
	at org.apache.tomcat.util.threads.ThreadPoolExecutor$Worker.run(ThreadPoolExecutor.java:658)
	at org.apache.tomcat.util.threads.TaskThread$WrappingRunnable.run(TaskThread.java:63)
	at java.base/java.lang.Thread.run(Thread.java:1589)
2025-09-06T16:21:49.345+02:00 DEBUG 84692 --- [demo10] [io-8088-exec-10] o.s.w.s.m.m.a.HttpEntityMethodProcessor  : Using 'text/plain', given [*/*] and supported [text/plain, */*, application/json, application/*+json]
2025-09-06T16:21:49.345+02:00 DEBUG 84692 --- [demo10] [io-8088-exec-10] o.s.w.s.m.m.a.HttpEntityMethodProcessor  : Writing ["Internal Server Error: No static resource api/maintenance."]
2025-09-06T16:21:49.345+02:00 DEBUG 84692 --- [demo10] [io-8088-exec-10] .m.m.a.ExceptionHandlerExceptionResolver : Resolved [org.springframework.web.servlet.resource.NoResourceFoundException: No static resource api/maintenance.]
2025-09-06T16:21:49.345+02:00 DEBUG 84692 --- [demo10] [io-8088-exec-10] o.j.s.OpenEntityManagerInViewInterceptor : Closing JPA EntityManager in OpenEntityManagerInViewInterceptor
2025-09-06T16:21:49.345+02:00 DEBUG 84692 --- [demo10] [io-8088-exec-10] o.s.web.servlet.DispatcherServlet        : Completed 500 INTERNAL_SERVER_ERROR
[INFO] ------------------------------------------------------------------------
[INFO] BUILD FAILURE
[INFO] ------------------------------------------------------------------------
[INFO] Total time:  04:45 h
[INFO] Finished at: 2025-09-06T16:24:31+02:00
[INFO] ------------------------------------------------------------------------
[ERROR] Failed to execute goal org.springframework.boot:spring-boot-maven-plugin:3.5.3:run (default-cli) on project demo10: Process terminated with exit code: 137 -> [Help 1]
[ERROR] 
[ERROR] To see the full stack trace of the errors, re-run Maven with the -e switch.
[ERROR] Re-run Maven using the -X switch to enable full debug logging.
[ERROR] 
[ERROR] For more information about the errors and possible solutions, please read the following articles:
[ERROR] [Help 1] http://cwiki.apache.org/confluence/display/MAVEN/MojoExecutionException
